:0200000470008A
:10000000464346420004015600000000010303007D
:1000100000000000000000000000000000000000E0
:1000200000000000000000000000000000000000D0
:1000300000000000000000000000000000000000C0
:100040001000000001040800000000000000000093
:100050000000400000000000000000000000000060
:100060000000000000000000000000000000000090
:100070000000000000000000000000000000000080
:10008000EB04180A063204260000000000000000FD
:10009000050404240000000000000000000000002F
:1000A0000000000000000000000000000000000050
:1000B0000604000000000000000000000000000036
:1000C0000000000000000000000000000000000030
:1000D00020041808000000000000000000000000DC
:1000E0000000000000000000000000000000000010
:1000F0000000000000000000000000000000000000
:10010000D8041808000000000000000000000000F3
:100110000204180804200000000000000000000095
:1001200000000000000000000000000000000000CF
:10013000600400000000000000000000000000005B
:1001400000000000000000000000000000000000AF
:10015000000000000000000000000000000000009F
:10016000000000000000000000000000000000008F
:10017000000000000000000000000000000000007F
:10018000000000000000000000000000000000006F
:10019000000000000000000000000000000000005F
:1001A000000000000000000000000000000000004F
:1001B000000000000000000000000000000000003F
:1001C000000100000010000001000000000000001D
:1001D000000001000000000000000000000000001E
:1001E000000000000000000000000000000000000F
:1001F00000000000000000000000000000000000FF
:1002000000000000000000000000000000000000EE
:1002100000000000000000000000000000000000DE
:1002200000000000000000000000000000000000CE
:1002300000000000000000000000000000000000BE
:1002400000000000000000000000000000000000AE
:10025000000000000000000000000000000000009E
:10026000000000000000000000000000000000008E
:10027000000000000000000000000000000000007E
:10028000000000000000000000000000000000006E
:10029000000000000000000000000000000000005E
:1002A000000000000000000000000000000000004E
:1002B000000000000000000000000000000000003E
:1002C000000000000000000000000000000000002E
:1002D000000000000000000000000000000000001E
:1002E000000000000000000000000000000000000E
:1002F00000000000000000000000000000000000FE
:1003000000000000000000000000000000000000ED
:1003100000000000000000000000000000000000DD
:1003200000000000000000000000000000000000CD
:1003300000000000000000000000000000000000BD
:1003400000000000000000000000000000000000AD
:10035000000000000000000000000000000000009D
:10036000000000000000000000000000000000008D
:10037000000000000000000000000000000000007D
:10038000000000000000000000000000000000006D
:10039000000000000000000000000000000000005D
:1003A000000000000000000000000000000000004D
:1003B000000000000000000000000000000000003D
:1003C000000000000000000000000000000000002D
:1003D000000000000000000000000000000000001D
:1003E000000000000000000000000000000000000D
:1003F00000000000000000000000000000000000FD
:1004000000000000000000000000000000000000EC
:1004100000000000000000000000000000000000DC
:1004200000000000000000000000000000000000CC
:1004300000000000000000000000000000000000BC
:1004400000000000000000000000000000000000AC
:10045000000000000000000000000000000000009C
:10046000000000000000000000000000000000008C
:10047000000000000000000000000000000000007C
:10048000000000000000000000000000000000006C
:10049000000000000000000000000000000000005C
:1004A000000000000000000000000000000000004C
:1004B000000000000000000000000000000000003C
:1004C000000000000000000000000000000000002C
:1004D000000000000000000000000000000000001C
:1004E000000000000000000000000000000000000C
:1004F00000000000000000000000000000000000FC
:1005000000000000000000000000000000000000EB
:1005100000000000000000000000000000000000DB
:1005200000000000000000000000000000000000CB
:1005300000000000000000000000000000000000BB
:1005400000000000000000000000000000000000AB
:10055000000000000000000000000000000000009B
:10056000000000000000000000000000000000008B
:10057000000000000000000000000000000000007B
:10058000000000000000000000000000000000006B
:10059000000000000000000000000000000000005B
:1005A000000000000000000000000000000000004B
:1005B000000000000000000000000000000000003B
:1005C000000000000000000000000000000000002B
:1005D000000000000000000000000000000000001B
:1005E000000000000000000000000000000000000B
:1005F00000000000000000000000000000000000FB
:1006000000000000000000000000000000000000EA
:1006100000000000000000000000000000000000DA
:1006200000000000000000000000000000000000CA
:1006300000000000000000000000000000000000BA
:1006400000000000000000000000000000000000AA
:10065000000000000000000000000000000000009A
:10066000000000000000000000000000000000008A
:10067000000000000000000000000000000000007A
:10068000000000000000000000000000000000006A
:10069000000000000000000000000000000000005A
:1006A000000000000000000000000000000000004A
:1006B000000000000000000000000000000000003A
:1006C000000000000000000000000000000000002A
:1006D000000000000000000000000000000000001A
:1006E000000000000000000000000000000000000A
:1006F00000000000000000000000000000000000FA
:1007000000000000000000000000000000000000E9
:1007100000000000000000000000000000000000D9
:1007200000000000000000000000000000000000C9
:1007300000000000000000000000000000000000B9
:1007400000000000000000000000000000000000A9
:100750000000000000000000000000000000000099
:100760000000000000000000000000000000000089
:100770000000000000000000000000000000000079
:100780000000000000000000000000000000000069
:100790000000000000000000000000000000000059
:1007A0000000000000000000000000000000000049
:1007B0000000000000000000000000000000000039
:1007C0000000000000000000000000000000000029
:1007D0000000000000000000000000000000000019
:1007E0000000000000000000000000000000000009
:1007F00000000000000000000000000000000000F9
:1008000000000000000000000000000000000000E8
:1008100000000000000000000000000000000000D8
:1008200000000000000000000000000000000000C8
:1008300000000000000000000000000000000000B8
:1008400000000000000000000000000000000000A8
:100850000000000000000000000000000000000098
:100860000000000000000000000000000000000088
:100870000000000000000000000000000000000078
:100880000000000000000000000000000000000068
:100890000000000000000000000000000000000058
:1008A0000000000000000000000000000000000048
:1008B0000000000000000000000000000000000038
:1008C0000000000000000000000000000000000028
:1008D0000000000000000000000000000000000018
:1008E0000000000000000000000000000000000008
:1008F00000000000000000000000000000000000F8
:1009000000000000000000000000000000000000E7
:1009100000000000000000000000000000000000D7
:1009200000000000000000000000000000000000C7
:1009300000000000000000000000000000000000B7
:1009400000000000000000000000000000000000A7
:100950000000000000000000000000000000000097
:100960000000000000000000000000000000000087
:100970000000000000000000000000000000000077
:100980000000000000000000000000000000000067
:100990000000000000000000000000000000000057
:1009A0000000000000000000000000000000000047
:1009B0000000000000000000000000000000000037
:1009C0000000000000000000000000000000000027
:1009D0000000000000000000000000000000000017
:1009E0000000000000000000000000000000000007
:1009F00000000000000000000000000000000000F7
:100A000000000000000000000000000000000000E6
:100A100000000000000000000000000000000000D6
:100A200000000000000000000000000000000000C6
:100A300000000000000000000000000000000000B6
:100A400000000000000000000000000000000000A6
:100A50000000000000000000000000000000000096
:100A60000000000000000000000000000000000086
:100A70000000000000000000000000000000000076
:100A80000000000000000000000000000000000066
:100A90000000000000000000000000000000000056
:100AA0000000000000000000000000000000000046
:100AB0000000000000000000000000000000000036
:100AC0000000000000000000000000000000000026
:100AD0000000000000000000000000000000000016
:100AE0000000000000000000000000000000000006
:100AF00000000000000000000000000000000000F6
:100B000000000000000000000000000000000000E5
:100B100000000000000000000000000000000000D5
:100B200000000000000000000000000000000000C5
:100B300000000000000000000000000000000000B5
:100B400000000000000000000000000000000000A5
:100B50000000000000000000000000000000000095
:100B60000000000000000000000000000000000085
:100B70000000000000000000000000000000000075
:100B80000000000000000000000000000000000065
:100B90000000000000000000000000000000000055
:100BA0000000000000000000000000000000000045
:100BB0000000000000000000000000000000000035
:100BC0000000000000000000000000000000000025
:100BD0000000000000000000000000000000000015
:100BE0000000000000000000000000000000000005
:100BF00000000000000000000000000000000000F5
:100C000000000000000000000000000000000000E4
:100C100000000000000000000000000000000000D4
:100C200000000000000000000000000000000000C4
:100C300000000000000000000000000000000000B4
:100C400000000000000000000000000000000000A4
:100C50000000000000000000000000000000000094
:100C60000000000000000000000000000000000084
:100C70000000000000000000000000000000000074
:100C80000000000000000000000000000000000064
:100C90000000000000000000000000000000000054
:100CA0000000000000000000000000000000000044
:100CB0000000000000000000000000000000000034
:100CC0000000000000000000000000000000000024
:100CD0000000000000000000000000000000000014
:100CE0000000000000000000000000000000000004
:100CF00000000000000000000000000000000000F4
:100D000000000000000000000000000000000000E3
:100D100000000000000000000000000000000000D3
:100D200000000000000000000000000000000000C3
:100D300000000000000000000000000000000000B3
:100D400000000000000000000000000000000000A3
:100D50000000000000000000000000000000000093
:100D60000000000000000000000000000000000083
:100D70000000000000000000000000000000000073
:100D80000000000000000000000000000000000063
:100D90000000000000000000000000000000000053
:100DA0000000000000000000000000000000000043
:100DB0000000000000000000000000000000000033
:100DC0000000000000000000000000000000000023
:100DD0000000000000000000000000000000000013
:100DE0000000000000000000000000000000000003
:100DF00000000000000000000000000000000000F3
:100E000000000000000000000000000000000000E2
:100E100000000000000000000000000000000000D2
:100E200000000000000000000000000000000000C2
:100E300000000000000000000000000000000000B2
:100E400000000000000000000000000000000000A2
:100E50000000000000000000000000000000000092
:100E60000000000000000000000000000000000082
:100E70000000000000000000000000000000000072
:100E80000000000000000000000000000000000062
:100E90000000000000000000000000000000000052
:100EA0000000000000000000000000000000000042
:100EB0000000000000000000000000000000000032
:100EC0000000000000000000000000000000000022
:100ED0000000000000000000000000000000000012
:100EE0000000000000000000000000000000000002
:100EF00000000000000000000000000000000000F2
:100F000000000000000000000000000000000000E1
:100F100000000000000000000000000000000000D1
:100F200000000000000000000000000000000000C1
:100F300000000000000000000000000000000000B1
:100F400000000000000000000000000000000000A1
:100F50000000000000000000000000000000000091
:100F60000000000000000000000000000000000081
:100F70000000000000000000000000000000000071
:100F80000000000000000000000000000000000061
:100F90000000000000000000000000000000000051
:100FA0000000000000000000000000000000000041
:100FB0000000000000000000000000000000000031
:100FC0000000000000000000000000000000000021
:100FD0000000000000000000000000000000000011
:100FE0000000000000000000000000000000000001
:100FF00000000000000000000000000000000000F1
:10100000D10020410020007000000000301000706E
:1010100020100070001000700000000000000000B0
:10102000000000700000400000000000FFFFFFFF14
:10103000D2041041CC038C04400FC068FFFFFFFFB7
:10104000400FC06CFFFFFFFF400FC070FFFFFFFFAE
:10105000400FC074FFFFFFFF400FC078FFFFFFFF8E
:10106000400FC07CFFFFFFFF400FC080FFFFFFFF6E
:10107000400D803000002001400D8100101E101B2B
:10108000400FC01400010D40401F801400000000FC
:10109000401F801800000000401F801C000000005E
:1010A000401F802000000000401F8024000000003E
:1010B000401F802800000000401F802C000000001E
:1010C000401F803000000000401F803400000000FE
:1010D000401F803800000000401F803C00000000DE
:1010E000401F804000000000401F804400000000BE
:1010F000401F804800000000401F804C000000009E
:10110000401F805000000000401F8054000000007D
:10111000401F805800000000401F805C000000005D
:10112000401F806000000000401F8064000000003D
:10113000401F806800000000401F806C000000001D
:10114000401F807000000000401F807400000000FD
:10115000401F807800000000401F807C00000000DD
:10116000401F808000000000401F808400000000BD
:10117000401F808800000000401F808C000000009D
:10118000401F809000000000401F8094000000007D
:10119000401F809800000000401F809C000000005D
:1011A000401F80A000000000401F80A4000000003D
:1011B000401F80A800000000401F80AC000000001D
:1011C000401F80B000000010401F8204000110F991
:1011D000401F8208000110F9401F820C000110F925
:1011E000401F8210000110F9401F8214000110F905
:1011F000401F8218000110F9401F821C000110F9E5
:10120000401F8220000110F9401F8224000110F9C4
:10121000401F8228000110F9401F822C000110F9A4
:10122000401F8230000110F9401F8234000110F984
:10123000401F8238000110F9401F823C000110F964
:10124000401F8240000110F9401F8244000110F944
:10125000401F8248000110F9401F824C000110F924
:10126000401F8250000110F9401F8254000110F904
:10127000401F8258000110F9401F825C000110F9E4
:10128000401F8260000110F9401F8264000110F9C4
:10129000401F8268000110F9401F826C000110F9A4
:1012A000401F8270000110F9401F8274000110F984
:1012B000401F8278000110F9401F827C000110F964
:1012C000401F8280000110F9401F8284000110F944
:1012D000401F8288000110F9401F828C000110F924
:1012E000401F8290000110F9401F8294000110F904
:1012F000401F8298000110F9401F829C000110F9E4
:10130000401F82A0000110F9402F000010000004CF
:10131000402F000800000081402F000C00000081D9
:10132000402F00108000001B402F00148200001B83
:10133000402F00188400001B402F001C8600001B5B
:10134000402F002090000021402F0024A000001911
:10135000402F0028A8000017402F002CA900001BD8
:10136000402F003000000021402F0004000079A829
:10137000402F004000000F31402F0044006529221B
:10138000402F004800010920402F004C50210A083E
:10139000402F008000000021402F008400888888B2
:1013A000402F009400000002402F00980000000031
:1013B000402F009080000000402F009CA55A000F95
:1013C000CF000C1C402F003C00000001CC00140496
:1013D000402F009080000000402F009CA55A000C78
:1013E000CF000C1C402F003C00000001CC00140476
:1013F000402F009080000000402F009CA55A000C58
:10140000CF000C1C402F003C00000001CC001C044D
:10141000402F00A000000033402F0090800000000B
:10142000402F009CA55A000ACF000C1C402F003C06
:1014300000000001CC000C04402F004C50210A0990
:10144000000000000000000000000000000000009C
:10145000000000000000000000000000000000008C
:10146000000000000000000000000000000000007C
:10147000000000000000000000000000000000006C
:10148000000000000000000000000000000000005C
:10149000000000000000000000000000000000004C
:1014A000000000000000000000000000000000003C
:1014B000000000000000000000000000000000002C
:1014C000000000000000000000000000000000001C
:1014D000000000000000000000000000000000000C
:1014E00000000000000000000000000000000000FC
:1014F00000000000000000000000000000000000EC
:1015000000000000000000000000000000000000DB
:1015100000000000000000000000000000000000CB
:1015200000000000000000000000000000000000BB
:1015300000000000000000000000000000000000AB
:10154000000000000000000000000000000000009B
:10155000000000000000000000000000000000008B
:10156000000000000000000000000000000000007B
:10157000000000000000000000000000000000006B
:10158000000000000000000000000000000000005B
:10159000000000000000000000000000000000004B
:1015A000000000000000000000000000000000003B
:1015B000000000000000000000000000000000002B
:1015C000000000000000000000000000000000001B
:1015D000000000000000000000000000000000000B
:1015E00000000000000000000000000000000000FB
:1015F00000000000000000000000000000000000EB
:1016000000000000000000000000000000000000DA
:1016100000000000000000000000000000000000CA
:1016200000000000000000000000000000000000BA
:1016300000000000000000000000000000000000AA
:10164000000000000000000000000000000000009A
:10165000000000000000000000000000000000008A
:10166000000000000000000000000000000000007A
:10167000000000000000000000000000000000006A
:10168000000000000000000000000000000000005A
:10169000000000000000000000000000000000004A
:1016A000000000000000000000000000000000003A
:1016B000000000000000000000000000000000002A
:1016C000000000000000000000000000000000001A
:1016D000000000000000000000000000000000000A
:1016E00000000000000000000000000000000000FA
:1016F00000000000000000000000000000000000EA
:1017000000000000000000000000000000000000D9
:1017100000000000000000000000000000000000C9
:1017200000000000000000000000000000000000B9
:1017300000000000000000000000000000000000A9
:101740000000000000000000000000000000000099
:101750000000000000000000000000000000000089
:101760000000000000000000000000000000000079
:101770000000000000000000000000000000000069
:101780000000000000000000000000000000000059
:101790000000000000000000000000000000000049
:1017A0000000000000000000000000000000000039
:1017B0000000000000000000000000000000000029
:1017C0000000000000000000000000000000000019
:1017D0000000000000000000000000000000000009
:1017E00000000000000000000000000000000000F9
:1017F00000000000000000000000000000000000E9
:1018000000000000000000000000000000000000D8
:1018100000000000000000000000000000000000C8
:1018200000000000000000000000000000000000B8
:1018300000000000000000000000000000000000A8
:101840000000000000000000000000000000000098
:101850000000000000000000000000000000000088
:101860000000000000000000000000000000000078
:101870000000000000000000000000000000000068
:101880000000000000000000000000000000000058
:101890000000000000000000000000000000000048
:1018A0000000000000000000000000000000000038
:1018B0000000000000000000000000000000000028
:1018C0000000000000000000000000000000000018
:1018D0000000000000000000000000000000000008
:1018E00000000000000000000000000000000000F8
:1018F00000000000000000000000000000000000E8
:1019000000000000000000000000000000000000D7
:1019100000000000000000000000000000000000C7
:1019200000000000000000000000000000000000B7
:1019300000000000000000000000000000000000A7
:101940000000000000000000000000000000000097
:101950000000000000000000000000000000000087
:101960000000000000000000000000000000000077
:101970000000000000000000000000000000000067
:101980000000000000000000000000000000000057
:101990000000000000000000000000000000000047
:1019A0000000000000000000000000000000000037
:1019B0000000000000000000000000000000000027
:1019C0000000000000000000000000000000000017
:1019D0000000000000000000000000000000000007
:1019E00000000000000000000000000000000000F7
:1019F00000000000000000000000000000000000E7
:101A000000000000000000000000000000000000D6
:101A100000000000000000000000000000000000C6
:101A200000000000000000000000000000000000B6
:101A300000000000000000000000000000000000A6
:101A40000000000000000000000000000000000096
:101A50000000000000000000000000000000000086
:101A60000000000000000000000000000000000076
:101A70000000000000000000000000000000000066
:101A80000000000000000000000000000000000056
:101A90000000000000000000000000000000000046
:101AA0000000000000000000000000000000000036
:101AB0000000000000000000000000000000000026
:101AC0000000000000000000000000000000000016
:101AD0000000000000000000000000000000000006
:101AE00000000000000000000000000000000000F6
:101AF00000000000000000000000000000000000E6
:101B000000000000000000000000000000000000D5
:101B100000000000000000000000000000000000C5
:101B200000000000000000000000000000000000B5
:101B300000000000000000000000000000000000A5
:101B40000000000000000000000000000000000095
:101B50000000000000000000000000000000000085
:101B60000000000000000000000000000000000075
:101B70000000000000000000000000000000000065
:101B80000000000000000000000000000000000055
:101B90000000000000000000000000000000000045
:101BA0000000000000000000000000000000000035
:101BB0000000000000000000000000000000000025
:101BC0000000000000000000000000000000000015
:101BD0000000000000000000000000000000000005
:101BE00000000000000000000000000000000000F5
:101BF00000000000000000000000000000000000E5
:101C000000000000000000000000000000000000D4
:101C100000000000000000000000000000000000C4
:101C200000000000000000000000000000000000B4
:101C300000000000000000000000000000000000A4
:101C40000000000000000000000000000000000094
:101C50000000000000000000000000000000000084
:101C60000000000000000000000000000000000074
:101C70000000000000000000000000000000000064
:101C80000000000000000000000000000000000054
:101C90000000000000000000000000000000000044
:101CA0000000000000000000000000000000000034
:101CB0000000000000000000000000000000000024
:101CC0000000000000000000000000000000000014
:101CD0000000000000000000000000000000000004
:101CE00000000000000000000000000000000000F4
:101CF00000000000000000000000000000000000E4
:101D000000000000000000000000000000000000D3
:101D100000000000000000000000000000000000C3
:101D200000000000000000000000000000000000B3
:101D300000000000000000000000000000000000A3
:101D40000000000000000000000000000000000093
:101D50000000000000000000000000000000000083
:101D60000000000000000000000000000000000073
:101D70000000000000000000000000000000000063
:101D80000000000000000000000000000000000053
:101D90000000000000000000000000000000000043
:101DA0000000000000000000000000000000000033
:101DB0000000000000000000000000000000000023
:101DC0000000000000000000000000000000000013
:101DD0000000000000000000000000000000000003
:101DE00000000000000000000000000000000000F3
:101DF00000000000000000000000000000000000E3
:101E000000000000000000000000000000000000D2
:101E100000000000000000000000000000000000C2
:101E200000000000000000000000000000000000B2
:101E300000000000000000000000000000000000A2
:101E40000000000000000000000000000000000092
:101E50000000000000000000000000000000000082
:101E60000000000000000000000000000000000072
:101E70000000000000000000000000000000000062
:101E80000000000000000000000000000000000052
:101E90000000000000000000000000000000000042
:101EA0000000000000000000000000000000000032
:101EB0000000000000000000000000000000000022
:101EC0000000000000000000000000000000000012
:101ED0000000000000000000000000000000000002
:101EE00000000000000000000000000000000000F2
:101EF00000000000000000000000000000000000E2
:101F000000000000000000000000000000000000D1
:101F100000000000000000000000000000000000C1
:101F200000000000000000000000000000000000B1
:101F300000000000000000000000000000000000A1
:101F40000000000000000000000000000000000091
:101F50000000000000000000000000000000000081
:101F60000000000000000000000000000000000071
:101F70000000000000000000000000000000000061
:101F80000000000000000000000000000000000051
:101F90000000000000000000000000000000000041
:101FA0000000000000000000000000000000000031
:101FB0000000000000000000000000000000000021
:101FC0000000000000000000000000000000000011
:101FD0000000000000000000000000000000000001
:101FE00000000000000000000000000000000000F1
:101FF00000000000000000000000000000000000E1
:10200000000007201524007019730080A955008076
:102010001173008001140080C19200800000000054
:102020000000000000000000000000007188008037
:1020300051470080000000009183008091240070CF
:1020400095240070992400709D240070A1240070D4
:10205000A5240070A9240070AD240070B124007084
:10206000B5240070B9240070BD240070C124007034
:10207000C5240070C9240070CD240070D1240070E4
:10208000D52400707D2400707D2400707D240070B4
:102090000169008059690080B1690080096A008087
:1020A000696A0080C96A0080F1240070496B008071
:1020B000F9240070FD2400700125007005250070D2
:1020C000092500700D250070112500701525007080
:1020D000192500701D2500707D2400707D2400707E
:1020E0007D2400707D2400707D240070B92B008059
:1020F0007D2400707D2400707D2400707D2400709C
:102100007D2400707D2400707D2400707D2400708B
:102110007D2400707D2400707D2400707D2400707B
:102120002125007025250070292500702D250070BF
:10213000312500707D2400707D2400707D240070A6
:102140007D2400707D2400707D2400707D2400704B
:102150007D2400707D2400707D2400707D2400703B
:102160007D2400707D2400707D2400707D2400702B
:102170007D2400707D2400707D2400707D2400701B
:10218000114D0080414D0080814D0080B94D00808F
:10219000F94D00807D2400707D2400707D24007046
:1021A0007D2400707D240070352500703925007075
:1021B0007D2400707D2400707D2400707D240070DB
:1021C0007D2400707D2400707D2400707D240070CB
:1021D0007D2400707D2400707D2400707D240070BB
:1021E0007D2400707D2400707D2400703D250070EA
:1021F000412500707D240070452500704925007040
:1022000059920080419200804D2500705125007048
:102210007D2400707D2400707D2400707D2400707A
:102220007D2400707D240070417400807D24007046
:102230007D2400707D2400707D2400707D2400705A
:102240007D2400707D2400707D2400707D2400704A
:102250007D2400707D2400707D2400707D2400703A
:102260007D2400707D2400707D2400707D2400702A
:102270007D2400707D2400707D2400707D2400701A
:102280007D2400707D2400707D2400707D2400700A
:102290007D2400707D2400707D2400707D240070FA
:1022A00055250070592500705D2500707D24007053
:1022B000612500707D2400707D2400707D240070F5
:1022C0007D2400707D2400707D2400707D240070CA
:1022D0007D2400707D2400707D2400707D240070BA
:1022E0007D2400707D2400707D2400707D240070AA
:1022F0007D2400707D2400707D2400707D2400709A
:102300007D2400707D2400707D2400707D24007089
:102310007D2400707D2400707D2400707D24007079
:102320007D2400707D2400707D2400707D24007069
:102330007D2400707D2400707D2400707D24007059
:102340007D2400707D2400707D2400707D24007049
:102350007D2400707D2400707D2400707D24007039
:102360007D2400707D2400707D2400707D24007029
:102370007D2400707D2400707D2400707D24007019
:102380007D2400707D2400707D2400707D24007009
:102390007D2400707D2400707D2400707D240070F9
:1023A0007D2400707D2400707D2400707D240070E9
:1023B0007D2400707D2400707D2400707D240070D9
:1023C0007D2400707D2400707D2400707D240070C9
:1023D0007D2400707D2400707D2400707D240070B9
:1023E0007D2400707D2400707D2400707D240070A9
:1023F0007D2400707D2400707D240070FFFFFFFFAE
:10240000DFF80CD000F020F90048004711F70080F9
:10241000000007201148124901601248016841F08C
:102420000401016010480168C0F200014FF007028A
:102430004FF00A034FEA02424FEA035342EA030114
:10244000016072B609480A4901600A6882F3088887
:102450000848804762B608480047000044C00A4068
:10246000AFAAAAAA40C00A4038C00A4008ED00E05E
:10247000002000707926007001240070FFF7FEBF75
:102480003848004738480047384800473848004730
:102490003848004738480047384800473848004720
:1024A0003848004738480047384800473848004710
:1024B0003848004738480047384800473848004700
:1024C00038480047384800473848004738480047F0
:1024D00038480047384800473848004738480047E0
:1024E00038480047384800473848004738480047D0
:1024F00038480047384800473848004738480047C0
:1025000038480047384800473848004738480047AF
:10251000384800473848004738480047384800479F
:10252000384800473848004738480047384800478F
:10253000384800473848004738480047384800477F
:10254000384800473848004738480047384800476F
:10255000384800473848004738480047384800475F
:102560003848004719730080A955008071880080A1
:10257000918300809124007061320080C934008012
:102580002135008079350080D135008029360080E2
:1025900081360080D936008031370080893700804D
:1025A000B93200801133008069330080C13300806C
:1025B00019340080713400807D240070D968008057
:1025C0003169008089690080E1690080416A00808A
:1025D000A16A0080F96A0080216B0080115600809A
:1025E000215600803956008051560080E9560080FF
:1025F0003157008079570080C1570080091400804E
:1026000059140080B185008049860080E1860080F1
:1026100031870080F1870080894C0080914C0080D8
:102620007D2400707D24007071920080999200805A
:10263000214B0080E9490080D1490080B9490080E0
:10264000A9140080994C00801CB5094800900948E5
:1026500001900546009C06E0E06840F0010394E824
:10266000070098471034AC42F6D3FFF7CDFE0000C8
:10267000402800707028007080B584B04EF68851F4
:10268000CEF20001086840F4700008604FF48060EA
:1026900001904FF00040039042F20000C7F20000AA
:1026A0000290019880080090FFE70098411E009179
:1026B00040B1FFE70298009A50F82200039941F8D0
:1026C0002200F2E703984EF60851CEF200010860AE
:1026D00048F20801C4F20B01088820F001000880CC
:1026E0000821C4F20D01088820F00100088048F29A
:1026F0000000C4F20B0000884007002809D5FFE75E
:1027000048F20001C4F20B01088820F004000880A0
:10271000FFE70020C4F20D0000884007002808D51C
:10272000FFE70021C4F20D01088820F004000880B2
:10273000FFE74CF20000C4F20B00006880040028A0
:102740000AD5FFE74CF20401C4F20B014CF2205011
:10275000CDF6281008600AE04CF20401C4F20B0127
:102760004CF2205008604DF628100860FFE74CF24C
:102770000801C4F20B014FF6FF7008604CF2000133
:10278000C4F20B01086840F0200020F080000860CF
:102790004EF21000CEF200000068C00748B1FFE71B
:1027A0004EF21001CEF20001086820F0010008602E
:1027B000FFE74EF61450CEF20000006800F400303F
:1027C000B0F5003F26D0FFE74EF61450CEF20000E1
:1027D00000688003002801D5FFE71AE0BFF34F8FA0
:1027E000BFF36F8F4EF65071CEF2000100200860EB
:1027F000BFF34F8FBFF36F8F4EF61451CEF200012F
:10280000086840F400300860BFF34F8FBFF36F8F4C
:10281000FFE7FFE700F004F804B080BD000000000F
:10282000704702E008C8121F08C1002AFAD1704799
:102830007047002001E001C1121F002AFBD1704740
:1028400070280070000400802CC001002228007055
:10285000C0E801700000002040010000A60A0080CE
:1028600080E9017040010020D8700100322800701A
:102870002DE9F05F0546002092469B4688460646B5
:10288000814640241BE0284641464746224600F048
:10289000F3F853465A46C01A914110D311461846D0
:1028A000224600F0DAF82D1A67EB01084F4622465F
:1028B0000120002100F0D1F817EB00094E41201E45
:1028C000A4F10104DFDC484631462A464346BDE810
:1028D000F09F2DE9F0410024061B254671F100060A
:1028E00005DA01240027D0EB070067EB0101161E73
:1028F00073F1000605DA0027D2EB0702012567EB2A
:102900000303FFF7B5FF86460E4617469C46AC42CA
:1029100004D00025D0EB050E65EB010624B10020A4
:10292000D2EB000760EB030C704631463A46634633
:10293000BDE8F081002800DA4042704710B540EA57
:1029400001040346A40703D009E010C9121F10C3F5
:10295000042AFAD203E011F8014B03F8014B521E8E
:10296000F9D210BDD2B201E000F8012B491EFBD212
:1029700070470022F6E710B513460A46044619468A
:10298000FFF7F0FF204610BD30B505462A460B463E
:1029900012F8010B13F8014B08B1A042F8D01CB19A
:1029A000002802D06D1CF1E7284630BD421C10F80B
:1029B000011B0029FBD1801A704710B5002200E0EE
:1029C000521C835C8C5CA34201D1002BF8D1D8B29D
:1029D000E1B2401A10BD30B504460020034600E0C5
:1029E0005B1C934203D2E05CCD5C401BF8D030BD51
:1029F00030B505460020034600E05B1C934205D23B
:102A0000EC5CC85C201A01D1002CF6D130BD10B5A9
:102A100008E00A4602E0A34208D0521C1378002BBB
:102A2000F9D1401C0478002CF3D1002010BD30B542
:102A30000B46014600202022012409E021FA02F57C
:102A40009D4205D303FA02F5491B04FA02F5284416
:102A5000151EA2F10102F1DC30BD202A04DB203A70
:102A600000FA02F1002070479140C2F1200320FAE1
:102A700003F3194390407047202A04DB203A21FADF
:102A800002F00021704721FA02F3D040C2F1200287
:102A900091400843194670472DE9FE4F804681EA70
:102AA0000300C00F0C46009021F0004123F00045C8
:102AB000B8EB0200A94105D24046214690461C468B
:102AC0000B46024623F00040104347D0270DC7F3C2
:102AD0000A00C3F30A510290401A019040286BDAB1
:102AE000C3F3130040F4801B0098924620B10023EA
:102AF000D2EB030A63EB0B0B01985946C0F140027D
:102B00005046FFF7AAFF06460D4650465946019A21
:102B100000F092F910EB08006141002487EA11529D
:102B200084EAE7731A4340D0009A62B3019A012AFB
:102B30004FEA075215DC001B61EB02014FF0004227
:102B400002EA0752CDE90042001C41F580113246ED
:102B50002B4600F092F903B0BDE8F08F40462146C5
:102B6000F9E7001B61EB0201001C41F5801300181E
:102B70005B412018A2F5001747EB030140EAD5702E
:102B8000B6196D4111E06D084FEA360645EAC07589
:102B90004FEA0752001B61EB0201001C41F5801156
:102BA00049084FEA30000019514132462B4603B024
:102BB000BDE8F04F00F052B9009801224000002318
:102BC000D0EB020263EBE073009821464FEAE07419
:102BD000B8EB000061EB0401E9E783F000435BE739
:102BE00081F0004158E72DE9FE4F81EA030404F02B
:102BF000004421F0004100944FF0000B23F000430B
:102C000050EA01045ED052EA03045BD0C3F30A54D5
:102C1000C1F30A552C44A4F2F3340194A0FB0254EE
:102C2000C1F3130141F48011C3F3130343F4801380
:102C300001FB024400FB034E840A970A44EA8154D4
:102C400047EA8357A4FB076802958D0A05FB0785B1
:102C50004FEA932C04FB0C542705029D4FEA0658BB
:102C600047EA1637B5EB08056EEB070C870E920E98
:102C700047EA811742EA8312A7FB0201B6EB0B0178
:102C800064EB00042B0D43EA0C335E1844EB1C503C
:102C9000DA465146E7FB0201C5F313044FEA0B3352
:102CA00043EA14534FEA0432019C43EA0603A4F1B9
:102CB0000C040294009CCDE900B400F0DEF803B0EF
:102CC000BDE8F08F00200146F9E72DE9F04D81EADB
:102CD000030404F0004B21F0004514464FF0000AB5
:102CE00023F0004150EA050220D054EA01021DD031
:102CF000C5F30A570246C5F31303C1F31300C1F32A
:102D00000A5640F4801543F48013A7EB0608101B05
:102D1000D64608F2FD3873EB050002D308F101082E
:102D200001E092185B41B8F1000F03DA0020014680
:102D3000BDE8F08D00204FF48011064684460EE079
:102D4000171B73EB050705D3121B63EB0503064343
:102D50004CEA010C49084FEA300092185B4150EAF6
:102D60000107EDD152EA030012D082EA040083EA9F
:102D70000501084305D0101BAB4106D201220023F8
:102D800006E000224FF0004302E06FF00102531012
:102D90001AEB06004CEB085110EB0A0041EB0B015B
:102DA000BDE8F04D00F05AB870B521F00043034380
:102DB0000CD0C1F30A550024D5EB040564EB0403E1
:102DC000D617AD1AB34102DB0020014670BD2018B2
:102DD00041EB025170BDC1F30A52C1F3130140F23D
:102DE000FF3341F480119A4202DA00200146704715
:102DF00040F233439A42A2F2334202DC5242FFF7DE
:102E00003BBEFFF72ABE000030B5041E71F100047E
:102E100004DB4FF00044404264EB0101141E73F1E7
:102E2000000405DB1C464FF00043524263EB0403F1
:102E3000994208BF904230BD202A06DBCB17203ACA
:102E400041FA02F043EAE07306E041FA02F3D040AF
:102E5000C2F12002914008431946704710B5141E74
:102E600073F1000408DA401C41F1000192185B4143
:102E70001A4301D120F0010010BD2DE9F04D92461A
:102E80009B4611B1B1FA81F202E0B0FA80F2203231
:102E90009046FFF7E2FD04460F4640EA0A0041EA89
:102EA0000B0153465A46084313D0114653EA01001A
:102EB00019D0C8F140025046FFF7DEFD05460E4628
:102EC000504659464246FFF7C8FD084305D0012049
:102ED00004E020463946BDE8F08D0020054346EA6F
:102EE000E0762C4337430A986305E40AA0EB080018
:102EF0000022FD0A44EA47540A3002D50020014668
:102F0000E9E7010510196941DDE908450019694142
:102F1000BDE8F04DA2E770B58C1810F8015B15F014
:102F2000070301D110F8013B2A1106D110F8012B3B
:102F300003E010F8016B01F8016B5B1EF9D12B0760
:102F400005D40023521E0DD401F8013BFAE710F816
:102F5000013BCB1A921C03E013F8015B01F8015B03
:102F6000521EF9D5A142D8D3002070BD0000000048
:102F7000BFF35F8F4EF62451CEF20001086820F4B3
:102F8000803008604EF69451CEF20001086820F0BF
:102F9000010008607047000081B00090009840F088
:102FA00001004EF69451CEF2000108604EF6245115
:102FB000CEF20001086840F480300860BFF34F8F04
:102FC000BFF36F8F01B0704780B58AB04FF40040F7
:102FD00001F0EAFE48F2C021C4F20D01086840F495
:102FE00080300860086820F40030086043F2006018
:102FF000C0F26E1001F0E4FE002001F091FC01F03F
:10300000D3FC0120099001F0E7FE09994CF200027F
:10301000C4F20F0210687F2363F30700106046F6C6
:103020001840C8F2000001F057FE099943F6141049
:10303000C1F2004001F050FE0C21C4F20801086802
:10304000132262F304000860FFE70020C4F20800C6
:10305000006800F00040B0F1004F01D0FFE7F4E756
:1030600049F60040C8F2010001F026FC00F050FED5
:1030700048F20000C4F20D0002900D21C0F2700170
:103080000122079201F070FE48F27011C4F20D01A6
:103090000191086820F400400860086820F40000EE
:1030A000086048F27001C4F20D01086840F4005055
:1030B000086000F045FE019A48F2A001C4F20D013B
:1030C000086840F480300860106820F040401060CC
:1030D000086840F40050086000F022FE0298079A49
:1030E0000D21C0F2E00101F03FFE079A48F2E00135
:1030F000C4F20D01086862F301000860086840F43A
:1031000000500860086820F00C000860086840F46F
:1031100080100860086840F40010086000F008FEA5
:103120000298079A0D21C0F2200101F01DFE48F21D
:103130002001C4F20D01086840F4005008604EF60A
:103140001420C0F200400021069101F0EDFC4FF484
:10315000887000F039FE4FF4847000F035FE40F2C4
:10316000162000F031FE4FF4067000F02DFE46F6FA
:103170001400C8F200000321059101F0D5FC079965
:103180004EF21000C4F2000001F0CEFC059947F2A7
:103190001820C8F2000001F09FFD069943F61410B4
:1031A000C1F2004001F098FD06994FF61430C8F2C4
:1031B000000001F0B9FC069946F61840C8F200007C
:1031C00001F08AFD4FF48A7000F0FEFD4FF48B7021
:1031D00000F0FAFD182000F0F7FD1A2000F0F4FDD1
:1031E0004FF4867000F0F0FD07994EF21C00C8F213
:1031F000070001F099FC069942F21C60C8F2000039
:1032000001F06AFD40F2026000F0DEFD07994EF623
:103210002430C8F2000001F087FC069943F21C003C
:10322000C8F2000001F058FD40F2046000F0CCFD4F
:1032300007994FF22400C8F2000001F075FC0699CE
:1032400043F21C10C8F2000001F046FD40F20A6093
:1032500000F0BAFD06994FF21C70C8F2000001F0B0
:1032600063FC059947F61C50C8F2000001F034FDDC
:1032700040F2022000F0A8FD07994EF63C30C8F25B
:10328000000001F051FC069946F63C10C8F200001F
:1032900001F022FD4FF4807000F096FD4FF4817034
:1032A00000F092FD4FF4827000F08EFD4FF48370B9
:1032B00000F08AFD4FF61820C8F20000042101F04A
:1032C00033FC46F21840C8F200000221039101F0DD
:1032D00003FD162000F078FD039947F62410C8F28C
:1032E000000001F021FC039946F61860C8F20000C6
:1032F00001F0F2FC40F2125000F066FD05994EF22A
:103300002860C8F2000001F00FFC07994EF2280077
:10331000C8F2070001F008FC069946F61C20C8F226
:10332000000001F0D9FC40F2145000F04DFD059969
:103330004EF22C60C8F2000001F0F6FB07994EF245
:103340002C00C8F2070001F0EFFB069946F61C407E
:10335000C8F2000001F0C0FC40F2165000F034FD4D
:1033600005994FF22860C8F2000001F0DDFB0799D3
:103370004FF22800C8F2070001F0D6FB069946F686
:103380001C60C8F2000001F0A7FC40F2062000F02B
:103390001BFD4FF4027000F017FD40F20A2000F010
:1033A00013FD06994FF23830C8F2070001F0BCFB5C
:1033B000069943F23820C8F2000001F08DFC0E207F
:1033C00000F002FD1220089000F0FEFC40F20670B2
:1033D00000F0FAFC102000F0F7FC142000F0F4FCE0
:1033E0004FF4E16000F0F0FC07994EF22020C8F2A3
:1033F000070001F099FB039946F62000C8F200008F
:1034000001F06AFC4FF4A36000F0DEFC1C2000F029
:10341000DBFC0C2000F0D8FC4FF48C7000F0D4FCE6
:1034200040F2023000F0D0FC40F2063000F0CCFC5C
:1034300040F21A5000F0C8FC40F20E6000F0C4FCEC
:1034400006994EF22400C8F2070001F06DFB0699C0
:1034500042F22460C8F2000001F03EFC40F20A3063
:1034600000F0B2FC07994EF63840C8F2000001F0B7
:103470005BFB05994FF21870C8F2000001F054FB95
:103480004EF63870C8F20000052101F025FC40F22C
:103490000E5000F099FC07994FF63010C8F200006A
:1034A00001F042FB4FF23060C8F2000007210491A6
:1034B00001F03AFB059947F23040C8F2000001F0F4
:1034C0000BFC40F2025000F07FFC07994EF63040B2
:1034D000C8F2000001F028FB04994EF63010C8F243
:1034E000000001F021FB059946F23070C8F200009F
:1034F00001F0F2FB4FF4407000F066FC07994EF6C5
:103500002810C8F2000001F00FFB07994FF62810B1
:10351000C8F2000001F008FB059947F22030C8F21C
:10352000000001F0D9FB069942F20C00C8F200003D
:1035300001F0D2FB079B089A48F26011C4F20D011A
:10354000086820F01F0008604CF26001C4F20F010F
:10355000086820F070000860086863F303000860E2
:10356000086820F460000860086862F3144008608E
:10357000086820F480700860086820F08000086007
:10358000086820F08070086040F24401C2F2000137
:1035900044F20060C2F2C33008600AB080BD00008F
:1035A00080B588B04EF61450CEF20000006880035B
:1035B000002817D5FFE7BFF34F8FBFF36F8F4EF68D
:1035C0001451CEF20001086820F4003008604EF675
:1035D0005071CEF2000100200860BFF34F8FBFF39F
:1035E0006F8FFFE74EF61450CEF200000068C00364
:1035F00000283DD5FFE74EF68451CEF200010020B1
:103600000860BFF34F8F4EF61451CEF200010868E8
:1036100020F480300860BFF34F8F4EF68050CEF21A
:103620000000006804900498C0F34E300390FFE758
:103630000498C0F3C9000290FFE70399029880073D
:1036400061F34D104EF67471CEF2000108600298DD
:10365000411E02910028F0D1FFE70398411E03911B
:103660000028E5D1FFE7BFF34F8FBFF36F8FFFE770
:10367000FFF77EFC4EF69C52CEF200020092102024
:10368000CCF2000010604EF6A051CEF20001019184
:103690003920C0F2103008601120C8F2000010601C
:1036A0003B20C0F2103008601223C7F20003136001
:1036B0002B23C0F203630B601323136008601420F4
:1036C00010601F20C0F2033008601520C2F2000015
:1036D00010602520C0F2033008601623C2F22003D8
:1036E000136008601720C2F2280010600920C0F2A1
:1036F000033008601820C8F2000010603120C0F2CA
:10370000033008601920C8F2E01010602920C0F2D0
:10371000083008600420FFF73FFC4EF61450CEF24C
:1037200000000068C003002801D5FFE73CE04EF62A
:103730008451CEF2000100200860BFF34F8F4EF697
:103740008050CEF20000006807900798C0F34E301A
:103750000690FFE70798C0F3C9000590FFE70699B8
:103760000598800761F34D104EF66071CEF20001AE
:1037700008600598411E05910028F0D1FFE70698E2
:10378000411E06910028E5D1FFE7BFF34F8F4EF6AB
:103790001451CEF20001086840F480300860BFF395
:1037A0004F8FBFF36F8FFFE74EF61450CEF200003D
:1037B00000688003002801D5FFE71AE0BFF34F8FB0
:1037C000BFF36F8F4EF65071CEF2000100200860FB
:1037D000BFF34F8FBFF36F8F4EF61451CEF200013F
:1037E000086840F400300860BFF34F8FBFF36F8F5D
:1037F000FFE708B080BD000080B584B042F22460CD
:10380000C8F2000000F038FCD0B9FFE70D20C0F28C
:10381000100000F049FD4AF6AB21CAF6AA21A0FB30
:103820000110800802904EF22400C8F2070000F058
:1038300047FB014602980131B0FBF1F003900FE025
:1038400000F04AFC01904EF22400C8F2070000F09C
:1038500037FB014601980131B0FBF1F00390FFE71F
:10386000039804B080BD000080B5FFF7ADFB80BDBC
:10387000FFE7FEE70000000080B541F24410C2F20D
:103880000100406808B1FFE70BE04BF6F020C8F2FA
:1038900001004BF64131C8F2010141F2AD1208F0CE
:1038A000CBF841F24410C2F20100416840F2CC0072
:1038B000C2F2000002680020C4F21D009047BFF36E
:1038C0004F8F80BD0000000080B541F24410C2F26D
:1038D0000100806808B1FFE70BE04BF60B30C8F23F
:1038E00001004BF64131C8F2010141F2B81208F073
:1038F000A3F841F24410C2F20100816840F2CC000A
:10390000C2F20000026844F20000C4F21D009047B9
:10391000BFF34F8F80BD000080B541F24410C2F26A
:103920000100C06808B1FFE70BE04BF62630C8F293
:1039300001004BF64131C8F2010141F2C31208F017
:103940007BF841F24410C2F20100C16840F2CC00A1
:10395000C2F20000026848F20000C4F21D00904765
:10396000BFF34F8F80BD000080B584B0ADF80E006E
:103970008DF80D10BDF90E00000A0290BDF80E0082
:1039800000F01F0001900298072801D8FFE70BE024
:103990004BF27E00C8F201004AF65721C8F201013D
:1039A00040F2DF5208F048F802994CF26800C4F285
:1039B0000F0000EB810000900098019B03219940CB
:1039C0009DF80D209A4007F0B7FE04B080BD0000BE
:1039D00080B584B0ADF80E008DF80D10BDF90E0065
:1039E000000A0290BDF80E0000F01F00019002983E
:1039F000072801D8FFE70BE04BF27E00C8F2010078
:103A00004AF65721C8F2010140F2DF5208F014F8DB
:103A100002994CF26800C4F20F0000EB81000090A4
:103A20000098019B032199409DF80D209A4007F0D2
:103A30009FFE04B080BD000080B584B0ADF80E00DC
:103A40008DF80D10BDF90E00000A0290BDF80E00B1
:103A500000F01F0001900298072801D8FFE70BE053
:103A60004BF27E00C8F201004AF65721C8F201016C
:103A700040F2DF5207F0E0FF02994CF26800C4F216
:103A80000F0000EB810000900098019B03219940FA
:103A90009DF80D209A4007F087FE04B080BD00001D
:103AA00080B584B0ADF80E008DF80D10BDF90E0094
:103AB000000A0290BDF80E0000F01F00019002986D
:103AC000072801D8FFE70BE04BF27E00C8F20100A7
:103AD0004AF65721C8F2010140F2DF5207F0ACFF6D
:103AE00002994CF26800C4F20F0000EB81000090D4
:103AF0000098019B032199409DF80D209A4007F002
:103B00006FFE04B080BD000080B584B0ADF80E003B
:103B10008DF80D10BDF90E00000A0290BDF80E00E0
:103B200000F01F0001900298072801D8FFE70BE082
:103B30004BF27E00C8F201004AF65721C8F201019B
:103B400040F2DF5207F078FF02994CF26800C4F2AD
:103B50000F0000EB810000900098019B0321994029
:103B60009DF80D209A4007F057FE04B080BD00007C
:103B700080B584B0ADF80E008DF80D10BDF90E00C3
:103B8000000A0290BDF80E0000F01F00019002989C
:103B9000072801D8FFE70BE04BF27E00C8F20100D6
:103BA0004AF65721C8F2010140F2DF5207F044FF04
:103BB00002994CF26800C4F20F0000EB8100009003
:103BC0000098019B032199409DF80D209A4007F031
:103BD0003FFE04B080BD000080B584B0ADF80E009B
:103BE0008DF80D10BDF90E00000A0290BDF80E0010
:103BF00000F01F0001900298072801D8FFE70BE0B2
:103C00004BF27E00C8F201004AF65721C8F20101CA
:103C100040F2DF5207F010FF02994CF26800C4F244
:103C20000F0000EB810000900098019B0321994058
:103C30009DF80D209A4007F027FE04B080BD0000DB
:103C400080B584B0ADF80E008DF80D10BDF90E00F2
:103C5000000A0290BDF80E0000F01F0001900298CB
:103C6000072801D8FFE70BE04BF27E00C8F2010005
:103C70004AF65721C8F2010140F2DF5207F0DCFE9C
:103C800002994CF26800C4F20F0000EB8100009032
:103C90000098019B032199409DF80D209A4007F060
:103CA0000FFE04B080BD000080B584B0ADF80E00FA
:103CB0008DF80D10BDF90E00000A0290BDF80E003F
:103CC00000F01F0001900298072801D8FFE70BE0E1
:103CD0004BF27E00C8F201004AF65521C8F20101FC
:103CE00040F2DF5207F0A8FE02994CF26800C4F2DD
:103CF0000F0000EB810000900098019B0321994088
:103D00009DF80D209A4007F0F7FD04B080BD00003B
:103D100048F27001C4F20D014FF480500860704702
:103D200048F2E001C4F20D014FF480500860704782
:103D300048F22001C4F20D01002008607047000025
:103D400048F2A001C4F20D014FF4805008607047A2
:103D500080B582B0ADF80600BDF906000021FFF77E
:103D60006BFE02B080BD000080B582B0ADF80600E9
:103D7000BDF906000021FFF7C7FE02B080BD0000BC
:103D800080B582B0ADF80600BDF906000021FFF74E
:103D9000EFFE02B080BD000080B582B0ADF8060035
:103DA000BDF906000021FFF717FF02B080BD00003B
:103DB00080B582B0ADF80600BDF906000021FFF71E
:103DC0003FFF02B080BD000080B582B0ADF80600B4
:103DD000BDF906000021FFF767FF02B080BD0000BB
:103DE00080B582B0ADF80600BDF906000321FFF7EB
:103DF000BBFD02B080BD000080B582B0ADF806000A
:103E0000BDF906000321FFF7E3FD02B080BD00000D
:103E100080B582B0ADF80600BDF906000321FFF7BA
:103E20000BFE02B080BD000080B582B0ADF8060088
:103E3000BDF906000321FFF733FE02B080BD00008C
:103E400080B582B0ADF80600BDF906000321FFF78A
:103E50005BFE02B080BD000080B582B0ADF8060008
:103E6000BDF906000321FFF783FE02B080BD00000C
:103E700080B582B0ADF80600BDF906000321FFF75A
:103E8000ABFE02B080BD000080B582B0ADF8060088
:103E9000BDF906000321FFF7D3FE02B080BD00008C
:103EA00080B500F059F94CF21401C4F20F01096811
:103EB00001F4E052012101EB9221B0FBF1F080BD51
:103EC00081B00090009840F6C071C0F2400161F3EB
:103ED0001F2000680099C1F34C32C1F304218A40CD
:103EE0001040C84001B0704780B584B08DF80F0015
:103EF0009DF80F00014601911B2800F2A78001994F
:103F0000DFE801F00E0E12161A1E22262B32373C65
:103F1000415F666D72777C81888F969D464A4F54CB
:103F2000FFF7BEFF029094E000F0F2FB029090E0F9
:103F300000F092F802908CE000F0EAF8029088E03D
:103F400000F0AEF8029084E000F0DEFB029080E02A
:103F50000D2000F0A9F902907BE00D20C0F21000C6
:103F600000F0A2F9029074E0002000F055FC0290ED
:103F70006FE0012000F050FC02906AE0022000F0A7
:103F80004BFC029065E0032000F046FC029060E0EC
:103F900000F096FB02905CE000F092FB800802903B
:103FA00057E000F08DFBC008029052E000F088FB63
:103FB0004AF6AB21CAF6AA21A0FB011080080290A4
:103FC00047E00D20C0F2200000F06EF9029040E0C2
:103FD0000D20C0F2300000F067F9029039E00020B7
:103FE00000F0CAFB029034E0012000F0C5FB029013
:103FF0002FE0022000F0C0FB02902AE0032000F036
:10400000BBFB029025E00D20C0F2E00000F04CF96F
:1040100002901EE01420C0F2E00000F045F902908A
:1040200017E01520C0F2E00000F03EF9029010E029
:104030000D20C0F2700000F037F9029009E00D2069
:10404000C0F2A00000F030F9029002E000200290DF
:10405000FFE7029804B080BD80B5FFF721FF4CF266
:104060001401C4F20F01096801F44072012101EB4F
:104070001221B0FBF1F080BD81B00090009840F6B5
:10408000C071C0F2400161F31F2000680099C1F3C4
:104090004C32C1F304218A401040C84001B070473F
:1040A00081B048F27020C4F20D000068C0060028FC
:1040B00006D5FFE743F20060C0F26E10009006E004
:1040C0004BF22440C2F2000000680090FFE7009825
:1040D00001B070470000000081B048F27020C4F2C7
:1040E0000D000068C006002806D5FFE743F2006017
:1040F000C0F26E10009006E04BF22440C2F20000C5
:1041000000680090FFE7009801B0704700000000D1
:1041100080B582B04CF21C00C4F20F00006840066B
:10412000002804D5FFE7FFF7BBFF019003E0FFF78E
:1041300093FF0190FFE74CF21C00C4F20F000068EF
:1041400000F03F00411C0198B0FBF1F00190019894
:1041500002B080BD0000000080B584B04CF21400B5
:10416000C4F20F000068800100283FD5FFE74CF241
:104170001800C4F20F00006800F44050014602919C
:1041800078B1FFE70298B0F5805F11D0FFE70298A1
:10419000B0F5005F10D0FFE70298B0F5405F12D095
:1041A00012E00D20C0F2100000F07EF803900EE047
:1041B000FFF776FF03900AE00D20C0F2300000F018
:1041C00073F8039003E0FFE700200390FFE74CF251
:1041D0001400C4F20F00006800F06051012000EBF1
:1041E000D1610398B0FBF1F003903DE04CF2180070
:1041F000C4F20F00006800F440200146019178B13C
:10420000FFE70198B0F5802F11D0FFE70198B0F5D6
:10421000002F11D0FFE70198B0F5402F11D01FE01B
:104220000D20C0F2300000F03FF803901BE00220A8
:1042300000F0A2FA039016E0002000F09DFA03902F
:1042400011E00D2000F030F84CF21001C4F20F0123
:10425000096801F007010131B0FBF1F0039002E0C1
:1042600000200390FFE7FFE7039804B080BD000043
:1042700080B584B0039002910398BDF80A106FF3E3
:104280001F31405881B20020B0EB913F04D1FFE7CD
:10429000FFF706FF019002E000200190FFE7019880
:1042A00004B080BD0000000080B58CB00A900A996F
:1042B00048F20000C4F20D0000F092FB18B9FFE7CD
:1042C00000200B90F9E10A9948F20000C4F20D00B9
:1042D0000590FFF7CDFF0146059809910A9900F076
:1042E0006FFB18B1FFE709980B90E6E10A9804907C
:1042F0000D283DD0FFE704980D21C0F2100188423F
:104300007DD0FFE704980D21C0F22001884200F023
:10431000C081FFE704980D21C0F23001884233D0FC
:10432000FFE704980D21C0F27001884275D0FFE7C5
:1043300004980D21C0F2A001884200F0FB80FFE745
:1043400004980D21C0F2E001884200F07A81FFE775
:1043500004981421C0F2E001884200F08381FFE755
:1043600004981521C0F2E001884200F08C819EE1A2
:10437000099848F20001C4F20D01096801F07F01BB
:1043800048434008099095E19DED090AB8EE400BBD
:1043900048F25000C4F20D0090ED001AB8EE411B37
:1043A00020EE010B8DED060B48F26000C4F20D000B
:1043B00090ED000AB8EE401B9DED060B80EE010B60
:1043C0008DED060B48F23000C4F20D000068C00706
:1043D00028B1FFE7099816214843099005E009989C
:1043E00000EB800080000990FFE79DED060BBCEE1E
:1043F000C00B10EE101A0998084409905AE1099868
:1044000048F21001C4F20D0109688A071421002A3C
:1044100048BF1621484309904CE148F27000C4F2AD
:104420000D00016801F07F0108919DED090AB8EEC9
:10443000400B48F28001C4F20D0191ED001AB8EE74
:10444000411B20EE010B8DED060B48F29001C4F2EA
:104450000D0191ED000AB8EE401B9DED060B80EEBC
:10446000010B8DED060B0999089A9DED060BBCEE2C
:10447000C00B10EE103A01FB02310991006800F404
:10448000C0100146039150B1FFE70398B0F5002F2B
:1044900009D0FFE70398B0F5801F08D008E009981D
:1044A0008008099010E00998400809900CE00BE0A2
:1044B0004BF25600C8F201004BF20501C8F20101AF
:1044C00040F2174207F0B8FA48F27010C4F20D003B
:1044D000006848F20001C0F28001084001460291E4
:1044E000D0B1FFE70298B0F5004F11D0FFE7029876
:1044F000B0F5000F10D0FFE7029848F20001C0F2BB
:104500008001884209D1FFE709988008099010E0EE
:104510000998400809900CE00BE04BF25600C8F2F5
:1045200001004BF20501C8F2010140F22B4207F0F5
:1045300083FABFE048F2A000C4F20D00016801F068
:104540007F0108919DED090AB8EE400B48F2B001D9
:10455000C4F20D0191ED001AB8EE411B20EE010BE3
:104560008DED060B48F2C001C4F20D0191ED000A79
:10457000B8EE401B9DED060B80EE010B8DED060B9A
:104580000999089A9DED060BBCEEC00B10EE103A8F
:1045900001FB02310991006800F4C010014601914D
:1045A00050B1FFE70198B0F5002F09D0FFE701985F
:1045B000B0F5801F08D008E009988008099010E045
:1045C0000998400809900CE00BE04BF25600C8F245
:1045D00001004BF20501C8F201014FF48B6207F0B4
:1045E0002BFA48F27010C4F20D00006800F0404051
:1045F00001460091B0F1004F15D0FFE70098B0F1EF
:10460000404F08D0FFE7009868B1FFE70098B0F18D
:10461000804F04D008E009988008099010E00998BC
:10462000400809900CE00BE04BF25600C8F2010084
:104630004BF20501C8F2010140F26C4207F0FCF9AF
:1046400038E048F2E000C4F20D00006800F003001A
:104650000890089949F6F030C8F2010050F821009E
:10466000099027E048F2E000C4F20D000068C0F3B2
:1046700081000890089949F6F030C8F2010050F81E
:104680002100099016E047F64000C0F27D10099025
:1046900010E0099848F22001C4F20D0109688A0768
:1046A0001421002A48BF16214843099002E0002047
:1046B0000990FFE709980B90FFE70B980CB080BDBD
:1046C00080B582B04CF20C00C4F20F00006800F01C
:1046D00001000146009120B1FFE70098012807D0B2
:1046E0000CE00D20C0F21000FFF7DEFD019008E0A5
:1046F00043F20060C0F26E10019002E000200190D1
:10470000FFE7019802B080BD4FF400407047000001
:1047100080B582B04CF21400C4F20F00006840066D
:10472000002814D5FFE74CF21400C4F20F00006813
:104730000006002805D5FFE7012000F06DF8019084
:1047400004E0022000F018F80190FFE703E0FFF713
:1047500003FD0190FFE74CF21400C4F20F00006863
:1047600000F4E021012000EB11410198B0FBF1F0D1
:104770000190019802B080BD80B584B08DF80F0023
:104780000D20C0F23000FFF78FFD02909DF80F0062
:1047900001460191032834D80199DFE801F0020EA7
:1047A0001A2648F20010C4F20D00006800F03F0124
:1047B0000298B0FBF1F0029026E048F20010C4F23B
:1047C0000D000068C0F305210298B0FBF1F00290E3
:1047D0001AE048F20010C4F20D000068C0F3054171
:1047E0000298B0FBF1F002900EE048F20010C4F223
:1047F0000D000068C0F305610298B0FBF1F0029073
:1048000002E000200290FFE7029800EBC0004000A9
:104810000290029804B080BD80B584B08DF80F007E
:104820000D20C0F21000FFF73FFD02909DF80F0031
:1048300001460191032834D80199DFE801F0020E06
:104840001A2648F2F000C4F20D00006800F03F01A3
:104850000298B0FBF1F0029026E048F2F000C4F2BA
:104860000D000068C0F305210298B0FBF1F0029042
:104870001AE048F2F000C4F20D000068C0F30541F0
:104880000298B0FBF1F002900EE048F2F000C4F2A2
:104890000D000068C0F305610298B0FBF1F00290D2
:1048A00002E000200290FFE7029800EBC000400009
:1048B0000290029804B080BD81B0009048F20001DF
:1048C000C4F20D01086820F4E030009A12799203D6
:1048D00092B2104400F580300860086843F27F020D
:1048E0009043009A126802F07F02104400F50050D5
:1048F0000860FFE748F20000C4F20D000068C00F36
:1049000008B9FFE7F6E748F20001C4F20D010868B4
:1049100020F48030086001B0704700000000000003
:1049200082B08DF807009DF80700C00708B9FFE7BF
:104930000AE04BF22400C8F201004BF20501C8F274
:104940000101C12207F078F848F25811C4F20D01B4
:104950004FF080400860FFE748F27020C4F20D007D
:104960000068C003002801D4FFE7F5E748F25411BE
:10497000C4F20D014FF480300860FFE748F2501098
:10498000C4F20D0000680004002801D4FFE7F5E739
:1049900048F25811C4F20D014FF48030086002B0A3
:1049A000704700000000000048F27021C4F20D01C1
:1049B000086840F001000860704700000000000037
:1049C00082B0019000910198BDF802106FF31F3181
:1049D0004058C0F3004002B07047000000000000E3
:1049E00082B0019000910198BDF802106FF31F3161
:1049F0004058009901F01F01C84000F0010002B0CA
:104A0000704700000000000080B584B00390029160
:104A10000398800E0190039840F6C072C0F24002E5
:104A200062F31F2000680399C1F34C33C1F3042ED5
:104A300003FA0EFC20EA0C00029B03FA0EF303EAD1
:104A40000C03184462F31F2108600198202801D844
:104A5000FFE70BE04AF61520C8F201004AF655219F
:104A6000C8F2010140F2BD5206F0E6FF019820288D
:104A70000DD0FFE7FFE74CF24800C4F20F000068DA
:104A80000199C840C00708B1FFE7F4E7FFE704B0A9
:104A900080BD00000000000080B584B0039002914A
:104AA0000398800E0190039840F6C072C0F2400255
:104AB00062F31F2000680399C1F34C33C1F3042E45
:104AC00003FA0EFC20EA0C00029B03FA0EF303EA41
:104AD0000C03184462F31F2108600198202801D8B4
:104AE000FFE70BE04AF61520C8F201004AF655210F
:104AF000C8F2010140F2BD5206F09EFF0198202845
:104B00000DD0FFE7FFE74CF24800C4F20F00006849
:104B10000199C840C00708B1FFE7F4E7FFE704B018
:104B200080BD00000000000080B584B003900291B9
:104B30000398800E0190039840F6C072C0F24002C4
:104B400062F31F2000680399C1F34C33C1F3042EB4
:104B500003FA0EFC20EA0C00029B03FA0EF303EAB0
:104B60000C03184462F31F2108600198202801D823
:104B7000FFE70BE04AF61520C8F201004AF655217E
:104B8000C8F2010140F2BD5206F056FF01982028FC
:104B90000DD0FFE7FFE74CF24800C4F20F000068B9
:104BA0000199C840C00708B1FFE7F4E7FFE704B088
:104BB00080BD00000000000080B584B00390029129
:104BC0000398800E0190039840F6C072C0F2400234
:104BD00062F31F2000680399C1F34C33C1F3042E24
:104BE00003FA0EFC20EA0C00029B03FA0EF303EA20
:104BF0000C03184462F31F2108600198202801D893
:104C0000FFE70BE04AF61520C8F201004AF65521ED
:104C1000C8F201014FF4B16206F00EFF019820289E
:104C20000DD0FFE7FFE74CF24800C4F20F00006828
:104C30000199C840C00708B1FFE7F4E7FFE704B0F7
:104C400080BD00000000000080B584B00390029198
:104C50000398800E0190039840F6C072C0F24002A3
:104C600062F31F2000680399C1F34C33C1F3042E93
:104C700003FA0EFC20EA0C00029B03FA0EF303EA8F
:104C80000C03184462F31F2108600198202801D802
:104C9000FFE70BE04AF61520C8F201004AF655215D
:104CA000C8F201014FF4B16206F0C6FE0198202857
:104CB0000DD0FFE7FFE74CF24800C4F20F00006898
:104CC0000199C840C00708B1FFE7F4E7FFE704B067
:104CD00080BD00000000000080B584B00390029108
:104CE0000398800E0190039840F6C072C0F2400213
:104CF00062F31F2000680399C1F34C33C1F3042E03
:104D000003FA0EFC20EA0C00029B03FA0EF303EAFE
:104D10000C03184462F31F2108600198202801D871
:104D2000FFE70BE04AF61520C8F201004AF65521CC
:104D3000C8F201014FF4B16206F07EFE019820280E
:104D40000DD0FFE7FFE74CF24800C4F20F00006807
:104D50000199C840C00708B1FFE7F4E7FFE704B0D6
:104D600080BD00000000000083B0029001918DF82A
:104D700003209DF80300C00750B1FFE70298BDF87B
:104D800006106FF31F3101444FF48030486009E092
:104D90000298BDF806106FF31F3101444FF48030C4
:104DA0008860FFE703B0704781B0009000984BF235
:104DB0002041C2F20001086001B07047000000000D
:104DC00081B0009000984BF22441C2F200010860CB
:104DD00001B070470000000081B08DF803009DF81D
:104DE000030038B9FFE748F27421C4F20D01102026
:104DF000086006E048F27821C4F20D011020086036
:104E0000FFE701B07047000084B003908DF80B10ED
:104E100000200090039800680190019820F48070B1
:104E2000039908609DF80B00C00728B1FFE70098C0
:104E300040F020000090FFE79DF80B00800700285D
:104E400005D5FFE7009840F040000090FFE701988B
:104E500020F480700099084303990860FFE70398E5
:104E600000680099084201D0FFE7F8E7019803992C
:104E7000086004B07047000080B540F2C800C2F27C
:104E80000000026841F20410C2F2010001684CF215
:104E90000000C4F22B009047BFF34F8F80BD00008D
:104EA00083B002908DF807108DF806200020009046
:104EB0009DF80700C00728B1FFE7009840F4805034
:104EC0000090FFE79DF807008007002805D5FFE761
:104ED000009840F400600090FFE79DF80600C007CE
:104EE00030B1FFE7009A029988681043886005E0B6
:104EF000009A0299886890438860FFE703B0704782
:104F000082B001900091BDF802200199086840EA42
:104F1000024008609DF8002001998868104388606D
:104F20009DF801200199886C40EA8200886402B0F3
:104F3000704700000000000080B584B00390039823
:104F400008B1FFE70BE04AF61830C8F201004BF257
:104F50008B01C8F201014FF4E67206F06DFD039873
:104F60000021029110220192FDF705FD019902989E
:104F7000039B4FF4A0721A80039BF0225A80039B7C
:104F800040F602025A60039B02221A72039B4FF4FE
:104F900020725A81039A91810399887303990120A1
:104FA000C87304B080BD000082B001900020009062
:104FB000FFE7009888B9FFE700994AF26840C8F215
:104FC000010050F821000199884201D1FFE704E077
:104FD000FFE7009801300090EBE7009808B9FFE781
:104FE0000AE04BF25C00C8F201004BF28B01C8F200
:104FF0000101B52206F020FD009802B070470000C4
:1050000083B002908DF807109DF8070020B1FFE7EC
:105010000298C06A009003E00298806A0090FFE75F
:10502000009803B07047000080B5FFF725FFBFF37D
:105030004F8F80BD0000000080B588B006900591BC
:10504000059808B1FFE70BE04AF61830C8F20100F6
:105050004BF28B01C8F2010140F21D1206F0ECFC8C
:1050600005990888097A484303909DF80C00400789
:1050700028B9FFE705984089400718B1FFE70420E9
:10508000079095E00698FFF78FFF019001994AF28B
:105090006C40C8F2010030F91100FEF7A1FE06983D
:1050A00000F0B6F8059988894968084340F4807093
:1050B00004900598C07BC00728B1FFE7049840F032
:1050C00080400490FFE70498069908600598807B6B
:1050D00048B9FFE70598007A022804D1FFE70220CB
:1050E0008DF80B0003E001208DF80B00FFE7059819
:1050F000007A042806D1FFE70699886C40F0080082
:105100008864FFE70598807B012806D1FFE70699B0
:10511000886840F008008860FFE7059801889DF8DE
:105120000B205143408840EA0140069948630598A6
:1051300040890399401AC00806990863069988684F
:1051400040F0010088609DF80C00400660B9FFE760
:1051500006994FF04040486006988068022161F34C
:105160000610069988601CE09DF80C00800660B966
:10517000FFE706994FF000404860069880680121DB
:1051800061F30610069988600AE006994FF08040A6
:1051900048600698806820F0700006998860FFE7F4
:1051A000FFE70698012100F007F800200790FFE7CD
:1051B000079808B080BD000083B002908DF80710FA
:1051C000002000909DF80700C00728B1FFE7009875
:1051D00040F480400090FFE79DF80700800700281A
:1051E00005D5FFE7009840F400500090FFE7009AD3
:1051F0000299886810438860FFE7029880680099E8
:10520000084201D0FFE7F8E703B070470000000054
:1052100080B584B00390039800F05AF803990020F9
:1052200088600399886840F400408860FFE703982D
:1052300080680004002801D5FFE7F8E70398032100
:105240000191FFF7E1FD01990398FFF7B5FF03987E
:1052500080690290029803998861039940F60000E2
:10526000C4F2000008600399002048600399886038
:10527000039A4FF45041916403990863039948637A
:1052800004B080BD0000000083B002908DF80710CC
:1052900000929DF8070020B1FFE700980299C862CC
:1052A00003E0009802998862FFE703B070470000AE
:1052B00080B582B00190019801221146FFF7F0FD00
:1052C0000199886C40F00040886402B080BD000005
:1052D00080B582B001900199886C20F0004088640C
:1052E000019801210022FFF7DBFD02B080BD000024
:1052F00080B586B00590049103920293049808B19A
:10530000FFE70BE04BF2A800C8F201004BF28B0163
:10531000C8F2010140F2852206F08EFB04980021BC
:1053200000913822FDF727FB03980499086302983F
:10533000049948630598FFF737FE01900498019A95
:1053400041F20411C2F2010141F8220040F2C80109
:10535000C2F2000142F6F970C8F20000086001993B
:105360004AF26E40C8F2010030F9110001F0ACFEC3
:10537000009806B080BD000081B00090009991F8BF
:105380002A00013881F82A00009890F82A1000EBD2
:105390008100406901B0704781B00090009890F89A
:1053A0002A0001B07047000080B586B005900491D6
:1053B0000392049890F829008DF80300049890F85F
:1053C00028008DF802009DF803009DF80210884225
:1053D00004D1FFE740F6553001901CE005980068C5
:1053E0000290029820F4C01005990860049890F883
:1053F000291050F8210003990860049890F82900BA
:1054000000F0D2F8049981F8290002980599086003
:1054100000200190FFE7019806B080BD0000000069
:1054200081B08DF803008DF802109DF802009DF800
:105430000310884208DBFFE79DF802009DF8031087
:10544000401A8DF8010008E09DF802009DF8031055
:10545000401A05308DF80100FFE79DF8010001B00A
:10546000704700000000000080B588B007900691EA
:10547000079880690390039807998861039800F45E
:10548000C010B0F5C01F01D1FFE788E09DF80E0005
:1054900010F0180F00F08180FFE79DF80E00C006A5
:1054A000002804D5FFE701208DF8150003E0002057
:1054B0008DF81500FFE7069890F82B0002283CD1E4
:1054C000FFE7069890F828008DF81700069890F8E6
:1054D00029008DF816009DF816009DF81710FFF7AB
:1054E0009FFF032827D8FFE707989DF81510FFF7BF
:1054F00087FD0490049806999DF8172041F8220032
:105500009DF8170000F050F8069981F828000699D8
:1055100091F82B00013881F82B000698006B48B1F8
:10552000FFE706990798D1F830C04B6B40F6573229
:10553000E047FFE700E0FFE7FFE7069890F82B0061
:10554000012829D8FFE70698FFF726FFA0B1FFE75B
:10555000079802909DF8150001900698FFF70CFF40
:10556000019902460298FFF78FFE069991F82B00E9
:10557000013081F82B000EE007989DF8151081F09E
:105580000101FFF73DFD049007989DF81510049A5E
:10559000FFF77AFEFFE7FFE700E0FFE7FFE708B06D
:1055A00080BD00000000000081B08DF803009DF870
:1055B000030001308DF802009DF80200052804D395
:1055C000FFE700208DF80200FFE79DF8020001B020
:1055D000704700000000000082B001900091009828
:1055E000019991F82A2001EB82014861019991F813
:1055F0002A00013081F82A0002B070470000000044
:1056000080B586B004900391039808B1FFE70BE0E2
:105610004BF2A800C8F201004BF28B01C8F2010165
:105620004FF42B7206F008FA0398FFF7B5FE0290CC
:105630000298012804D8FFE740F65430059029E08D
:105640000498806C40F0300020F440200499886475
:105650000398FFF791FE049988620398FFF78CFE88
:105660000499C8620399022081F82B000498012153
:105670000191FFF7A1FD0198039981F82C0004988E
:105680004FF4C011FFF73CFC0498FFF711FE002017
:105690000590FFE7059806B080BD000000000000FF
:1056A00080B584B003900291019203980068009045
:1056B000009820F4C0100399086002980199FFF740
:1056C0008BFF009803990860002004B080BD0000A3
:1056D00080B548F20000C4F20E00002101F084FA07
:1056E0004007002808D5FFE741F26C00C2F2010034
:1056F000006801F0B5FAFFE748F20000C4F20E00BE
:10570000102101F071FA4007002808D5FFE741F2A7
:105710006C00C2F20100006C01F0A2FAFFE7BFF3D7
:105720004F8F80BD0000000080B548F20000C4F239
:105730000E000A2101F058FA4007002808D5FFE7BB
:1057400041F26C00C2F20100806A01F089FAFFE7C1
:1057500048F20000C4F20E001A2101F045FA400799
:10576000002808D5FFE741F26C00C2F20100806E0C
:1057700001F076FAFFE7BFF34F8F80BD0000000015
:1057800080B548F20000C4F20E000B2101F02CFAA3
:105790004007002808D5FFE741F26C00C2F2010083
:1057A000C06A01F05DFAFFE748F20000C4F20E00A3
:1057B0001B2101F019FA4007002808D5FFE741F244
:1057C0006C00C2F20100C06E01F04AFAFFE7BFF3BD
:1057D0004F8F80BD0000000080B548F20000C4F289
:1057E0000E000C2101F000FA4007002808D5FFE761
:1057F00041F26C00C2F20100006B01F031FAFFE7E8
:1058000048F20000C4F20E001C2101F0EDF940073F
:10581000002808D5FFE741F26C00C2F20100006FDA
:1058200001F01EFAFFE7BFF34F8F80BD00000000BC
:1058300080B548F20000C4F20E000D2101F0D4F949
:105840004007002808D5FFE741F26C00C2F20100D2
:10585000406B01F005FAFFE748F20000C4F20E00C9
:105860001D2101F0C1F94007002808D5FFE741F2EA
:105870006C00C2F20100406F01F0F2F9FFE7BFF3E4
:105880004F8F80BD0000000080B548F20000C4F2D8
:105890000E000E2101F0A8F94007002808D5FFE707
:1058A00041F26C00C2F20100806B01F0D9F9FFE710
:1058B00048F20000C4F20E001E2101F095F94007E5
:1058C000002808D5FFE741F26C00C2F20100806FAA
:1058D00001F0C6F9FFE7BFF34F8F80BD0000000065
:1058E00080B548F20000C4F20E000F2101F07CF9EF
:1058F0004007002808D5FFE741F26C00C2F2010022
:10590000C06B01F0ADF9FFE748F20000C4F20E00F1
:105910001F2101F069F94007002808D5FFE741F28F
:105920006C00C2F20100C06F01F09AF9FFE7BFF30B
:105930004F8F80BD0000000080B548F20000C4F227
:105940000E00012101F050F94007002808D5FFE7BB
:1059500041F26C00C2F20100406801F081F9FFE7FA
:1059600048F20000C4F20E00112101F03DF9400799
:10597000002808D5FFE741F26C00C2F20100406C3C
:1059800001F06EF9FFE7BFF34F8F80BD000000000C
:1059900080B548F20000C4F20E00022101F024F9A3
:1059A0004007002808D5FFE741F26C00C2F2010071
:1059B000806801F055F9FFE748F20000C4F20E00DC
:1059C000122101F011F94007002808D5FFE741F244
:1059D0006C00C2F20100806C01F042F9FFE7BFF3F6
:1059E0004F8F80BD0000000080B548F20000C4F277
:1059F0000E00032101F0F8F84007002808D5FFE762
:105A000041F26C00C2F20100C06801F029F9FFE721
:105A100048F20000C4F20E00132101F0E5F840073F
:105A2000002808D5FFE741F26C00C2F20100C06C0B
:105A300001F016F9FFE7BFF34F8F80BD00000000B3
:105A400080B548F20000C4F20E00042101F0CCF849
:105A50004007002808D5FFE741F26C00C2F20100C0
:105A6000006901F0FDF8FFE748F20000C4F20E0003
:105A7000142101F0B9F84007002808D5FFE741F2EA
:105A80006C00C2F20100006D01F0EAF8FFE7BFF31D
:105A90004F8F80BD0000000080B548F20000C4F2C6
:105AA0000E00052101F0A0F84007002808D5FFE707
:105AB00041F26C00C2F20100406901F0D1F8FFE749
:105AC00048F20000C4F20E00152101F08DF84007E5
:105AD000002808D5FFE741F26C00C2F20100406DDA
:105AE00001F0BEF8FFE7BFF34F8F80BD000000005C
:105AF00080B548F20000C4F20E00062101F074F8EF
:105B00004007002808D5FFE741F26C00C2F201000F
:105B1000806901F0A5F8FFE748F20000C4F20E002A
:105B2000162101F061F84007002808D5FFE741F28F
:105B30006C00C2F20100806D01F092F8FFE7BFF344
:105B40004F8F80BD0000000080B548F20000C4F215
:105B50000E00072101F048F84007002808D5FFE7AC
:105B600041F26C00C2F20100C06901F079F8FFE770
:105B700048F20000C4F20E00172101F035F840078A
:105B8000002808D5FFE741F26C00C2F20100C06DA9
:105B900001F066F8FFE7BFF34F8F80BD0000000003
:105BA00080B548F20000C4F20E00082101F01CF894
:105BB0004007002808D5FFE741F26C00C2F201005F
:105BC000006A01F04DF8FFE748F20000C4F20E0051
:105BD000182101F009F84007002808D5FFE741F235
:105BE0006C00C2F20100006E01F03AF8FFE7BFF36B
:105BF0004F8F80BD0000000080B548F20000C4F265
:105C00000E00092100F0F0FF4007002808D5FFE74B
:105C100041F26C00C2F20100406A01F021F8FFE796
:105C200048F20000C4F20E00192100F0DDFF400729
:105C3000002808D5FFE741F26C00C2F20100406E77
:105C400001F00EF8FFE7BFF34F8F80BD00000000AA
:105C500080B59CB01A901991189217930020059066
:105C60001A99049104994A1C04920870199890EDAD
:105C7000000B8DED0A0B9DED0A0BB5EE400BF1EE1E
:105C800010FA09D1FFE70499302008700598013017
:105C9000059005981B9002E19DED0A0B06A814F0F3
:105CA00045FF8DED080B00201390FFE7139817991F
:105CB00088420FD2FFE79DED180AB8EEC01B9DED9C
:105CC000080B20EE010B8DED080BFFE71398013058
:105CD0001390EBE79DED0A0BB5EE400BF1EE10FAD9
:105CE00028DBFFE79DED080BB6EE001B30EE010B45
:105CF0008DED100B9DED100B8DED020B9DED170A38
:105D0000B8EE401BB2EE040B14F072FFB0EE401B75
:105D10009DED020BB4EE410BF1EE10FA09DBFFE74B
:105D20009DED060BB7EE001B30EE010B8DED060B63
:105D3000FFE729E09DED080BBEEE001B30EE010BE6
:105D40008DED100B9DED100B8DED000B9DED170AE9
:105D5000B8EE401BB2EE040B14F04AFFB0EE401B4D
:105D60009DED000BB1EE411BB4EE410BF1EE10FACC
:105D700009DCFFE79DED060BBFEE001B30EE010BCB
:105D80008DED060BFFE7FFE700201390FFE7139868
:105D9000179988423DD2FFE79DED100B9DED181A33
:105DA000B8EEC11B80EE010B8DED0C0B9DED100BC1
:105DB0009DED0C1BB6EEC11B9DED182AB8EEC22B53
:105DC000A1EE420B8DED0E0B9DED0E0BBDEEC00B4B
:105DD0008DED140A1498B0F1FF3F05DCFFE714982D
:105DE000C0F13000149003E0149830301490FFE7B5
:105DF0009DED0C0B8DED100B149804994A1C049228
:105E00000870059801300590FFE713980130139052
:105E1000BDE70499481C04902E20087005980130B5
:105E200005909DED060BBDEEC00B8DED160A169884
:105E300048B9FFE70499481C049030200870059881
:105E40000130059028E0FFE7169820B3FFE7169889
:105E5000189990FBF1F01590169A1598189900FB77
:105E6000112014901498B0F1FF3F05DCFFE714985F
:105E7000C0F13000149003E0149830301490FFE724
:105E800015981690149804994A1C04920870059865
:105E900001300590D8E7FFE705981B90FFE71B98B6
:105EA0001CB080BD00000000B0B598B084461C98BE
:105EB000CDF858C01591149213938DF84B00002023
:105EC000019003901699029102994A1C029208705F
:105ED000119010900F900E900D900C900B900A90D6
:105EE0000990089007900690059004901498002857
:105EF00063D0FFE7159908684968119110901098D0
:105F00001199084348B9FFE70299302008700398B7
:105F10000130039003981790B9E0FFE710981199AA
:105F20000843002848D0FFE710981199139AD31717
:105F3000FCF7CFFC0F910E9010991198DDF838E026
:105F40000F9ADDF84CC04FEAEC74AEFB0C350EFB3B
:105F5000045E02FB0CE2C91A90410C910D900D9861
:105F6000B0F1FF3F12DCFFE70C980D990791069006
:105F700006980799C043C943059104900499059870
:105F8000313140F100000C910D9007E00C990D9813
:105F9000303140F100000C910D90FFE70E980F9901
:105FA000119110909DF8300002994A1C02920870DD
:105FB000039801300390B1E766E0159908684968D5
:105FC0000B910A900A980B99084348B9FFE7029988
:105FD000302008700398013003900398179056E022
:105FE000FFE70A980B99084300284CD0FFE70A986E
:105FF0000B99139AD317FCF73BFC099108900A9967
:106000000B98DDF820E0099ADDF84CC04FEAEC74FB
:10601000AEFB0C350EFB045E02FB0CE2C91A90418C
:106020000691079006980799D0F109004FF00000FB
:10603000884108D3FFE706990798303140F1000006
:106040000691079011E0069907989DF84B20D30719
:106050006122002B18BF4122891840F100000A3943
:1060600060F1000006910790FFE7089809990B91ED
:106070000A909DF8180002994A1C02920870039831
:1060800001300390ADE7FFE703981790FFE71798FB
:1060900018B0B0BD0000000083B080B583B0079396
:1060A0000692059102900020009005A801900298A8
:1060B000019900F065FD0090009803B0BDE88040B4
:1060C00003B070470000000080B5ACB02B922A905E
:1060D000299100201E901D901B908DF85A00119060
:1060E000109029982890FFE7289890F9000010B99F
:1060F000FFE700F002BD289800788DF89F009DF919
:106100009F0025280BD0FFE72A999DF99F0088471B
:106110001B9801301B90289801302890E4E701205B
:106120008DF85B00002015908DF87300FFE79DF857
:106130007300C007002837D1FFE72898411C289139
:1061400090F90100203801460A91102824D80A99B4
:10615000DFE801F01322221D222222222222220E17
:10616000220922221800159840F0010015901AE02B
:10617000159840F00200159015E0159840F00400C5
:10618000159010E0159840F0080015900BE0159858
:1061900040F01000159006E0289801382890012062
:1061A0008DF87300FFE7C2E700201A908DF87300A6
:1061B000FFE79DF87300C00770BBFFE72898411CFC
:1061C000289140788DF89F009DF99F0030280FDBC3
:1061D000FFE79DF99F0039280ADCFFE71A9800EBDA
:1061E00080019DF99F0000EB410030381A9012E0C9
:1061F0009DF99F002A2806D1FFE72B98011D2B91BE
:1062000000681A9006E028980138289001208DF83F
:106210007300FFE7FFE7CCE70620199000208DF818
:106220003F002898411C289190F901002E283FD169
:10623000FFE7002019908DF87300FFE79DF87300C9
:10624000C007A0BBFFE72898411C289140788DF833
:106250009F009DF99F00302812DBFFE79DF99F000A
:1062600039280DDCFFE7199800EB80019DF99F00AC
:1062700000EB41003038199001208DF83F0015E007
:106280009DF99F002A2809D1FFE72B98011D2B912A
:106290000068199001208DF83F0006E02898013829
:1062A000289001208DF87300FFE7FFE7C6E703E0C1
:1062B000289801382890FFE72898411C289190F9E8
:1062C000010001460991682804D0FFE709986C286D
:1062D00016D02BE02898411C289190F901006828DD
:1062E00008D0FFE7159840F0400015902898013835
:1062F000289004E0159840F020001590FFE719E081
:106300002898411C289190F901006C2808D0FFE7DB
:10631000159840F08000159028980138289004E0E6
:10632000159840F480701590FFE703E02898013835
:106330002890FFE72898411C289140788DF89F000D
:106340009DF99F0064282ED0FFE79DF99F006928E2
:1063500029D0FFE79DF99F00662824D0FFE79DF92B
:106360009F0046281FD0FFE79DF99F0078281AD08C
:10637000FFE79DF99F00582815D0FFE79DF99F0082
:106380006F2810D0FFE79DF99F0062280BD0FFE730
:106390009DF99F00702806D0FFE79DF99F007528A2
:1063A00040F01383FFE79DF99F00642806D0FFE7C4
:1063B0009DF99F00692840F0BE80FFE79DF85500D9
:1063C000C00760B1FFE72B98073020F0070101F10B
:1063D00008002B90086849681391129016E09DF808
:1063E00054000006002808D5FFE72B98011D2B91CB
:1063F0000168C8171291139007E02B98011D2B918B
:106400000168C81712911390FFE7FFE79DF85B0042
:1064100000F00100694608600DF17E00089012A9A5
:1064200001220A23FFF740FD014608981D911D999E
:1064300008441E901398B0F1FF3F07DCFFE72D20C2
:106440008DF853001D9801301D901FE09DF85400F9
:106450008007002807D5FFE72B208DF853001D98F3
:1064600001301D9011E09DF854004007002807D529
:10647000FFE720208DF853001D9801301D9003E0A8
:1064800000208DF85300FFE7FFE7FFE700208DF8BD
:1064900052009DF85400000700281BD5FFE79DF926
:1064A000530040B1FFE72A999DF9530088471B9894
:1064B00001301B90FFE701208DF852001D991A9AB8
:1064C0002A986B46186030201BAB00F019FB1A9815
:1064D0001D901EE09DF85400C007C8B9FFE71D9944
:1064E0001A9A2A986B46186020201BAB00F008FB14
:1064F0009DF9530040B1FFE72A999DF95300884761
:106500001B9801301B90FFE701208DF85200FFE738
:10651000FFE79DF85200C00760B9FFE79DF95300FF
:1065200040B1FFE72A999DF9530088471B98013035
:106530001B90FFE7FFE79DF99F00662806D0FFE765
:106540009DF99F00462840F09E80FFE72B9807307A
:1065500020F0070000F108012B9190ED000B8DED6C
:106560000C0B199B0DF17E0007900CA90A22FFF776
:106570006FFB014607981D911D9908441E909DEDE3
:106580000C0BB5EE400BF1EE10FA07DAFFE72D2009
:106590008DF853001D9801301D901FE09DF85400A8
:1065A0008007002807D5FFE72B208DF853001D98A2
:1065B00001301D9011E09DF854004007002807D5D8
:1065C000FFE720208DF853001D9801301D9003E057
:1065D00000208DF85300FFE7FFE7FFE700208DF86C
:1065E00052009DF85400000700281BD5FFE79DF9D5
:1065F000530040B1FFE72A999DF9530088471B9843
:1066000001301B90FFE701208DF852001D991A9A66
:106610002A986B46186030201BAB00F071FA1A986C
:106620001D901EE09DF85400C007C8B9FFE71D99F2
:106630001A9A2A986B46186020201BAB00F060FA6B
:106640009DF9530040B1FFE72A999DF9530088470F
:106650001B9801301B90FFE701208DF85200FFE7E7
:10666000FFE79DF85200C00760B9FFE79DF95300AE
:1066700040B1FFE72A999DF9530088471B980130E4
:106680001B90FFE7FFE79DF99F00582806D0FFE722
:106690009DF99F00782840F0C880FFE79DF99F0092
:1066A000782804D1FFE700208DF85B00FFE79DF814
:1066B0005500C00760B1FFE72B98073020F00701B5
:1066C00001F108002B90086849681191109016E0BC
:1066D0009DF854000006002808D5FFE72B98011DFF
:1066E0002B91006800211191109007E02B98011D5B
:1066F0002B910068002111911090FFE7FFE79DF8B2
:106700005B0000F00100694608600DF17E00059015
:1067100010A9002206921023FFF7C6FB0599024636
:1067200006981D921D9A11441E918DF852009DF8F5
:1067300054000007002825D5FFE79DF85400C00647
:10674000002813D5FFE72A99302088472A999DF819
:106750005B00C2077820002A18BF582088471B9882
:1067600002301B9001208DF85200FFE71D991A9A04
:106770002A986B46186030201BAB00F0C1F91A98BC
:106780001D9033E09DF85400C00600282DD4FFE78B
:106790009DF85400C006002804D5FFE71D9802307C
:1067A0001D90FFE71D991A9A2A986B4618602020C1
:1067B0001BAB00F0A5F99DF85400C006002813D5C6
:1067C000FFE72A99302088472A999DF85B00C20785
:1067D0007820002A18BF582088471B9802301B9049
:1067E00001208DF85200FFE7FFE7FFE79DF8540016
:1067F000C006002818D5FFE79DF85200C00798B9D9
:10680000FFE72A99302088472A999DF85B00C20744
:106810007820002A18BF582088471B9802301B9008
:106820001D9802301D90FFE7FFE79DF99F006F283C
:1068300010D0FFE79DF99F0062280BD0FFE79DF97C
:106840009F00702806D0FFE79DF99F00752840F053
:106850009780FFE79DF99F0070280BD1FFE72B98E9
:10686000011D2B9100680B9010A80BA90422FCF7C6
:1068700065F828E09DF85500C00760B1FFE72B9848
:10688000073020F0070101F108002B9008684968E3
:106890001191109016E09DF854000006002808D5CC
:1068A000FFE72B98011D2B9100680021119110909A
:1068B00007E02B98011D2B91006800211191109089
:1068C000FFE7FFE7FFE79DF99F006238014604916B
:1068D00013281CD80499DFE801F00E1A1A1A1A1AA4
:1068E0001A1A1A1A1A1A1A0A121A1A1A1A16082030
:1068F0008DF85A000CE002208DF85A0008E01020B4
:106900008DF85A0004E00A208DF85A0000E0FFE7F5
:106910009DF85A309DF85B0000F001006946086060
:106920000DF17E00039010A90022FFF7BDFA014689
:1069300003981D911D9908441E909DF8540000076E
:1069400000280CD5FFE71D991A9A2A986B46186003
:1069500030201BAB00F0D4F81A981D900FE09DF882
:106960005400C00750B9FFE71D991A9A2A986B4640
:10697000186020201BAB00F0C3F8FFE7FFE7FFE73C
:106980001E9890B1FFE7FFE71E9890F9000058B1FC
:10699000FFE72A991E98421E1E9290F90000884730
:1069A0001B9801301B90EFE7FFE79DF85400C007EC
:1069B00050B1FFE71D991A9A2A986B46186020205B
:1069C0001BAB00F09DF8FFE792E09DF99F00632864
:1069D0000CD1FFE72B98011D2B91006817902A9985
:1069E000179888471B9801301B9080E09DF99F0005
:1069F000732873D1FFE72B98011D2B910068189025
:106A00001898002869D0FFE79DF83F00C00718B12B
:106A1000FFE719981D9004E01898FBF7C7FF1D9039
:106A2000FFE79DF85400C00750B9FFE71D991A9A77
:106A30002A986B46186020201BAB00F061F8FFE736
:106A40009DF83F00C00730B3FFE7FFE7189890F9C3
:106A500000100020029039B1FFE71D9900200029A5
:106A6000C8BF01200290FFE70298C00770B1FFE79E
:106A70002A991898421C189290F9000088471B9890
:106A800001301B901D9801381D90DFE719981D9962
:106A9000401A1D9011E0FFE7189890F9000058B1D6
:106AA000FFE72A991898421C189290F9000088472D
:106AB0001B9801301B90EFE7FFE79DF85400C007DB
:106AC00050B1FFE71D991A9A2A986B46186020204A
:106AD0001BAB00F015F8FFE7FFE707E02A999DF9E7
:106AE0009F0088471B9801301B90FFE7FFE7FFE7F7
:106AF000289801302890FFF7F7BA1B982CB080BD7A
:106B000080B586B0DDF820C08DF81700049103929F
:106B1000029304980190FFE70198039988420DDAE7
:106B2000FFE708999DF91700884702990868013026
:106B30000860FFE7019801300190EDE706B080BDE5
:106B400080B584B0029041F20810C2F20100007CCE
:106B500020B9FFE74FF0FF3003900BE041F208103F
:106B6000C2F20100836802A90122019298470198AC
:106B70000390FFE7039804B080BD00000000000010
:106B800080B584B0029101900020009041F208107D
:106B9000C2F20100007C20B9FFE74FF0FF30039004
:106BA0000BE00199029A44F2D160C8F20000FFF7AD
:106BB0008BFA009000980390FFE7039804B080BD23
:106BC000FFE7FEE70000000083B0EFF310800190C4
:106BD00001980090EFF3108072B60290009803B015
:106BE000704700000000000084B0039002910298FA
:106BF0001F2801D8FFE70BE04BF2B410C8F20100E8
:106C00004BF2B231C8F2010140F2013204F014FF3C
:106C1000002001900398029900EB411041F21C0101
:106C2000405AC1B2019840EAD11001900398C06A5D
:106C30000299C84000F00101019840EA410001902A
:106C40000398406A0299C84000F00101019840EAA7
:106C500081000190019804B070470000000000001E
:106C600080B588B00790079808B1FFE70BE04BF2BA
:106C7000F410C8F201004BF2B231C8F201014FF436
:106C8000AF6204F0D9FE0799087C8968C877079934
:106C90008868097C00EB411041F21C01405AC0B2E7
:106CA000C0098DF81B000798C06880B9FFE70798F6
:106CB000006858B1FFE70798D0F800C041689DF818
:106CC0001B2002F001020023E047FFE7A8E007993C
:106CD0008868097C00EB411041F21801405805908A
:106CE00007998868097C00EB411041F21C01405A69
:106CF000C0F300108DF80A000798C1680598401A83
:106D000005900598400904909DF81B00C00720B12C
:106D1000FFE704988DF80B0010E0049828B1FFE716
:106D20009DF810000138019004E00798007D0138BB
:106D30000190FFE701988DF80B00FFE79DF80B002D
:106D40000799497C88421DD1FFE70798C07C8DF8E0
:106D500009000798007D8DF808009DF909009DF94C
:106D60000810884205D0FFE79DF80A00C00728B93F
:106D7000FFE7079890F91300039002E000200390CA
:106D8000FFE71DE09DF80B00079991F91110401ADB
:106D900003900398B0F1FF3F07DCFFE7079890F9F5
:106DA0001410039808440390FFE79DF81B00C007E8
:106DB00028B1FFE70799087C89680877FFE7FFE7B4
:106DC0009DF80B0007994874039A0799C87C801AAC
:106DD000C8740798006858B1FFE70798D0F800C05A
:106DE0004168039B9DF81B2002F00102E047FFE78A
:106DF0009DF81B00C00790B1FFE707998868097CE0
:106E000000EB411041F21C01405AC006002805D594
:106E1000FFE70799087C89680877FFE7FFE7FFE746
:106E200008B080BD0000000080B544F20000C4F24C
:106E30002D0000F0E9F8BFF34F8F80BD0000000087
:106E400080B544F20000C4F22D0000F011F8BFF349
:106E50004F8F80BD0000000080B548F20000C4F2F2
:106E60002D0000F0D1F8BFF34F8F80BD000000006F
:106E700080B584B00390039840680290039800F0B6
:106E800093F80190039881680298084002909DF859
:106E90000B0010F00C0F1AD0FFE7019941F23C10E3
:106EA000C2F2010050F8210080B1FFE7019B41F2DE
:106EB0003C10C2F2010050F82320039841F2EC018B
:106EC000C2F2010151F823109047FFE7FFE79DF858
:106ED0000B008007D0B1FFE7019941F22C10C2F2FC
:106EE000010050F8210080B1FFE7019B41F22C1016
:106EF000C2F2010050F82320039841F2EC01C2F2E3
:106F0000010151F823109047FFE7FFE7029810F4C2
:106F1000C03F19D0FFE7019941F23410C2F20100DD
:106F200050F8210080B1FFE7019B41F23410C2F21A
:106F3000010050F82320039841F2EC01C2F2010154
:106F400051F823109047FFE7BDF80A0046F27C0194
:106F5000084219D0FFE7019941F22410C2F2010062
:106F600050F8210080B1FFE7019B41F22410C2F2EA
:106F7000010050F82320039841F2EC01C2F2010114
:106F800051F823109047FFE704B080BD00000000D7
:106F900080B548F20000C4F22D00FFF769FFBFF38F
:106FA0004F8F80BD0000000082B001900020009053
:106FB000FFE70098012811D8FFE700994AF27040D6
:106FC000C8F2010050F821000199884201D1FFE781
:106FD00004E0FFE7009801300090EAE700980128FC
:106FE00001D8FFE70AE04BF29C40C8F201004BF2E7
:106FF000BC61C8F20101BB2204F01EFD009802B082
:10700000704700000000000080B582B00190019838
:10701000FFF7CAFF0090009941F21C10C2F2010074
:1070200050F8210080B1FFE7009B41F21C10C2F232
:10703000010050F82320019841F2EC01C2F2010155
:1070400051F823109047FFE702B080BD0000000018
:1070500082B0009000980190019880F3108802B0EF
:10706000704700000000000080B582B0ADF8060057
:1070700000200090BDF90600803018B9FFE701201C
:10708000009004E0BDF9060004F06EFCFFE70098F4
:1070900002B080BD0000000080B582B0ADF80600EF
:1070A00000200090BDF90600803018B9FFE70120EC
:1070B000009004E0BDF9060004F06EFCFFE70098C4
:1070C00002B080BD0000000080B582B0ADF80600BF
:1070D00000200090BDF90600803018B9FFE70120BC
:1070E000009004E0BDF9060004F06EFCFFE7009894
:1070F00002B080BD0000000080B500F009F880BD3E
:1071000080B500F005F880BD80B500F001F880BDC5
:1071100080B582B000208DF80700FFE79DF80700DA
:10712000012827DCFFE79DF8071041F25410C2F256
:10713000010050F82100B0B1FFE79DF8073041F29F
:107140005C10C2F2010050F8232041F26410C2F238
:10715000010050F8230041F25411C2F2010151F82C
:1071600023109047FFE7FFE79DF8070001308DF8F7
:107170000700D3E7BFF34F8F02B080BD00000000CF
:1071800080B540F20400C2F20000406800F004F94B
:10719000C00748B1FFE740F20400C2F200004068B7
:1071A000012100F08DF8FFE780BD00000000000025
:1071B00080B540F22010C2F200000068804740F223
:1071C0000400C2F20000406800F0E6F8000CC007BE
:1071D00050B1FFE740F20400C2F2000040684FF4F3
:1071E000803100F06DF8FFE780BD00000000000076
:1071F00080B540F25000C2F200000068804740F2C3
:107200000400C2F20000806800F0C6F8C00748B170
:10721000FFE740F20400C2F200008068012100F0A4
:107220004FF8FFE780BD000080B540F2F800C2F2E1
:1072300000000068804740F20400C2F2000080684D
:1072400000F0AAF8000CC00750B1FFE740F20400BC
:10725000C2F2000080684FF4803100F031F8FFE79F
:1072600080BD00000000000080B540F20400C2F2C2
:107270000000C06800F090F84008C00758B1FFE770
:1072800009F0E2FA40F20400C2F20000C0680221F4
:1072900000F016F8FFE740F20400C2F20000C068F8
:1072A00000F07AF80009C00748B1FFE740F2040097
:1072B000C2F20000C068102100F002F8FFE780BDB4
:1072C00080B582B0019000910198009900F09CF97E
:1072D00002B080BD0000000080B582B00190009136
:1072E0000198009900F060F902B080BD0000000034
:1072F00080B582B0019000910198009900F060F98A
:1073000002B080BD0000000080B582B00190009105
:107310000198009900F060F902B080BD0000000003
:1073200080B582B0019000910198009900F060F959
:1073300002B080BD0000000082B0019000200090EB
:10734000FFE700980A2811D8FFE700994AF2784031
:10735000C8F2010050F821000199884201D1FFE7ED
:1073600004E0FFE7009801300090EAE700980A285F
:1073700001D8FFE70AE04BF6B840C8F201004BF62F
:10738000DB41C8F201013C2204F056FB009802B038
:10739000704700000000000080B582B001900198A5
:1073A00000F03AF902B080BD80B584B0039002913C
:1073B00001920398FFF7C0FF00900098052814D8A9
:1073C000FFE700994AF2A440C8F2010030F9110029
:1073D000013050B1FFE700994AF2A440C8F2010021
:1073E00030F91100FCF708FDFFE70299012000FACF
:1073F00001F203994869904348610198007848B9BF
:10740000FFE70299012000FA01F2039948689043CE
:1074100048600EE003980299019A527800F098F8BB
:107420000299012000FA01F203994868104348606C
:10743000FFE703980299019A927800F041F904B0AD
:1074400080BD00000000000082B001900091009813
:107450001F2801D8FFE70AE04AF6E220C8F201003F
:107460004AF6EC21C8F20101CF2204F0E5FA0198B6
:1074700080680099C84000F0010002B07047000029
:1074800086B0059004918DF80F200498019004991E
:10749000012000FA01F20599C8699043C861049877
:1074A0000F2804D8FFE705980C30029006E00598F5
:1074B00010300290019810380190FFE79DF80F00FE
:1074C00001380146009104283CD80099DFE801F01A
:1074D000030D1A27310001984100032000FA01F240
:1074E00002990868904308602DE0029800680199AD
:1074F0004A000321914088430121914008430299A9
:10750000086020E00298006801994A000321914038
:1075100088430221914008430299086013E00198D2
:107520004100032000FA01F2029908681043086044
:1075300009E00499012000FA01F20599C869104395
:10754000C86100E0FFE706B07047000000000000DF
:1075500084B0039002918DF8072002981F2801D86B
:10756000FFE70AE04AF6E220C8F201004BF6DB41F1
:10757000C8F20101752204F05FFA9DF8070038B9DE
:10758000FFE70299012088400399C1F8880006E0CE
:107590000299012088400399C1F88400FFE704B0F4
:1075A000704700000000000082B001900091009838
:1075B0000199C1F8880002B0704700000000000087
:1075C00082B00190009100980199C1F8880002B042
:1075D000704700000000000082B001900091009808
:1075E0000199C1F8880002B0704700000000000057
:1075F00082B00190009100980199C1F8880002B012
:10760000704700000000000082B0019000910098D7
:107610000199886102B0704781B00090009880693C
:1076200001B070470000000082B001900091009806
:107630000199C1F8840002B070470000000000000A
:1076400082B00190009100980199C1F8840002B0C5
:10765000704700000000000082B001900091009887
:107660000199C1F8840002B07047000000000000DA
:1076700082B00190009100980199C1F8840002B095
:10768000704700000000000080B582B001900091BA
:1076900001980099FFF7D8FE02B080BD00000000FD
:1076A00080B584B0039002918DF807200398029969
:1076B0009DF80720FFF7E4FE04B080BD0000000045
:1076C00080B584B0039002918DF807200398029949
:1076D0009DF80720FFF7D4FE04B080BD0000000035
:1076E00080B582B00190009101980099FFF79CFF4E
:1076F00002B080BD0000000080B582B00190009112
:1077000001980099FFF79CFF02B080BD00000000C7
:1077100080B582B00190009101980099FFF79CFF1D
:1077200002B080BD0000000080B582B001900091E1
:1077300001980099FFF79CFF02B080BD0000000097
:1077400082B001908DF803109DF8030001998860C4
:1077500002B070470000000080B582B0019001992E
:1077600000200860019800F037F801464AF2BC405A
:10777000C8F2010030F91100FCF7EAFA02B080BD4E
:1077800080B582B00190019808B1FFE70AE04AF69F
:107790001830C8F201004BF64151C8F201017222C3
:1077A00004F04AF90198002100911022FBF7E3F858
:1077B0000099019A01201070019A5060019A90720C
:1077C000019A5072019AD172019A1173019A117241
:1077D0000199487302B080BD82B0019000200090F2
:1077E000FFE70098022811D8FFE700994AF2B0405D
:1077F000C8F2010050F821000199884201D1FFE749
:1078000004E0FFE7009801300090EAE700980228C2
:1078100001D8FFE70AE04BF6F940C8F201004BF649
:107820004151C8F201012E2204F006F9009802B07D
:10783000704700000000000082B001908DF8031036
:10784000019880689DF80310084002B0704700005E
:1078500080B582B001900091009808B1FFE70AE07E
:107860004BF65E50C8F201004BF64151C8F20101DF
:107870003C2204F0E1F80198FFF7AEFF01464AF21E
:10788000BC40C8F2010030F91100FCF7C1FA0199BF
:1078900000200860019800F093F8DDF800E09EF801
:1078A00008109EF809009EF80A209EF80B3000F0A0
:1078B0000100002818BF08209EF80CC09EF80DE0BB
:1078C0006EF341006CF3820063F3041062F3451021
:1078D00061F349200199086001980099097800F046
:1078E00027F801980099496800F002F802B080BDBD
:1078F00082B0019000910098411E0020B0EB113F32
:1079000001D1FFE70AE04BF61B50C8F201004BF62D
:107910007151C8F20101DB2204F08EF80198406831
:107920000099013961F30B000199486002B070477A
:1079300082B001908DF803109DF8030005280FD147
:10794000FFE70198006820F4B8609DF8031001F08B
:10795000070140EA811000F58060019908600CE0A1
:107960000198006820F4B8609DF8031001F0070149
:1079700040EA811001990860FFE702B070470000FB
:1079800084B003908DF80B1001929DF80B00022833
:1079900001DCFFE70BE04AF67620C8F201004AF668
:1079A0009D21C8F201014FF4C67204F045F89DF81C
:1079B0000B200198039901EB8201086104B0704724
:1079C00081B000900099086840F400400860FFE72B
:1079D000009800680004002801D5FFE7F8E701B02F
:1079E000704700000000000081B000900099086816
:1079F00040F00100086001B0704700000000000086
:107A000081B000900099086820F00100086001B082
:107A10007047000000000000FFE7FEE700000000E4
:107A200084B0DDF814C0DDF810C00390029101921B
:107A30000093049820B1FFE7059804990860FFE7D8
:107A400004B070470000000084B0DDF814C0DDF819
:107A500010C00390029101920093029800F00F0071
:107A6000059901F0010140EA0110039908600198AD
:107A700020B1FFE7009801990860FFE704B0704764
:107A800080B50020C4F23F00012100F025F880BD40
:107A900080B544F20000C4F23F00022100F01CF85F
:107AA00080BD00000000000080B548F20000C4F274
:107AB0003F00032100F010F880BD0000000000002E
:107AC00080B54CF20000C4F23F00042100F004F83D
:107AD00080BD00000000000080B582B001900091E0
:107AE00001980069C007B0B1FFE741F28010C2F20F
:107AF0000100006878B1FFE741F28010C2F2010096
:107B000002680198009B41F26C11C2F2010151F828
:107B100023109047FFE70198D0F81001C007B0B1DB
:107B2000FFE741F29810C2F20100006878B1FFE768
:107B300041F29810C2F2010002680198009B41F2E4
:107B40008411C2F2010151F823109047FFE7BFF3FF
:107B50004F8F02B080BD000080B541F29C10C2F290
:107B60000100406808B1FFE70BE04BF6B250C8F2E5
:107B700001004BF68761C8F2010140F69D0203F057
:107B80005BFF41F29C10C2F20100416844F2000028
:107B9000C4F2390000F004FA80BD000000000000CB
:107BA00080B541F29C10C2F20100806808B1FFE785
:107BB0000BE04BF6CB50C8F201004BF68761C8F2E0
:107BC000010140F6A60203F037FF41F29C10C2F219
:107BD0000100816848F20000C4F2390000F0E0F9C9
:107BE00080BD00000000000080B541F29C10C2F290
:107BF0000100C06808B1FFE70BE04BF6E450C8F2A3
:107C000001004BF68761C8F2010140F6AF0203F0B4
:107C100013FF41F29C10C2F20100C1684CF2000057
:107C2000C4F2390000F0BCF980BD00000000000083
:107C300080B541F29C10C2F20100006908B1FFE773
:107C40000BE04BF6FD50C8F201004BF68761C8F21D
:107C5000010140F6B80203F0EFFE41F29C10C2F2BF
:107C6000010001690020C4F23A0000F099F980BDDA
:107C700088B0069005918DF81320059808B1FFE7AC
:107C80000BE04BF67660C8F201004BF68761C8F254
:107C9000010140F2FD2203F0CFFE0698006E6FF363
:107CA0001F300130039003980730C00802900698F7
:107CB000406A00F0407001900598806820B9FFE7A5
:107CC00000208DF81F0070E00598006840B9FFE7BC
:107CD0000598406820B9FFE700208DF81F0064E098
:107CE000029804280ED8FFE7059882680299B2FB33
:107CF000F1F000FB112020B1FFE700208DF81F00FC
:107D000053E01EE09DF80800800758B1FFE7059892
:107D100080680299884204D0FFE700208DF81F0098
:107D200043E00DE0059882680299B2FBF1F000FB98
:107D3000112020B1FFE700208DF81F0035E0FFE79C
:107D4000FFE70198B0F1807F05D0FFE70198B0F11F
:107D5000007F17D1FFE70598006840B1FFE705985D
:107D6000406820B1FFE700208DF81F001DE0059856
:107D7000006830B9FFE70699486A40F080604862C1
:107D8000FFE7FFE79DF81300C00750B1FFE7029837
:107D900000F00300032804D1FFE700208DF81F0046
:107DA00003E001208DF81F00FFE79DF81F0008B0D9
:107DB000704700000000000082B001900091009820
:107DC0000199486102B0704782B00190009100981B
:107DD0000199486102B0704784B003908DF80B1090
:107DE0008DF80A20039808B1FFE70BE04BF62560F9
:107DF000C8F201004BF68761C8F2010140F2CE7271
:107E000003F01AFE002001909DF80B000138014696
:107E10000091032800F2B4800099DFE801F0020924
:107E20002F67039800780190039801300390B3E026
:107E30009DF80A00C00780B9FFE703980078019019
:107E400003980130039003980178019840EA0120DB
:107E500001900398013003900FE00398007800022E
:107E6000019003980130039003980178019808432A
:107E70000190039801300390FFE78DE09DF80A0020
:107E8000C007C8B9FFE70398007801900398013054
:107E9000039003980178019840EA0120019003982B
:107EA0000130039003980178019840EA0140019065
:107EB00003980130039018E00398007800040190C3
:107EC00003980130039003980178019840EA01205B
:107ED00001900398013003900398017801980843BA
:107EE0000190039801300390FFE755E09DF80A00E8
:107EF000C00710BBFFE7039800780190039801309A
:107F0000039003980178019840EA012001900398BA
:107F10000130039003980178019840EA01400190F4
:107F200003980130039003980178019840EA0160BA
:107F3000019003980130039021E003980078000637
:107F4000019003980130039003980178019840EA6A
:107F50000140019003980130039003980178019843
:107F600040EA0120019003980130039003980178C2
:107F7000019808430190039801300390FFE70BE05C
:107F80004BF25600C8F201004BF68761C8F20101BE
:107F900040F61A0203F050FD019804B0704700004B
:107FA00080B582B001900091019800F0E1F848B1ED
:107FB000FFE741F2B010C2F2010002680198009997
:107FC000904708E041F2B410C2F201000268019843
:107FD00000999047FFE7BFF34F8F02B080BD0000CC
:107FE00082B001900091009A01998869904388615C
:107FF00002B070470000000082B001908DF80310BD
:108000009DF80300C00730B1FFE70199086940F00F
:108010000100086105E00199086920F0010008618C
:10802000FFE702B07047000082B001908DF80310A6
:108030009DF80300C00730B1FFE70199086940F0DF
:108040000100086105E00199086920F0010008615C
:10805000FFE702B07047000082B001908DF8031076
:108060008DF802209DF8030000F0010000029DF849
:10807000021001F0010140EA412201990869104310
:10808000086102B07047000082B001908DF80310C3
:108090008DF802209DF8030000F0010000029DF819
:1080A000021001F0010140EA4122019908691043E0
:1080B000086102B07047000082B0019000208DF886
:1080C00003008DF80300FFE79DF80300042814D88F
:1080D000FFE79DF803104AF2C440C8F2010050F8CF
:1080E00021000199884201D1FFE706E0FFE79DF8F2
:1080F000030001308DF80300E6E79DF80300042833
:1081000001D8FFE70AE04BF68E50C8F201004BF6AB
:108110008761C8F20101A62203F08EFC9DF80300DE
:1081200002B070470000000081B000900098C06D60
:10813000C0F3044001B0704781B0009000984068DF
:1081400080B2010A01208840C0B201B0704700002F
:1081500081B000900098406901B0704700000000B5
:1081600081B000900098C06D00F01F0001B0704712
:1081700081B000900098406A00F0010001B07047A3
:1081800080B582B00190019808B1FFE70BE04BF693
:108190006160C8F201004BF68761C8F2010140F24C
:1081A000031203F049FC0198002100911C22FAF708
:1081B000E2FB0098019A4AF22011C0F20701116017
:1081C000019A082151600199087201994872019938
:1081D0008872019B1A684CF60021C3F69A31B1FBF4
:1081E000F2F25200DA60019B1A68B1FBF2F252001F
:1081F0001A61019A1368B1FBF3F1490051610199C9
:10820000087601994876019988760199C87602B076
:1082100080BD00000000000080B588B00790069186
:108220000592069808B1FFE70AE04BF66160C8F2D4
:1082300001004BF68761C8F20101C42203F0FCFB88
:108240000020029004900798FFF736FF03900399EF
:108250004AF2D840C8F2010030F91100FBF7E4FD02
:1082600007980121019100F027FD0798069A117ED9
:10827000527E00F031FD0798406A4FF6F771CFF655
:10828000FF010840069A917ED27E02F0010240EA88
:10829000826001F0030140EA016007994862079893
:1082A00006990968059A04AB00F046F8029A079807
:1082B000114600F0F1FC0199069A137A92F809C070
:1082C0004FF0804000EA8C7040EAC370937A03F06C
:1082D000010340EAC3505368013B6FF31F33184456
:1082E000049B03F0070340EAC360127E02F003021E
:1082F00040EA0260079A10660798FFF795FE019A18
:1083000007980699C968059B00F0DAF8079806995E
:108310000969059B022200F0D3F80798069949697C
:10832000059B032200F0CCF80299079800F0A0FC0E
:1083300008B080BD0000000080B58EB00C900B919D
:108340000A920993099808B1FFE70BE04BF63460F5
:10835000C8F201004BF68761C8F2010140F2B11288
:1083600003F06AFB0C98FFF703FF28B1FFE70C98B6
:108370000069C00718B1FFE700200D905BE00B9883
:1083800000904FF0FF30019007200790FF200590EC
:10839000002003900890FFE7089807283ED8FFE7E1
:1083A000019808B9FFE739E000200690FFE706983A
:1083B000FF282ED8FFE7019808B9FFE729E00A98BF
:1083C000089A4AF26041C8F20101895C069A0232B9
:1083D0005143B0FBF1F0049000980499884213D304
:1083E000FFE700980499401A029001980299884288
:1083F00009D9FFE702980190089807900698059020
:1084000004980390FFE7FFE7FFE706980130069026
:10841000CDE7FFE7089801300890BDE70C98006CA5
:10842000059961F307000C99086407980999086099
:1084300003980D90FFE70D980EB080BD000000007E
:1084400084B0039002918DF807209DF80700014643
:108450000091012808D0FFE7009802280DD0FFE71F
:108460000098032813D01AE00398006CBDF8081098
:1084700061F31740039908641DE00398006C20F035
:108480007F40029940EA01600399086413E0039871
:10849000006C029961F30F20039908640BE04BF222
:1084A0005600C8F201004BF68761C8F201014FF493
:1084B000117203F0C1FA04B0704700000000000020
:1084C00010B59AB0189017918DF85B201593002085
:1084D000089015981899096EC1F3C2624AF260417A
:1084E000C8F20101895CB0FBF1F009904FF0FF3058
:1084F0000C90FF200E909DF85B00032835D1FFE71C
:10850000002305930B934CF60020C3F69A30069097
:108510000A900A990B98400040EAD17049000A91EC
:108520000B90099A0A980B99FAF7A2F9059B024653
:10853000069807920A4607990B920A911193109098
:108540001098119A40F20111A0FB011002EB0222D7
:10855000104410911190099A10981199FAF788F91E
:1085600011911090012008902DE0002303930B93AC
:108570004CF60020C3F69A3001900A90099A0A98A6
:108580000B99FAF775F9039B0246019802920A4685
:1085900002990B920A911193109010991198000270
:1085A00040EA1160090210911190099A10981199EE
:1085B000FAF75EF90246039804920A46049911926A
:1085C00010910890FFE70A990B98179A891A70F191
:1085D000000009D3FFE718989DF85B200021FFF702
:1085E0002FFF0A98199057E000200F90FFE70F988F
:1085F000FF2848D8FFE70C9808B9FFE743E00023BD
:1086000013934CF60020C3F69A3012900F99089AF3
:1086100088184FF0010CBCF1010C514143F1000EE0
:10862000421CDDF848C01398ACFB02140CFB0E4C46
:1086300000FB02C012911390099A12981399FAF74D
:1086400017F91391129012991398179A891A70F1C9
:10865000000013D3FFE712981799401A0D900C9859
:108660000D99884209D9FFE70D980C900F980E904C
:108670001298139911911090FFE7FFE7FFE70F9809
:1086800001300F90B3E718980E999DF85B20FFF723
:10869000D7FE10981990FFE719981AB010BD000086
:1086A00080B598B016901591159808B1FFE70BE0CA
:1086B0004BF67660C8F201004BF68761C8F2010103
:1086C00040F2533203F0B8F91698FFF741FDC001AC
:1086D000002804D5FFE74FF4C8701790DCE1169826
:1086E00000210691FFF7A0FC069A16981599FFF74E
:1086F000BFFA18B9FFE704201790CDE116980122C0
:1087000003921146FFF7C0FC169843F60371C0F2BE
:108710000011FFF759FB002004908DF853001598C5
:10872000C068C0F380508DF852001598006813900F
:108730001598406812901698FFF7BEFC0246049800
:108740004BF21841C2F20001895C8DF8471010907D
:10875000159880680F90159880680E909DF84710C6
:1087600041EA012040EA014040EA01600D9016987C
:10877000FFF7E2FC0399024604980C92169A126ED7
:1087800040F6F8731A4001EBD2010B911599897BE1
:10879000C9060029059009D5FFE70B99159882684D
:1087A0000020914238BF01200590FFE7059800F0B6
:1087B00001008DF82B000B98032803D8FFE70B98D6
:1087C000029002E004200290FFE702980C994843CF
:1087D00009901598007B000908901698406A00F0EF
:1087E000407007900798B0F1807F05D0FFE70798A9
:1087F000B0F1007F07D1FFE7139820B9FFE7012010
:108800008DF85300FFE71699486A20F00800486287
:1088100016980121FFF708FC1698006E20F04F70A3
:10882000089901F0030140EA01601699086616985C
:1088300000F072FA20B9FFE74FF4CA7017902BE1ED
:108840009DF82B0000F00101480540EA0150129903
:10885000B1FA81F1490940EAC1421699086E104304
:108860000866169800F058FA20B9FFE74FF4CA706E
:10887000179011E10B98042807D8FFE70B988DF8A3
:1088800051000B988DF8500005E004208DF8510040
:108890008DF85000FFE7FFE70F98002800F0A38055
:1088A000FFE70F989DF85110884204D2FFE70F9818
:1088B0008DF85100FFE7FFE71698FFF751FC0C9980
:1088C000884201D1FFE7F7E7129838B1FFE70E9829
:1088D0000F99401A099988423DD2FFE79DF853004D
:1088E000C007D0B1FFE71699086E40F480200866F3
:1088F0009DF82B00C00758B1FFE70F980B998842ED
:1089000006D1FFE71699086E20F450100866FFE7BD
:108910000B990F98401A0F901CE0139880B1FFE755
:1089200013989DF851109DF8522002F00102FFF7B4
:1089300053FA0D909DF85110139808441390FFE7D7
:1089400016980D9900F0F8F99DF851100F98401AFB
:108950000F90FFE7FFE71298002843D0FFE70E983B
:1089600000283FD0FFE7FFE79DF853100020C9071C
:10897000019041B1FFE71698FFF7D6FBB0FA80F0FF
:1089800040090190FFE70198C00708B1FFE7EBE756
:10899000FFE71698FFF7C8FB18B3FFE7169800F03B
:1089A0007FF810900E989DF85010884204D2FFE78F
:1089B0000E988DF85000FFE7129810999DF85020FE
:1089C0009DF8523003F0010300F086F89DF8501036
:1089D0001298084412909DF850100E98401A0E906C
:1089E000D7E7FFE758E79DF82B00C007A8B1FFE7DE
:1089F0009DF85300C00780B9FFE7FFE71698FFF71F
:108A0000AFFB0C99884201D1FFE7F7E71698006E9B
:108A100020F4401016990866FFE7129878B3FFE734
:108A2000FFE70E9850B3FFE7FFE71698FFF77CFBD0
:108A300018B3FFE7169800F033F810900E989DF8E1
:108A40005010884204D2FFE70E988DF85000FFE7DF
:108A5000129810999DF850209DF8523003F00103B0
:108A600000F03AF89DF850101298084412909DF8C2
:108A700050100E98401A0E90D7E7D2E709E0FFE7B2
:108A80001698FFF765FB4005002801D4FFE7F7E7DC
:108A9000FFE700201790FFE7179818B080BD00008F
:108AA00081B000900098406F01B070470000000056
:108AB00081B000900099086940F0020008610099B7
:108AC000086940F44070086100990020086101B015
:108AD000704700000000000084B0039002918DF800
:108AE00007208DF80630039808B1FFE70BE04BF63E
:108AF0001660C8F201004BF68761C8F2010140F62A
:108B0000220202F099FF9DF807000138014600910A
:108B1000032800F29C800099DFE801F002092B5B3A
:108B20000298039908700398013003909BE09DF828
:108B30000600C00770B9FFE7029803990870039810
:108B4000013003900298000A0399087003980130DD
:108B500003900DE00298000A039908700398013011
:108B60000390029803990870039801300390FFE77F
:108B700079E09DF80600C007A8B9FFE702980399BD
:108B800008700398013003900298000A0399087056
:108B9000039801300390BDF80A0003990870039808
:108BA0000130039014E0BDF80A000399087003989F
:108BB000013003900298000A03990870039801306D
:108BC0000390029803990870039801300390FFE71F
:108BD00049E09DF80600C007E0B9FFE70298039955
:108BE00008700398013003900298000A03990870F6
:108BF000039801300390BDF80A00039908700398A8
:108C0000013003909DF80B00039908700398013020
:108C100003901BE09DF80B00039908700398013046
:108C20000390BDF80A00039908700398013003907F
:108C30000298000A03990870039801300390029883
:108C400003990870039801300390FFE70BE04BF2A3
:108C50005600C8F201004BF68761C8F2010140F6E8
:108C60006B0202F0E9FE04B0704700000000000053
:108C700080B584B003908DF80B100398FFF71CFAB1
:108C800001909DF80B00019A4BF21841C2F20001CD
:108C9000885404B080BD000083B00290019100921E
:108CA000019800F00F00009901F00F0140EA014027
:108CB0000299886503B0704782B001908DF8031067
:108CC0000198406A9DF8031061F300000199486221
:108CD00002B070470000000083B002908DF80710CA
:108CE0008DF80620002000900298406A9DF8071039
:108CF00001F10802012191408843009000989DF8FD
:108D000006109DF8072008329140084302994862F6
:108D100003B070470000000080B582B00190FFE70B
:108D20000198FFF71DFA000608B1FFE7F8E70120F8
:108D300002B080BD0000000082B001900091009858
:108D40000199486602B0704780B540F2D000C2F287
:108D50000000026841F2B810C2F20100416844F21A
:108D60000000C4F218009047BFF34F8F80BD000091
:108D700080B544F20000C4F2180000F09DFA8002B1
:108D8000002803D5FFE705F003FCFFE744F20000ED
:108D9000C4F218004FF4002100F02AF980BD000051
:108DA00080B540F2D000C2F20000026841F2B81073
:108DB000C2F20100816848F20000C4F21800904736
:108DC000BFF34F8F80BD000080B548F20000C4F2B1
:108DD000180000F071FA8002002801D5FFE7FFE7D4
:108DE00048F20000C4F218004FF4002100F000F92E
:108DF00080BD00000000000080B540F2D000C2F24B
:108E00000000026841F2B810C2F20100C1684CF2E1
:108E10000000C4F218009047BFF34F8F80BD0000E0
:108E200080B54CF20000C4F2180000F045FA800250
:108E3000002801D5FFE7FFE74CF20000C4F218005C
:108E40004FF4002100F0D4F880BD000000000000C5
:108E500080B540F2D000C2F20000026841F2B810C2
:108E6000C2F2010001690020C4F219009047BFF36B
:108E70004F8F80BD0000000080B50020C4F21900B3
:108E800000F01AFA8002002809D5FFE740F24C00F2
:108E9000C2F200000068804707F0CAFAFFE700202E
:108EA000C4F219004FF4002100F0A2F880BD0000C8
:108EB00080B540F2D000C2F20000026841F2B81062
:108EC000C2F20100416944F20000C4F21900904767
:108ED000BFF34F8F80BD000080B544F20000C4F2A4
:108EE000190000F0E9F98002002807D5FFE740F2F9
:108EF0004800C2F2000000688047FFE744F200002B
:108F0000C4F219004FF4002100F072F880BD000097
:108F100080B540F2D000C2F20000026841F2B81001
:108F2000C2F20100816948F20000C4F219009047C2
:108F3000BFF34F8F80BD000080B548F20000C4F23F
:108F4000190000F0B9F98002002801D5FFE7FFE71A
:108F500048F20000C4F219004FF4002100F048F874
:108F600080BD00000000000080B540F2D000C2F2D9
:108F70000000026841F2B810C2F20100C1694CF26F
:108F80000000C4F219009047BFF34F8F80BD00006E
:108F900080B540F2D000C2F20000026841F2B81081
:108FA000C2F20100016A0020C4F21A009047BFF328
:108FB0004F8F80BD0000000080B50020C4F21A0071
:108FC00000F07AF98002002807D5FFE740F224106C
:108FD000C2F2000000688047FFE70020C4F21A00D8
:108FE0004FF4002100F004F880BD000000000000F4
:108FF00080B586B00590049104984CF20301CCF240
:109000001F01084004909DF81000800790B1FFE711
:109010000598806A0390039820F4703003900498B8
:1090200000F00301039840EA01400390039805997A
:109030008862FFE70598406900F07850049908437A
:10904000039003980599486104980190059800F0F1
:1090500033F901460198084204D0FFE740F21A5064
:10906000029002E000200290FFE7029806B080BD67
:1090700080B584B00390FFE70398C06A10F4E06FF6
:1090800001D0FFE7F8E7FFE70398406940020028B6
:1090900001D4FFE7F8E70020C4F21F000290029815
:1090A00040F000400290029840F440400290029A42
:1090B0000399486910434861039900208861039827
:1090C00000F0CAF8019001994AF20850C8F2010074
:1090D00030F91100FAF748FE04B080BD000000002E
:1090E00083B00290019101984CF2C031C0F6F0714A
:1090F0000840019002980069009001996FF40040C7
:1091000060EA0121009808400090019820F080005A
:10911000019001996FF4804060EA012100980840B5
:109120000090019820F04000019000980299086199
:109130000298806A019A4FF6FF41CFF6FC7161EA0E
:109140000201084020F4403002998862019820F41E
:1091500040700190019A029988699043886103B038
:10916000704700000000000083B002900191019858
:109170004CF2C031C0F6F0710840019002980069CD
:109180000090019800F08001009840EA01200090D2
:10919000019820F080000190019800F040010098B3
:1091A00040EA01200090019820F0400001900098D2
:1091B000029908610298806A20F44030019901F414
:1091C0004071084302998862019820F44070019030
:1091D000019A029988691043886103B070470000C2
:1091E00080B582B00190019808B1FFE70BE04AF624
:1091F0001830C8F201004BF60F71C8F2010140F2BD
:10920000062202F019FC0198002100911422F9F7BE
:10921000B2FB0098019A4FF4E13111600199087195
:1092200001994871019988710199C8710199087271
:1092300001994872019988720199C872019948731D
:1092400001990873019988730199C8730199087489
:109250000199487402B080BD82B001900020009056
:10926000FFE70098082811D8FFE700994AF2E44088
:10927000C8F2010050F821000199884201D1FFE7AE
:1092800004E0FFE7009801300090EAE70098082822
:1092900001D8FFE70AE04BF6A660C8F201004BF6E2
:1092A0000F71C8F201017B2202F0C6FB009802B0E8
:1092B000704700000000000082B0019001984069F2
:1092C00000900198806A00F44301009840EA114040
:1092D000009000984CF2C301CCF2FF1108400090BE
:1092E000009802B07047000080B58CB00B900A91D6
:1092F00009920A9808B1FFE70AE04AF61830C8F266
:1093000001004BF60F71C8F20101F22202F094FB4A
:109310000A98006808B1FFE70AE04CF21600C8F2AC
:1093200001004BF60F71C8F20101F32202F084FB39
:109330000A98007A032801DCFFE70AE04BF69D70EB
:10934000C8F201004BF60F71C8F20101F52202F0DC
:1093500073FB0A98407A032801DCFFE70AE04BF62A
:109360005670C8F201004BF60F71C8F20101F622E7
:1093700002F062FB002008900A99096802918DF8BA
:109380001700ADF81A0004208DF81600FFE79DF8CD
:109390001600202851D8FFE7099800EB8000400014
:1093A0000A9909689DF816205143B0FBF1F0053089
:1093B0004CF6CD41CCF6CC41A0FB0110C008ADF875
:1093C0001800BDF8180020B9FFE70120ADF818001B
:1093D000FFE709989DF81610BDF818205143B0FB1F
:1093E000F1F0039003980A990968884206D9FFE7CB
:1093F00003980A990968401A009005E00A980068E5
:109400000399401A0090FFE700980490049802998D
:1094100088420BD8FFE7049802909DF816008DF85B
:109420001700BDF81800ADF81A00FFE7FFE79DF838
:10943000160001308DF81600A9E702980A9909680C
:1094400048F21F52C5F2EB12A1FB0221490901EBC0
:109450004101884204D9FFE740F221500890F4E02E
:109460000B98FFF7F9FE019001994AF20850C8F2F3
:10947000010030F91100FAF7E3FC0B9800F028F92D
:109480000B98006907909DF8170004280AD3FFE79E
:109490009DF81700072805D8FFE7079840F400302B
:1094A0000790FFE7079820F0F85007909DF81710F5
:1094B0004FF07F4000EB016000F0F851079808433F
:1094C0000790079841F6FF71884307900798BDF809
:1094D0001A106FF35F3108430B9908610B99086903
:1094E00020F0005008610B98806940F217718843A2
:1094F00007900A9A1079917BD27B02F0070240EA2A
:10950000022001F0010140EA810107980843079019
:109510000A98407901280FD1FFE70A98007928B10D
:10952000FFE7079820F40060079004E0079840F4F4
:1095300000600790FFE709E00A98007928B1FFE78B
:10954000079840F010000790FFE7FFE707980B9996
:1095500088610B98006920F40050079007980A99D9
:10956000C97901F0010140EA41300B9908610A997B
:10957000087A497A40EA01400B99C8620B99886AD7
:1095800040F0880088620B99886A40F44040886205
:109590000020C4F21F000790079840F00040079099
:1095A000079840F4404007900A98027B407B2021B6
:1095B00001EA421260F304120B99486A10434862B0
:1095C0000A98807AC00730B1FFE70B99486A40F0EB
:1095D00008004862FFE70A98C07AC00730B1FFE789
:1095E0000B99486A40F001004862FFE70A988079C9
:1095F000C00728B1FFE7079840F00050079004E04B
:10960000079820F000500790FFE7079A0B994869E8
:10961000104348610B98806907900A98007CC00746
:1096200028B1FFE7079840F400200790FFE70A9869
:10963000407CC00728B1FFE7079840F480200790DE
:10964000FFE707980B998861FFE708980CB080BD89
:1096500085B0049004988069039001209DF80D1056
:1096600009070029019019D4FFE700209DF80D108B
:109670000907002900900ED4FFE700209DF80C1088
:10968000C9060029009006D4FFE79DF80C00C0F33E
:1096900040000090FFE700980190FFE7019800F07C
:1096A00001008DF80A009DF80A00C00738B1FFE7F5
:1096B0000498C06900F07F008DF80B0004E0049866
:1096C000C0698DF80B00FFE79DF80B0005B07047EF
:1096D00081B000900099886840F00200886000998D
:1096E000886820F00200886001B070470000000028
:1096F00086B0059004910392049808B1FFE70BE04F
:109700004BF60270C8F201004BF60F71C8F201016E
:1097100040F2963202F090F904980290039801907A
:10972000FFE7019898B1FFE7FFE70598406900025D
:10973000002801D4FFE7F8E7029800780599C8618E
:10974000029801300290019801380190E9E7FFE7A3
:10975000059840694002002801D4FFE7F8E700209F
:1097600006B070470000000082B001908DF8031031
:109770009DF803000199C86102B070470000000025
:10978000FFE7FEE700000000FFE7FEE70000000043
:1097900083B002908DF807100092009802999DF80E
:1097A000072001EB0211C1F80C0103B07047000063
:1097B00080B582B001900199086840F0020008600D
:1097C000019800F039F801464AF22050C8F2010031
:1097D00030F91100FAF7D4FA02B080BD00000000A1
:1097E00083B002908DF807100092009A02989DF8BD
:1097F000071000EB0111D1F808011043C1F808016E
:1098000003B070470000000082B00190019808B1D9
:10981000FFE70AE04AF61830C8F201004AF627319D
:10982000C8F201016B2202F007F9019900200870CB
:1098300002B070470000000082B00190002000904C
:10984000FFE7009888B9FFE700994AF21C50C8F278
:10985000010050F821000199884201D1FFE704E09E
:10986000FFE7009801300090EBE7009808B9FFE7A8
:109870000AE04CF23E00C8F201004CF26001C8F26E
:109880000101372202F0D8F8009802B070470000BA
:1098900082B001908DF8031001989DF8031000EB41
:1098A0000110D0F80C0100F0010002B07047000078
:1098B00080B544F20000C4F208000021FFF7E8FF81
:1098C000A0B1FFE744F20000C4F208000021012229
:1098D000FFF75EFF05F0D4FC4BF2B010C2F20000BF
:1098E000006802F0A5FB08F08BFDFFE744F20000E2
:1098F000C4F208000121FFF7CBFF80B1FFE744F27B
:109900000000C4F2080001221146FFF741FF4BF2AC
:10991000B011C2F20001086801300860FFE744F2AC
:109920000000C4F208000221FFF7B2FF48B1FFE7D0
:1099300044F20000C4F2080002210122FFF728FFD0
:10994000FFE744F20000C4F208000321FFF7A0FF84
:1099500048B1FFE744F20000C4F2080003210122ED
:10996000FFF716FFFFE7BFF34F8F80BD0000000039
:1099700080B584B003900291029808B1FFE70AE035
:109980004AF61830C8F201004CF26001C8F2010139
:10999000462202F051F80398FFF74EFF01464AF2C3
:1099A0002050C8F2010030F91100FAF755FA039976
:1099B000086820F00200086000208DF80700FFE72B
:1099C0009DF80700032812D8FFE703989DF80710B9
:1099D00000EB0111D1F8080120F00700C1F80801DF
:1099E000FFE79DF8070001308DF80700E8E70298CF
:1099F0000078C00730B1FFE70399086820F0010044
:109A0000086005E00399086840F001000860FFE77E
:109A100004B080BD0000000082B001908DF80310FA
:109A20008DF802209DF80200C00760B1FFE70198A1
:109A30009DF8031000EB0111D1F8080140F004007B
:109A4000C1F808010BE001989DF8031000EB01112B
:109A5000D1F8080120F00400C1F80801FFE702B0C6
:109A6000704700000000000084B003908DF80B10D8
:109A70000192019808B1FFE70AE04AF60C30C8F2FB
:109A800001004AF62731C8F20101F82201F0D4FFA3
:109A90000198013803999DF80B2001EB0211C1F8E0
:109AA000000104B07047000082B001908DF80310EF
:109AB00001989DF8031000EB0111D1F8080140F066
:109AC0000100C1F8080102B070470000000000006A
:109AD00080B582B001908DF803109DF8030000F16D
:109AE0000801012000FA01F20199B1F888019043C0
:109AF000A1F88801019800F04BF801464AF238506D
:109B0000C8F2010000EBC1009DF8031030F911000C
:109B1000FAF742F902B080BD81B0ADF80200BDF89D
:109B20000200404280B201B0704700000000000017
:109B300080B582B00190019808B1FFE70AE04AF6CB
:109B40001F00C8F201004CF2D101C8F20101DE226F
:109B500001F072FF0198002100910A22F8F70BFF33
:109B6000009801990870019948700199C87101998C
:109B7000C87001990871019988700199487201991A
:109B80000872019988710199487102B080BD000086
:109B900082B0019000200090FFE70098042811D8BF
:109BA000FFE700994AF22450C8F2010050F8210062
:109BB0000199884201D1FFE704E0FFE700980130F6
:109BC0000090EAE70098042801D8FFE70AE04CF289
:109BD0007D00C8F201004CF2D101C8F201014B2214
:109BE00001F02AFF009802B070470000000000005A
:109BF00080B588B006908DF817100492049808B1CB
:109C0000FFE70AE04AF61F00C8F201004CF2D1015A
:109C1000C8F201015D2201F00FFF0498C07802280C
:109C200007D1FFE79DF8170018B9FFE7012007905B
:109C300017E10498C079012807D1FFE79DF81700C4
:109C400018B9FFE7012007900BE10698FFF7A0FF86
:109C500001464AF23850C8F2010000EBC1009DF8FD
:109C6000171030F91100FAF703F90699B1F88E01CF
:109C700040F00F00A1F88E0106989DF8171001EB37
:109C8000410100EB41108088ADF80E00BDF80E00D8
:109C900000F4E650ADF80E0004990B784A7891F87C
:109CA00002C0C87800F0030091F809E00EF0070E3A
:109CB00040EACE000CF0030C40EA0C2040EAC3302E
:109CC00002F0010240EA8230C97901F0010140EA64
:109CD0008101BDF80E000843ADF80E0004984079EC
:109CE0000146029140B1FFE7029801280BD0FFE73F
:109CF0000298022815D022E0BDF80E0040F4005072
:109D0000ADF80E0026E09DF8170000F10C010120CF
:109D100000FA01F20699B1F888019043A1F8880190
:109D200018E09DF8170000F10C01012000FA01F283
:109D30000699B1F888011043A1F888010AE04BF2B6
:109D40005600C8F201004CF2D101C8F201018D2287
:109D500001F072FEBDF80E0006999DF8172002EB87
:109D6000420201EB4211888006989DF8171001EB22
:109D7000410100EB4110C088ADF80E00BDF80E00A7
:109D800040F68B710840ADF80E0004990879097A05
:109D9000090360F30611BDF80E000843ADF80E008C
:109DA0000498807901460191032832D80199DFE8AF
:109DB00001F002091623BDF80E0040F00400ADF8D2
:109DC0000E0031E0BDF80E0040F40060ADF80E006A
:109DD000BDF80E0020F48060ADF80E0024E0BDF860
:109DE0000E0020F40060ADF80E00BDF80E0040F447
:109DF0008060ADF80E0017E0BDF80E0040F4006082
:109E0000ADF80E00BDF80E0040F48060ADF80E0015
:109E10000AE04BF25600C8F201004CF2D101C8F240
:109E20000101AB2201F008FEBDF80E0006999DF875
:109E3000172002EB420201EB4211C8800498407ADD
:109E400060B9FFE706989DF8171001EB410100EBA0
:109E50004111888840F040008880FFE7002007908B
:109E6000FFE7079808B080BD82B001908DF803101D
:109E70008DF802209DF80200C00758B1FFE79DF859
:109E8000030000F00F020199B1F888011043A1F816
:109E900088010AE09DF803000001C2B20199B1F8FF
:109EA00088011043A1F88801FFE702B07047000065
:109EB00080B58CB0844610980F980E98CDF828C0C5
:109EC0008DF8271008928DF81F308DF81E00089825
:109ED00008B1FFE70BE04CF2F900C8F201004CF2C8
:109EE000D101C8F201014FF48B7201F0A5FD0F986A
:109EF00008B1FFE70BE04CF23B10C8F201004CF256
:109F0000D101C8F2010140F2171201F095FD9DF850
:109F10001F0008B1FFE70BE04CF2EE00C8F20100B1
:109F20004CF2D101C8F201014FF48C7201F084FDB2
:109F3000109808B1FFE70BE04CF22F10C8F20100B7
:109F40004CF2D101C8F2010140F2191201F074FD86
:109F50000020ADF81600ADF81400ADF812008DF831
:109F600010008DF80F009DF81F00032803D3FFE7B2
:109F700001200B9095E210980A999DF8272002EB9A
:109F8000420201EB4211C988C1F30211C840069098
:109F900006980F99B0FBF1F0ADF8160000208DF88F
:109FA0001100FFE79DF811009DF81F10884280F214
:109FB0007582FFE7BDF8160008994978484345F6D1
:109FC0002941C0F28F21A0FB0110ADF814009DF8CB
:109FD0001E0001460291032800F287810299DFE802
:109FE00011F004006600CA0032019DF8110030BB78
:109FF000FFE7BDF816004008ADF81200BDF81200EA
:10A00000FFF78AFD0A999DF8272002EB420201EB37
:10A01000421148800A989DF8271001EB410100EB9E
:10A02000411100204881BDF8120001380A999DF8BD
:10A03000272002EB420201EB4211C881FFE708989A
:10A040000078012819D1FFE7BDF814004008FFF798
:10A0500063FD0A999DF8272002EB420201EB4211B1
:10A060004882BDF8140040080A999DF8272002EBA9
:10A07000420201EB4211C88218E0BDF8140040080A
:10A08000FFF74AFD0A999DF8272002EB420201EBF7
:10A0900042114883BDF8140040080A999DF8272012
:10A0A00002EB420201EB4211C883FFE729E19DF870
:10A0B000110000BBFFE70A989DF8271001EB410152
:10A0C00000EB411100204880BDF8160040080A99B5
:10A0D0009DF8272002EB420201EB42114881BDF8B6
:10A0E000160001380A999DF8272002EB420201EB85
:10A0F0004211C881FFE70898007801281DD1FFE7C9
:10A10000BDF81600BDF81410401A40080A999DF8D1
:10A11000272002EB420201EB42114882BDF81600F3
:10A12000BDF81410084440080A999DF8272002EB56
:10A13000420201EB4211C8821CE0BDF81600BDF8D6
:10A140001410401A40080A999DF8272002EB420299
:10A1500001EB42114883BDF81600BDF81410084405
:10A1600040080A999DF8272002EB420201EB4211B8
:10A17000C883FFE7C5E09DF8110030BBFFE7BDF8DD
:10A1800016004008ADF81200BDF81200FFF7C4FC3D
:10A190000A999DF8272002EB420201EB4211488008
:10A1A0000A989DF8271001EB410100EB41110020B6
:10A1B0004881BDF8120001380A999DF8272002EB6A
:10A1C000420201EB4211C881FFE70898007801289C
:10A1D0001CD1FFE7BDF81200FFF79EFC0A999DF81D
:10A1E000272002EB420201EB42114882BDF8120027
:10A1F000FFF792FCBDF8141008440A999DF8272037
:10A2000002EB420201EB4211C8821BE0BDF81200D2
:10A21000FFF782FC0A999DF8272002EB420201EB2E
:10A2200042114883BDF81200FFF776FCBDF8141008
:10A2300008440A999DF8272002EB420201EB4211E3
:10A24000C883FFE75DE09DF8110000BBFFE70A98B7
:10A250009DF8271001EB410100EB411100204880DF
:10A26000BDF8160040080A999DF8272002EB42022B
:10A2700001EB42114881BDF8160001380A999DF89A
:10A28000272002EB420201EB4211C881FFE7089848
:10A290000078012814D1FFE70A989DF8271001EBF8
:10A2A000410100EB411100204882BDF814000A99D9
:10A2B0009DF8272002EB420201EB4211C88213E015
:10A2C0000A989DF8271001EB410100EB4111002095
:10A2D0004883BDF814000A999DF8272002EB42023A
:10A2E00001EB4211C883FFE70BE04BF25600C8F2C6
:10A2F00001004CF2D101C8F201014FF4CD7201F01E
:10A300009BFB08980078012811D1FFE70A208DF8FF
:10A31000100008208DF80F00089880880A999DF891
:10A32000272002EB420201EB4211088610E00920CF
:10A330008DF8100004208DF80F00089880880A9985
:10A340009DF8272002EB420201EB42114886FFE70D
:10A35000089800780146019118B3FFE70198012899
:10A3600004D0FFE70198022836D04FE00A989DF804
:10A37000271001EB410100EB4111488C20F0300027
:10A3800048840898807900F003020A989DF8271005
:10A3900001EB410100EB4111488C40EA0210488476
:10A3A00040E00A989DF8271001EB410100EB4111B4
:10A3B000488C20F00C0048840898807900F0030253
:10A3C0000A989DF8271001EB410100EB4111488CE0
:10A3D00040EA8200488425E00A989DF8271001EBA6
:10A3E000410100EB4111488C20F00300488408989B
:10A3F000807900F003020A989DF8271001EB4101D3
:10A4000000EB4111488C104348840BE04BF256009E
:10A41000C8F201004CF2D101C8F201014FF4E07220
:10A4200001F00AFB0898807880B9FFE79DF81010CA
:10A43000012000FA01F20A989DF8271001EB410172
:10A4400000EB4111488C904348840FE09DF81010B8
:10A45000012000FA01F20A989DF8271001EB410152
:10A4600000EB4111488C10434884FFE79DF80F0032
:10A470009DF827100144012000FA01F20A99B1F871
:10A4800080011043A1F88001089808300890FFE788
:10A490009DF8110001308DF8110083E500200B902C
:10A4A000FFE70B980CB080BD82B001908DF80310CF
:10A4B0009DF8030000F00F020199B1F8880140EA0D
:10A4C0000220A1F8880102B07047000000000000DF
:10A4D00080B586B084460898CDF814C08DF8131066
:10A4E0008DF812208DF81130ADF80E009DF8120095
:10A4F000012801D8FFE70BE04CF2B800C8F20100D8
:10A500004CF2D101C8F2010140F2052201F094FAA7
:10A510000020ADF80C00ADF80A00ADF808009DF879
:10A52000110001460191032800F259810199DFE8E9
:10A5300011F004005A00B3000F0105989DF81310A4
:10A5400001EB410100EB4110C0890130ADF808007A
:10A55000BDF808004000ADF80C00BDF80C00BDF8D7
:10A560000E10484348F20101C8F20001A0FB01109F
:10A57000C00BADF80A009DF81200012819D1FFE7C1
:10A58000BDF80A004008FFF7C7FA05999DF81320A7
:10A5900002EB420201EB42114882BDF80A0040087A
:10A5A00005999DF8132002EB420201EB4211C8828B
:10A5B00018E0BDF80A004008FFF7AEFA05999DF8CB
:10A5C000132002EB420201EB42114883BDF80A005E
:10A5D000400805999DF8132002EB420201EB42115D
:10A5E000C883FFE707E105989DF8131001EB4101CF
:10A5F00000EB4110C0890130ADF80C00BDF80C0033
:10A60000BDF80E10484348F20101C8F20001A0FB5A
:10A610000110C00BADF80A009DF8120001281DD1F1
:10A62000FFE7BDF80C00BDF80A10401A4008059974
:10A630009DF8132002EB420201EB42114882BDF863
:10A640000C00BDF80A100844400805999DF8132035
:10A6500002EB420201EB4211C8821CE0BDF80C0083
:10A66000BDF80A10401A400805999DF8132002EB26
:10A67000420201EB42114883BDF80C00BDF80A10FC
:10A680000844400805999DF8132002EB420201EBB3
:10A690004211C883FFE7AEE005989DF8131001EB67
:10A6A000410100EB4110C0890130ADF80800BDF850
:10A6B00008004000ADF80C00BDF80C00BDF80E100D
:10A6C000484348F20101C8F20001A0FB0110C00B91
:10A6D000ADF80A009DF8120001281CD1FFE7BDF873
:10A6E0000800FFF719FA05999DF8132002EB4202C2
:10A6F00001EB42114882BDF80800FFF70DFABDF8E2
:10A700000A10084405999DF8132002EB420201EB60
:10A710004211C8821BE0BDF80800FFF7FDF905995A
:10A720009DF8132002EB420201EB42114883BDF871
:10A730000800FFF7F1F9BDF80A10084405999DF8E3
:10A74000132002EB420201EB4211C883FFE752E003
:10A7500005989DF8131001EB410100EB4110C089F1
:10A760000130ADF80C00BDF80C00BDF80E104843E8
:10A7700048F20101C8F20001A0FB0110C00BADF8C6
:10A780000A009DF81200012814D1FFE705989DF8F2
:10A79000131001EB410100EB411100204882BDF88C
:10A7A0000A0005999DF8132002EB420201EB4211C9
:10A7B000C88213E005989DF8131001EB410100EBEE
:10A7C000411100204883BDF80A0005999DF8132027
:10A7D00002EB420201EB4211C883FFE70BE04BF2B0
:10A7E0005600C8F201004CF2D101C8F2010140F25A
:10A7F000522201F021F906B080BD000000000000E7
:10A80000FFE7FEE70000000080B582B001908DF800
:10A81000031001989DF8031000EB411188896FF334
:10A820005F308881019800F043F801464AF2745085
:10A83000C8F2010030F91100F9F7BAFA02B080BD90
:10A8400082B001908DF8031001989DF8031000EB81
:10A850004110408902B0704780B582B001900198E4
:10A8600008B1FFE70AE04AF61830C8F201004CF2DE
:10A870009211C8F201017F2201F0DEF80198002157
:10A8800000910722F8F777F80098019988710199EB
:10A89000C870019988700199087101994871019AED
:10A8A000092111700199487002B080BD00000000BC
:10A8B00082B0019000200090FFE70098042811D892
:10A8C000FFE700994AF26050C8F2010050F82100F9
:10A8D0000199884201D1FFE704E0FFE700980130C9
:10A8E0000090EAE70098042801D8FFE70AE04CF25C
:10A8F0004610C8F201004CF29211C8F20101362252
:10A9000001F09AF8009802B07047000000000000C3
:10A9100080B584B003908DF80B100192019808B1B6
:10A92000FFE70AE04AF61830C8F201004CF2921133
:10A93000C8F20101462201F07FF80398FFF7B8FF43
:10A9400001464AF27450C8F2010030F91100F9F7DB
:10A950009BFA0198017842784FF4C07000EAC21067
:10A9600061F34C2003999DF80B2001EB4211888183
:10A9700001988178C07800F00100000101F0010128
:10A9800040EA411003999DF80B2001EB4211C88168
:10A9900001988079800303999DF80B2001EB421107
:10A9A000888203989DF80B1000EB4111C88A00F4CF
:10A9B0007840C88201980179407961F30A200399AF
:10A9C0009DF80B2001EB4211C88204B080BD00004D
:10A9D00082B001908DF803108DF8022001989DF847
:10A9E000031000EB41108089ADF80000BDF80000B5
:10A9F0006FF35F30ADF800009DF80210BDF8000065
:10AA000040EA4130ADF80000BDF8000001999DF822
:10AA1000032001EB4211888102B070470000000062
:10AA200080B541F2DC10C2F20100C068E0B1FFE77E
:10AA300044F20000C4F238004FF4A0614FF4A022A9
:10AA400000F0D6F880B1FFE741F2FC10C2F201003D
:10AA5000026841F2DC10C2F20100C16844F2000059
:10AA6000C4F238009047FFE741F2DC10C2F2010067
:10AA70008068E0B1FFE744F20000C4F238004FF410
:10AA8000A0614FF4A02200F0CFF880B1FFE741F2BF
:10AA90000020C2F20100026841F2DC10C2F20100A3
:10AAA000816844F20000C4F238009047FFE7BFF32A
:10AAB0004F8F80BD0000000080B541F2DC10C2F273
:10AAC00001004069E0B1FFE748F20000C4F238003D
:10AAD0004FF4A0614FF4A02200F08AF880B1FFE7A4
:10AAE00041F2FC10C2F20100026841F2DC10C2F235
:10AAF0000100416948F20000C4F238009047FFE7C6
:10AB000041F2DC10C2F201000069E0B1FFE748F257
:10AB10000000C4F238004FF4A0614FF4A02200F00E
:10AB200083F880B1FFE741F20020C2F20100026821
:10AB300041F2DC10C2F20100016948F20000C4F2E7
:10AB400038009047FFE7BFF34F8F80BD0000000043
:10AB500080B541F2DC10C2F20100C06908B1FFE724
:10AB60000BE04CF28230C8F201004CF2C431C8F262
:10AB7000010140F6926200F05FFF41F2DC10C2F288
:10AB80000100C16941F2FC10C2F2010002684CF2FE
:10AB90000000C4F238009047BFF34F8F80BD000023
:10ABA00080B541F2DC10C2F20100806908B1FFE714
:10ABB0000BE04CF26830C8F201004CF2C431C8F22C
:10ABC000010140F68A6200F037FF41F2DC10C2F268
:10ABD0000100816941F20020C2F2010002684CF2DA
:10ABE0000000C4F238009047BFF34F8F80BD0000D3
:10ABF00085B00490039102920498D0F888000190E7
:10AC00000199039A00201142009008D0FFE70198B3
:10AC100002990840002818BF01200090FFE7009823
:10AC200000F0010005B0704785B0049003910292D6
:10AC30000498806801900199039A002011420090C5
:10AC400008D0FFE7019802990840002818BF0120AA
:10AC50000090FFE7009800F0010005B07047000089
:10AC600080B541F20420C2F201000068B0B1FFE7F4
:10AC700041F21020C2F20100006878B1FFE741F212
:10AC80001020C2F20100026841F20420C2F2010069
:10AC900001680020C4F238009047FFE741F2042029
:10ACA000C2F201004068B0B1FFE741F20C20C2F2ED
:10ACB0000100006878B1FFE741F20C20C2F2010008
:10ACC000026841F20420C2F2010041680020C4F28F
:10ACD00038009047FFE7BFF34F8F80BD00000000B2
:10ACE000FFE7FEE70000000080B586B004908DF815
:10ACF0000F10029204980190019820B9FFE70320F9
:10AD00008DF8170017E00198C06858B1FFE7019966
:10AD10008868C9684B699DF80F10029A98478DF8AA
:10AD2000030003E006208DF80300FFE79DF8030011
:10AD30008DF81700FFE79DF8170006B080BD0000F2
:10AD400080B58AB009908DF823108DF822209DF8E7
:10AD500023109DF8220000EB410006900020039094
:10AD600004900998069900EB8100406920F01F00CB
:10AD70000790FFE70798002800F08E80FFE7039810
:10AD800050B9FFE707988068029002980799C9694F
:10AD900061F30B000390FFE7079840680006002866
:10ADA00004D5FFE74FF0FF3004900BE00799C86926
:10ADB000C0F312304968C1F30E41411A04980844A7
:10ADC0000490FFE70998069900EB81014869496BF7
:10ADD000884219D1FFE70998069900EB810100200C
:10ADE00048610999069A01EB8201486309998968CB
:10ADF000069A01EB82120121916009998968069AED
:10AE000001EB8211C8600BE00998069900EB810004
:10AE1000406900680999069A01EB82014861FFE7E1
:10AE200007984068C00BC00740B9FFE7099806992A
:10AE300000EB810040694009A8B9FFE79DF82300B5
:10AE40009DF8221040EAC1108DF8140000200190F6
:10AE50008DF815000998006803A900F0BDFB019862
:10AE600003900490FFE70799002048600998006963
:10AE700007990860079809990861099991F85400A1
:10AE8000013081F854000998069900EB810040696F
:10AE900020F01F0007906DE70AB080BD00000000A1
:10AEA00082B001908DF8031001208DF802009DF80A
:10AEB000031049008DF801109DF803108840019996
:10AEC0004968C1F8AC01FFE79DF8020028B3FFE72D
:10AED00001984168D1F8400140F40050C1F84001A8
:10AEE000019880689DF8011000EB8111886A086361
:10AEF000019880689DF8011000EB8111C86A4863D1
:10AF000001984068D0F840018004002804D5FFE78C
:10AF100000208DF80200FFE7D6E701984168D1F8DC
:10AF2000400120F40050C1F8400102B07047000019
:10AF300080B584B003900020009001908DF8090046
:10AF400003984068D0F88401C005002825D4FFE7A5
:10AF500003984068D0F884018005002805D5FFE7F4
:10AF60000399022081F8580004E00399002081F839
:10AF70005800FFE7039890F8560068B1FFE71020EB
:10AF80008DF8080003980068694600F025FB0399D6
:10AF9000002081F85600FFE7FFE704B080BD000005
:10AFA00080B586B005900020049005984068D0F8E0
:10AFB000AC010490049805994968C1F8AC01059862
:10AFC0004068D0F8BC010490049805994968C1F81C
:10AFD000BC01FFE7059841684FF0FF10C1F8B401CC
:10AFE000FFE705984068D0F8B00110F0FF1FF1D1DD
:10AFF000FFE705984068D0F88401C005002805D512
:10B00000FFE70599012081F856000DE0002001902E
:10B0100010218DF80C1002908DF80D000598006835
:10B0200001A900F0D9FAFFE706B080BD00000000DA
:10B0300081B0009001B0704780B58CB00B900B9838
:10B040004068D0F8AC010A900A9800284FD0FFE77A
:10B0500000208DF80F00FFE79DF80F00032845D86A
:10B06000FFE70A989DF80F10C840C007B8B3FFE784
:10B070000B9880689DF80F1001F07F0100EBC11064
:10B08000303007900798029002980078C0098DF838
:10B090000E000B989DF80F109DF80E20FFF750FE44
:10B0A0000B989DF80F109DF80E2082F00102FFF71B
:10B0B00047FE9DF80F008DF81800029804900820B4
:10B0C000059001208DF819000B989DF80F10FFF7DF
:10B0D000E7FE0B98006804A900F07EFAFFE7FFE79F
:10B0E0009DF80F0001308DF80F00B5E7FFE70B98D2
:10B0F0004068D0F8BC010A900A980B994968C1F8D9
:10B10000BC010A98002800F0A281FFE700208DF81A
:10B110000D00FFE79DF80D001F2800F29781FFE763
:10B120000A989DF80D10C840C007002800F08781DC
:10B13000FFE79DF80D00102809D3FFE79DF80D00EB
:10B1400010388DF80F0001208DF80E0007E09DF8F3
:10B150000D008DF80F0000208DF80E00FFE79DF820
:10B160000F00042801D3FFE76AE19DF80F109DF856
:10B170000E0000EB41008DF80C00002004900590BB
:10B180009DF80F0030BBFFE79DF80E00012821D18C
:10B19000FFE70B9880689DF80C1000EB8110806B26
:10B1A0004008C007A8B1FFE70B9880689DF80C1015
:10B1B00089014058400FC00750B9FFE70B988168DC
:10B1C0009DF80C008201885840F000508850FFE73D
:10B1D000FFE7FFE70B989DF80C1000EB810040693A
:10B1E00020F01F000890FFE70898002800F0268153
:10B1F000FFE700208DF807000B989DF80C1000EB7E
:10B200008100406920F01F000890FFE7089818B3FC
:10B21000FFE7089840680006002806D4FFE7089872
:10B220004068C00BC00788B1FFE708984068000677
:10B2300000280AD4FFE708984068C00BC00720B177
:10B24000FFE701208DF80700FFE705E00898006898
:10B2500020F01F000890D9E79DF8070020B9FFE70C
:10B26000089808B1FFE7E9E00B989DF80C1000EB97
:10B270008100406920F01F000890FFE7089800282F
:10B2800000F0DB80FFE7089840680006002801D541
:10B29000FFE7D2E0049840B9FFE708988068089972
:10B2A000C96961F30B000490FFE70899C869C0F30E
:10B2B00012304968C1F30E41411A059808440590BF
:10B2C0000B989DF80C1000EB81014869496B88428E
:10B2D0001DD1FFE70B989DF80C1000EB81010020B9
:10B2E00048610B999DF80C2001EB820148630B9992
:10B2F00089689DF80C2001EB8212012191600B9965
:10B3000089689DF80C2001EB8211C8600DE00B9854
:10B310009DF80C1000EB8100406900680B999DF8C6
:10B320000C2001EB82014861FFE708984068C00BE0
:10B33000C00748B9FFE70B989DF80C1000EB81009F
:10B3400040694009A8B9FFE79DF80F009DF80E106D
:10B3500040EAC1108DF81800002000908DF8190007
:10B360000B98006804A900F037F900980490059044
:10B37000FFE70899002048600B9800690899086069
:10B3800008980B9908610B9991F85400013081F8E5
:10B3900054000B989DF80C1000EB8100406920F0E0
:10B3A0001F0008900898002846D0FFE708984068DA
:10B3B0000006002840D5FFE79DF80F009DF80E100D
:10B3C00000EB011101208840099009980B99496808
:10B3D000C1F8B0010B984068D0F8B801099908424B
:10B3E00029D1FFE7FFE70B984068D0F8B001099931
:10B3F000084201D0FFE7F6E70B984068D0F8B801A3
:10B400000999084216D1FFE708980B9989689DF8B9
:10B410000C2001EB821188600B9880689DF80C105D
:10B4200000EB81110020C86009980B994968C1F8A8
:10B43000B001FFE7FFE7FFE720E7D5E6FFE7FFE71B
:10B440009DF80D0001308DF80D0063E6FFE70CB0AC
:10B4500080BD00000000000080B584B00390039818
:10B460000290039808B9FFE73AE0029880680190DB
:10B4700001984068D0F84401009001984068D0F8E5
:10B480004811009808400090009801994968C1F857
:10B4900044019DF800004006002804D5FFE701980C
:10B4A000FFF77EFDFFE79DF80000C00720B1FFE732
:10B4B0000198FFF7C1FDFFE79DF800004007002855
:10B4C00004D5FFE70198FFF733FDFFE79DF8000083
:10B4D0000006002804D5FFE70198FFF7A9FDFFE764
:10B4E00004B080BD0000000080B586B005900491D6
:10B4F0000498007A00F00F008DF80F000498007A8D
:10B50000C0098DF80E0001208DF80D000498007A16
:10B510008DF80C009DF80C00102807D1FFE7059866
:10B52000049900F081F88DF80D004FE09DF80F00B0
:10B5300003284AD8FFE705989DF80F1001F07F0215
:10B540009DF80E1041EA420101EB410100EB810040
:10B550004069C8B3FFE70498006800900498406809
:10B5600001900498407A8DF808000498407A38B128
:10B57000FFE7059900200877059981F828000FE07A
:10B5800005989DF80F1001F07F029DF80E1041EA1A
:10B59000420101EB410100EB810100200877FFE748
:10B5A00005989DF80F1001F07F029DF80E1041EAFA
:10B5B000420101EB410100EB81014B698A69694657
:10B5C00098478DF80D00FFE7FFE7FFE79DF80D00B6
:10B5D00006B080BD0000000080B586B004900391E5
:10B5E0000498029003980190039818B1FFE704981B
:10B5F00020B9FFE703208DF817000EE002980069DC
:10B6000020B9FFE701208DF8170006E002980199A4
:10B61000FFF76AFF8DF81700FFE79DF8170006B0E7
:10B6200080BD00000000000080B586B00590049148
:10B630000599012081F8770005980E2100220292D9
:10B64000FFF752FB0298059A022182F876100599BD
:10B6500081F874000390FFE7039807281BD8FFE7E1
:10B660000598039901EB410100EB8101002048613D
:10B670000599039A02EB420201EB82018861059968
:10B68000039A02EB420201EB82010877FFE703987D
:10B6900001300390E0E7059803690121002201923F
:10B6A00098470198059981F8770006B080BD0000A1
:10B6B00080B541F2F400C2F201000068FFF7CCFE51
:10B6C00080BD00000000000080B541F2F400C2F22D
:10B6D00001000068FFF7C0FE80BD00000000000010
:10B6E00080B540F2D400C2F2000002684AF28050F5
:10B6F000C8F20100406841F21421C2F20101496818
:10B700009047BFF34F8F80BD80B540F2D400C2F2A6
:10B71000000002684AF28050C8F20100806841F2DD
:10B720001421C2F2010189689047BFF34F8F80BD99
:10B73000FFE7FEE70000000084B003900291019251
:10B74000FFE7039850E8000F0090009802998843A3
:10B75000019908430090FFE70099039A42E800101E
:10B760000028EED1FFE704B07047000000000000A1
:10B7700084B0039002910192FFE7039850E8000F14
:10B780000090009802998843019908430090FFE7D0
:10B790000099039A42E800100028EED1FFE704B0B8
:10B7A000704700000000000084B0039002910192F5
:10B7B000FFE7039850E8000F009000980299884333
:10B7C000019908430090FFE70099039A42E80010AE
:10B7D0000028EED1FFE704B0704700000000000031
:10B7E00084B0039002910192FFE7039850E8000FA4
:10B7F0000090009802998843019908430090FFE760
:10B800000099039A42E800100028EED1FFE704B047
:10B81000704700000000000084B003900291019284
:10B82000FFE7039850E8000F0090009802998843C2
:10B83000019908430090FFE70099039A42E800103D
:10B840000028EED1FFE704B07047000000000000C0
:10B8500084B0039002910192FFE7039850E8000F33
:10B860000090009802998843019908430090FFE7EF
:10B870000099039A42E800100028EED1FFE704B0D7
:10B88000704700000000000084B003900291019214
:10B89000FFE7039850E8000F009000980299884352
:10B8A000019908430090FFE70099039A42E80010CD
:10B8B0000028EED1FFE704B0704700000000000050
:10B8C00084B0039002910192FFE7039850E8000FC3
:10B8D0000090009802998843019908430090FFE77F
:10B8E0000099039A42E800100028EED1FFE704B067
:10B8F000704700000000000084B0039002910192A4
:10B90000FFE7039850E8000F0090009802998843E1
:10B91000019908430090FFE70099039A42E800105C
:10B920000028EED1FFE704B07047000000000000DF
:10B9300082B041EC100B8DED000B0198C0F30A5062
:10B9400040F2FF71401A18BF012002B0704700009A
:10B9500081B000EE100A00900098C0F3C750FF3885
:10B9600018BF012001B0704781B0ADF80200BDF9E9
:10B97000020000280ED4FFE7BDF9021001F01F02FB
:10B98000012090404A094EF20011CEF2000141F828
:10B990002200FFE701B0704781B0ADF80200BDF9A9
:10B9A000020000280ED4FFE7BDF9021001F01F02CB
:10B9B000012090404A094EF20011CEF2000141F8F8
:10B9C0002200FFE701B0704781B0ADF80200BDF979
:10B9D000020000280ED4FFE7BDF9021001F01F029B
:10B9E000012090404A094EF20011CEF2000141F8C8
:10B9F0002200FFE701B0704783B00290029800F088
:10BA0000070000904EF60C51CEF20001086801903C
:10BA100001984FF6FF02104001900198009A40EA09
:10BA200002200022C0F2FA521043019001980860EF
:10BA300003B070470000000084B0039002910192AF
:10BA40000399029A019B4CF2FF30C8F20100FAF709
:10BA500023FBFFE700BEFDE710B586B0DDF828C088
:10BA6000DDF824C0DDF820C0059004910392029314
:10BA700005980499039A029BDDF820C0099CEE46C4
:10BA8000CEF80440CEF800C0FBF7DEFF059804991D
:10BA9000039A029BDDF820C00A9CEE46CEF80440D3
:10BAA000CEF800C0FBF7BCFF06B010BD00000000E0
:10BAB00080B584B0039002910192009340F69C708F
:10BAC000C2F20100006860B1FFE740F69C70C2F26C
:10BAD0000100D0F800C003980299019A009BE0474A
:10BAE000FFE7019840F65731884219D1FFE740F649
:10BAF0005870C2F20100007890B1FFE74BF2B0102D
:10BB0000C2F2000000684BF20C21C2F20001086092
:10BB10004BF21021C2F20001086801300860FFE713
:10BB200004B080BD000000004BF2B010C2F2000073
:10BB3000006870470000000080B588B001F0D4FBB9
:10BB40004BF2B010C2F2000000680AF08DFA03F068
:10BB500037FB09F005FB00F0EFF80BF0F1FE0420D5
:10BB60000190F8F7C1F944F6D351C1F26201029194
:10BB7000A0FB0110800900EB800041000020039031
:10BB800007F05EFF0198F8F7AFF90299A0FB0110EA
:10BB90008109012007F054FF039804F079FFFFE7C3
:10BBA00007F0D2F858B1FFE74AF2A250C8F20100FC
:10BBB00001F0CAFB4FF47A700BF06AFDF0E7EFF387
:10BBC0001080059005980490EFF3108072B60690EF
:10BBD0004BF23421C2F20001086B40F69C72C2F2B3
:10BBE0000102106049F24160C8F20000086340F6AB
:10BBF0005871C2F20101002008700498079007985C
:10BC000080F310884AF2C650C8F2010001F09CFB94
:10BC100040F61C60C2F2010040F69561C2F20101DB
:10BC200040F6F172C2F2010201F052F84AF28C5071
:10BC3000C8F2010001F088FB06F01EFA08B080BDD2
:10BC400080B58AB006F0C0FB18B1FFE70AF07CFAB5
:10BC5000FFE701A800F038F89DF806004BF2AC11A0
:10BC6000C2F200010978884209D1FFE703984BF23C
:10BC7000A811C2F200010968884212D0FFE709F05A
:10BC80006FFA0BF05DFE9DF806004BF2AC11C2F2AC
:10BC90000001087003984BF2A811C2F2000108607D
:10BCA000FFE74BF2B010C2F20000006800F038F974
:10BCB00040B9FFE74BF2B010C2F20000006809F093
:10BCC00067FBFFE70AB080BDB0B587B0039003986B
:10BCD00008B9FFE72BE0EFF310800490049802907E
:10BCE000EFF3108072B605900399009140F6A473AB
:10BCF000C2F20103019318685A68D3F808C0D3F858
:10BD00000CE01C695D694D610C61C1F80CE0C1F883
:10BD100008C04A6008609869DA691B6A0B62CA61E8
:10BD2000886102980690069880F31088FFE707B0B4
:10BD3000B0BD000000000000B0B582B04BF2E020C2
:10BD4000C2F20000009000F067FA009B18685A6881
:10BD5000D3F808C0D3F80CE01C695D6940F6A47103
:10BD6000C2F201014D610C61C1F80CE0C1F808C0DC
:10BD70004A6008609869DA691B6A0B62CA61886167
:10BD800046F6E840C2F20100002101911422F6F7C4
:10BD9000F2FD019941F28020C2F20100016041F2FE
:10BDA0009820C2F20100016041F28C20C2F2010031
:10BDB00001704F20012247F2480304F01DFC02B03D
:10BDC000B0BD00000000000040F6A470C2F2010007
:10BDD000807870470000000080B58FB00B900A910A
:10BDE00009920B9808B9FFE795E00A980490099822
:10BDF00005900B9800788DF818000B9840788DF816
:10BE000019000B9881780020029079B1FFE70B9818
:10BE1000C1780020FF29029008D0FFE70B98C17875
:10BE200000204F2988BF01200290FFE7029800F010
:10BE300001008DF81A000B98407900F001008DF890
:10BE40001B000B98017B002001290146C8BF01217E
:10BE50008DF81C100B99097B0139B1FA81F1490960
:10BE60008DF81E100B990978019031B3FFE70B98FC
:10BE700041790020019001BBFFE70B98017B012075
:10BE80000229009016D0FFE70B98017B01200429BE
:10BE900000900FD0FFE70B98017B0120052900904F
:10BEA00008D0FFE70B98007B0638B0FA80F0400915
:10BEB0000090FFE700980190FFE7019800F0010073
:10BEC0008DF81D000B980089ADF820000B98408973
:10BED000ADF82200EFF310800C900C980390EFF374
:10BEE000108072B60D900498059A069BDDF81CC070
:10BEF000DDF820E046F6E841C2F20101C1F810E0A9
:10BF0000C1F80CC08B604A60086003980E900E98D0
:10BF100080F31088FFE70FB080BD00000000000034
:10BF200080B59AB016900DA8FFF7CEFE9DF83600AA
:10BF300070B1FFE7BDF94810169A012002900AF08F
:10BF40006BF8029841F28C21C2F20101087014E0F2
:10BF500041F28C20C2F20100007868B1FFE7169A26
:10BF60000021019108460AF057F8019841F28C210E
:10BF7000C2F201010870FFE7FFE704A8FFF7A4FE83
:10BF80009DF8120028B1FFE706980F99884215D056
:10BF9000FFE741F28C20C2F20100007868B1FFE7B0
:10BFA000169A0021009108460AF036F8009841F2EE
:10BFB0008C21C2F201010870FFE735E09DF83600E0
:10BFC00088B3FFE70AF048F8807960B3FFE7EFF342
:10BFD0001080179017980390EFF3108072B61890A6
:10BFE00040F6A470C2F201008078B0B1FFE740F6DD
:10BFF000A470C2F2010080680F9988420DD1FFE75A
:10C000000F9841F28021C2F201010860169841F2B6
:10C010009821C2F201010860FFE70398199019986E
:10C0200080F31088FFE7FFE7FFF7CEFE1AB080BD70
:10C03000B0B5B2B0319046F6E84CC2F2010CDCF873
:10C040000000DCF80410DCF80820DCF80C30DCF828
:10C0500010C0CDF88CC02293219220911F9012A87D
:10C0600003F06AF808A806F037F824A80021049124
:10C070003422F6F780FC0498319924919DF8211020
:10C08000059039B1FFE79DF82000083818BF01205E
:10C090000590FFE7059800F001008DF8A8009DF8D5
:10C0A000311001200390C9B9FFE79DF8401000202E
:10C0B000029081B9FFE7BDF842100120019039B923
:10C0C000FFE7BDF84400002818BF01200190FFE7FA
:10C0D00001980290FFE702980390FFE7039800F0B1
:10C0E00001008DF8A9004F2004F072FAB0FA80F038
:10C0F00040098DF8AA004E2004F06AFAB0FA80F0E8
:10C1000040098DF8AB004C2004F062FAB0FA80F0E0
:10C1100040098DF8AC001E98279016982E901C9818
:10C120002F90BDF94810BDF96020C817891840EB61
:10C13000E27006910790069807994CF6D832C0F243
:10C140003212A0FB020301FB023144F60002C0F2EE
:10C150000D020023F6F7BDFB30901F982590209824
:10C1600026909DF884008DF8AD009DF885008DF82F
:10C17000AE009DF886008DF8AF009DF887008DF821
:10C18000B0009DF888008DF8B1009DF889008DF809
:10C19000B2009DF88A008DF8B300BDF88C00ADF8B0
:10C1A000B400BDF88E00ADF8B60041F28020C2F2B6
:10C1B00001000068289041F29820C2F20100006856
:10C1C00029904BF2E020C2F20000009024A900F078
:10C1D00097F8009A9078118A528A05F009FF009B1F
:10C1E00018685A68D3F808C0D3F80CE01C695D6978
:10C1F00040F6A471C2F201014D610C61C1F80CE07E
:10C20000C1F808C04A6008609869DA691B6A0B6265
:10C21000CA61886132B0B0BD10B592B0119049F6D4
:10C22000B830C8F20100016842688368D0F80CC0D9
:10C23000D0F810E044690F94CDF838E0CDF834C060
:10C240000C930B920A918069109049F6D430C8F291
:10C250000100016842688368D0F80CC0D0F810E093
:10C2600044690894CDF81CE0CDF818C005930492F9
:10C27000039180690990119808B9FFE73BE0119894
:10C2800000210191F822F6F776FB1199012081F83F
:10C29000EE00119981F8ED00119824300AA901F0FF
:10C2A000EBFB014601980290A1B1FFE711985030D5
:10C2B0000AA901F0E1FB01460020029051B1FFE71D
:10C2C00011987C3003A901F0D7FB002818BF01208A
:10C2D0000290FFE7029800F00100119981F8EC004C
:10C2E000119890F8EC0030B9FFE71198062101226F
:10C2F0000BF08EF9FFE712B010BD00000000000047
:10C3000080B594B013901291139818B1FFE712986A
:10C3100008B9FFE73EE3129840681399D1F8A810D6
:10C32000401A18BF01208DF847001298C068139971
:10C33000D1F8AC10401A18BF01208DF846009DF8C6
:10C34000460058B1FFE71298C0681399C1F8AC00D5
:10C35000129800681399C1F8B000FFE79DF84700F4
:10C36000002848D0FFE7129840681399C1F8A80048
:10C370001298807F139908711298407F10B3FFE7DD
:10C380001299887F0790139805F0DEFC0146079804
:10C39000884217DBFFE7129890F8200090B9FFE77A
:10C3A0001399002081F8F100139890F8F000FE280E
:10C3B00007DCFFE7139991F8F000013081F8F000F5
:10C3C000FFE717E01399002081F8F000139981F836
:10C3D000F400139981F8F500139890F8F100FE2805
:10C3E00007DCFFE7139991F8F100013081F8F100C3
:10C3F000FFE7FFE7FFE71298C07E40B9FFE7139819
:10C40000807878B1FFE71298007F58B1FFE7139862
:10C41000052100220BF0FCF8129800681399C1F86E
:10C42000CC00B7E21398129905F056FB8DF8450041
:10C430009DF84500002856D0FFE71398807830B16A
:10C44000FFE71398052100220BF0E2F8A2E213980F
:10C4500090F8EC0030B9FFE71398062101220BF0A9
:10C46000D7F897E21298007E90B3FFE71298407ECB
:10C4700070BBFFE71298007F50BBFFE7139890F85E
:10C48000F000032824D3FFE71298407F00B3FFE7B2
:10C490001299887F0690139805F056FC014606987D
:10C4A000884215DBFFE7129890F8200080B9FFE77B
:10C4B000129908688968401A962809D8FFE71298E7
:10C4C00000681399D1F8B010401A1F2806D3FFE76F
:10C4D000139806210C220BF09BF85BE2139812993B
:10C4E00000F072FAFFE71398807808B9FFE751E28D
:10C4F0001298806A139988611298C06A1399C8616A
:10C50000129908688968401A972806D3FFE713989C
:10C51000062102220BF07CF83CE212980068139985
:10C52000D1F8B010401A1F2806D3FFE71398062150
:10C5300004220BF06DF82DE2129800681399D1F8DF
:10C54000B410401A652814D3FFE7129800691399B4
:10C550008968884207D1FFE7129908684969401A3B
:10C56000652806D3FFE71398062108220BF050F840
:10C5700010E2129890F8200030B1FFE713980621DE
:10C5800009220BF045F805E2139890F8F100032812
:10C5900006D3FFE71398062103220BF039F8F9E1DF
:10C5A000129800681399D1F8B410401A4BF6217113
:10C5B000C0F20201884206D3FFE7139806210A223F
:10C5C0000BF026F8E6E11398129903F0DDF808B9AC
:10C5D000FFE7DFE19DF8460020B3FFE71298006B0C
:10C5E00001281FDBFFE71398D0F8C8001299096BE8
:10C5F00008440890089944F6D350C1F26200A1FBA8
:10C600000013139AD16801EB9311D160089AA2FB31
:10C61000001080094FF47A7100FB11201399C1F8C2
:10C62000C800FFE79DF84700A0B1FFE71298407FE0
:10C6300080B1FFE71299887F0590139805F084FB7D
:10C6400001460598884205DBFFE7139812990BF025
:10C6500037FDFFE713980078032821D1FFE71399EE
:10C66000C868D1F8C410401AB0F5FA7F06D3FFE7C6
:10C670001398042100220AF0CBFF8BE11298006886
:10C680001399D1F8C010401A42F21171884206D3B2
:10C69000FFE7139806210B220AF0BAFF7AE1FFE7C1
:10C6A00013980078012819D1FFE7129800681399B0
:10C6B000D1F8B410401AB0F5FA7F07D3FFE712980B
:10C6C000006913998968884204D0FFE713980DF038
:10C6D000C7FF5FE1139902200870FFE71298407FBF
:10C6E00058B1FFE71299887F0490139805F02CFB4E
:10C6F00001460498884204DAFFE713980DF0B0FF72
:10C7000048E19DF84700002862D0FFE71298B0F991
:10C710002410B0F9260000EE101AB8EEC01A00EE90
:10C72000100AB8EEC00A9FED9C2A20EE020A9FED87
:10C730009B2AA1EE020A8DED0F0A139890F8F600DD
:10C7400088B1FFE7129880681399D1F8E010401A79
:10C7500000EE100AB8EE400A9FED921A80EE010A30
:10C760008DED030A04E09FED8E0A8DED030AFFE7CD
:10C770009DED030A8DED0E0A9DED0E0A9FED8A1ABE
:10C78000B4EE410AF1EE10FA06DAFFE741F26F204B
:10C79000C3F683200E90FFE713987C30DDED0F0A7F
:10C7A000DDED0E1A9FED811AB0EE410A01F0E0F9BD
:10C7B000BDEEC00A10EE100A1399888212988068A4
:10C7C0001399C1F8E0001399012081F8F600FFE702
:10C7D0000020C4F234301090129890F8230080B9F1
:10C7E000FFE71298B0F92400F6F7A4F80C2808DC4B
:10C7F000FFE71298B0F92600F6F79CF8112809DB3C
:10C80000FFE79DED100ADFED6A0A05F07DFA8DED78
:10C81000100AFFE7129890F8210028B9FFE7129854
:10C82000807F402809DCFFE79DED100ADFED610AFB
:10C8300005F06AFA8DED100AFFE7139800780328D7
:10C8400009D1FFE79DED100ADFED5A0A05F05CFA09
:10C850008DED100AFFE79DED100A139890ED081A70
:10C86000B0EE002A71EE020A05F04EFA139880ED40
:10C87000080A129890ED0A0AB8EEC01A139890EDC3
:10C88000390A31EE402A9FED4C1A8DED011AA2EEC5
:10C89000010A80ED390A129890ED0B0AB8EEC02A11
:10C8A000139890ED3A0A32EE402AA2EE010A80ED8A
:10C8B0003A0A1398B0F9140000EE100AB8EEC00A54
:10C8C0009FED3E2A20EE020A9FED362A80EE020AF4
:10C8D0008DED090A139890ED080A9DED092AB7EE2F
:10C8E000003A33EE422A20EE020A8DED0B0A13982D
:10C8F00090ED080A9DED092A32EE032A20EE020A85
:10C900008DED0A0A139901F124009DED0B0AD1ED7A
:10C91000390A20EE011ADFED2A1ACDED021A01F0D4
:10C9200027F99DED011ADDED021A8DED0D0A13991F
:10C9300001F150009DED0A0AD1ED3A0A20EE011AEC
:10C9400001F016F98DED0C0A139890F84E0050B1D5
:10C95000FFE7139890F87A0028B1FFE7139890F852
:10C96000A60030B9FFE71398062101220AF050FE15
:10C9700010E01398008A9DED0D0A02F059FB1399FF
:10C9800008821398408A9DED0C0A02F051FB13991E
:10C990004882FFE714B080BD3333B33E6666263F5E
:10C9A0000AD7A33C00007A446F12833A00000000CB
:10C9B0000000F0420000C8429A99993E9A99193EA7
:10C9C0000AD7233C0000000080B584B00390029198
:10C9D000039880680130019003980DF041FE0198A2
:10C9E0000399886003980121817003980170039A6C
:10C9F00000205070039AD060039AC2F8C800039ACE
:10CA0000D070029A1268039BC3F8B420039A82F88C
:10CA1000F200039A82F8F310039981F8F400039965
:10CA200081F8F5000399C1F8D0000399C1F8D4004A
:10CA30000399C1F8D8000399C1F8DC00039981F883
:10CA4000F100029890ED0A0AB8EEC00A039880ED52
:10CA5000390A029890ED0B0AB8EEC00A039880EDEF
:10CA60003A0A04B080BD000084B00390ADF80A100B
:10CA7000ADF808200193BDF80A00BDF8081048433E
:10CA8000ADF802000020ADF80000FFE7BDF800009F
:10CA9000BDF8021088421BDAFFE70398BDF80010CA
:10CAA000405C0199884206D9FFE70399BDF8002050
:10CAB000FF20885405E00399BDF800200020885429
:10CAC000FFE7FFE7BDF800000130ADF80000DDE74B
:10CAD00004B070470000000080B584B0039002915C
:10CAE0000398002818BF01204AF6B471C8F201016A
:10CAF000C72201F0CDFC0298019003994BF2B510CA
:10CB0000C2F2000001AA002302F0BEFF019804B0A7
:10CB100080BD00000000000080B584B00390029149
:10CB20000398002818BF01204AF6B471C8F2010129
:10CB3000632201F0ADFC0020ADF80600FFE702988B
:10CB400080B3FFE77A2003F043FDE0B9FFE70298E6
:10CB50001E280FD3FFE7039908201E220BF050FA7E
:10CB600003981E30039002981E3802900020ADF802
:10CB7000060007E00399029A08200BF041FA002012
:10CB800002900FE00DE0BDF806000130ADF80600A0
:10CB900080B2642801DBFFE704E001200AF078FDA1
:10CBA000FFE7CCE7029804B080BD00000000000061
:10CBB00080B584B0039002910398002818BF01202B
:10CBC0004AF6D431C8F20101C52201F061FC029895
:10CBD000019003994BF2CC10C2F2000001AA00238D
:10CBE00002F052FF019804B080BD00000000000078
:10CBF00080B584B0039002910398002818BF0120EB
:10CC00004AF6D431C8F20101602201F041FC002053
:10CC1000ADF80600FFE7029888B3FFE77A2003F03B
:10CC2000D7FCE0B9FFE702981E280FD3FFE703996E
:10CC300008201E220BF0E4F903981E30039002989E
:10CC40001E3802900020ADF8060007E00399029A12
:10CC500008200BF0D5F90020029010E00EE0BDF89E
:10CC600006000130ADF8060080B2B0F5FA7F01DBB6
:10CC7000FFE704E001200AF00BFDFFE7CBE7029895
:10CC800004B080BD0000000080B582B00190019822
:10CC900000F00EFB4BF20820C2F2000000780128E1
:10CCA00003D1FFE7019808B9FFE70FE0019941F2CE
:10CCB000B220C2F2010045F62002F5F73FFE4BF22A
:10CCC0001041C2F2000101200870FFE702B080BDF0
:10CCD00080B586B00490039102924BF20820C2F214
:10CCE00000000021019101704BF2F410C2F200002B
:10CCF00001604BF2F010C2F2000001604BF2042020
:10CD0000C2F2000001604BF20020C2F2000001609C
:10CD10004BF2F810C2F2000001704BF2FC10C2F2AC
:10CD2000000001604BF2DB20C2F20000017040F60F
:10CD3000F070C2F2010001704BF21040C2F200002C
:10CD4000017046F6D420C2F20100016004984BF253
:10CD5000E412C2F20002106003984BF2E812C2F231
:10CD60000002106002984BF2EC12C2F20002106056
:10CD700046F60650C2F20100017046F6FD40C2F2CE
:10CD80000100017046F60550C2F2010001704D200D
:10CD9000012247F2480303F02FFC019800F0BCF990
:10CDA000049830B1FFE7039818B1FFE7029850B933
:10CDB000FFE7022001210091002207F091FF009877
:10CDC0008DF8170003E000208DF81700FFE79DF8AD
:10CDD000170006B080BD000080B582B001900198B8
:10CDE00000F096F808B1FFE790E04BF2DB20C2F2CA
:10CDF0000000007850B1FFE701984BF2DC21C2F24D
:10CE000000010968401AFA280FD3FFE74BF2DB2133
:10CE1000C2F200010120087001984BF2DC21C2F23D
:10CE20000001086000F04CFBFFE746F6FC40C2F250
:10CE30000100007808B9FFE768E04BF20820C2F271
:10CE400000000078032810D0FFE74BF20820C2F260
:10CE500000000078042808D0FFE74BF20820C2F257
:10CE600000000078052851D1FFE740F6F070C2F2CB
:10CE70000100007868B9FFE7019840F6EC71C2F252
:10CE80000101086040F6F071C2F201010120087052
:10CE90003BE0019840F6EC71C2F201010968401ACA
:10CEA00041F2883188422FD3FFE74BF20820C2F2CB
:10CEB000000001780539B1FA81F149098DF80310B4
:10CEC00040F6F072C2F20102002111704BF2002212
:10CED000C2F2000211680131116006210170007870
:10CEE00000F042FA00F0ECFA9DF8030018B1FFE7F9
:10CEF0000DF00EF9FFE700F0B7FC4BF2DB21C2F2B8
:10CF0000000100200870FFE7FFE7FFE702B080BDE7
:10CF100080B584B002904D2003F05AFB8DF80700D5
:10CF200046F60650C2F201000078B8B9FFE746F6AF
:10CF30000651C2F20101012008709DF8070046F673
:10CF40000451C2F201010870029846F60051C2F283
:10CF50000101086000208DF80F0069E09DF80700CE
:10CF600046F60451C2F20101097888420ED0FFE76B
:10CF70009DF8070046F60451C2F2010108700298BC
:10CF800046F60051C2F201010860FFE7029846F63A
:10CF90000051C2F201010968401A1D2804D8FFE7B8
:10CFA00000208DF80F0043E09DF8070070B1FFE707
:10CFB0009DF8070046F60551C2F20101087046F6D9
:10CFC000FD41C2F20101012008702DE046F6055036
:10CFD000C2F2010000789DF80710884223D0FFE7D5
:10CFE0009DF8070046F60551C2F20101087046F6A9
:10CFF000FD40C2F201000078A0B1FFE746F6FD4116
:10D00000C2F201010020087046F6FC40C2F20100A5
:10D010000078B0FA80F0400900F07EF801208DF829
:10D020000F0005E0FFE7FFE700208DF80F00FFE7A6
:10D030009DF80F0004B080BD80B584B002900191CE
:10D04000029858B1FFE7019840B1FFE74BF2082082
:10D05000C2F200000078012804D0FFE74FF0FF3053
:10D06000039015E0312003F0B3FA20B9FFE74FF049
:10D07000FF3003900CE00198412803D3FFE74020E4
:10D080000190FFE7029801990CF05AFE0390FFE728
:10D09000039804B080BD000080B582B001904BF2CF
:10D0A0000820C2F200000078012807D1FFE74BF208
:10D0B0001040C2F20000007808B9FFE727E04BF209
:10D0C0001041C2F20001002008704BF21442C2F27B
:10D0D000000211680131116008B1FFE717E04BF25F
:10D0E000CB11C2F200010020087008F029FD4BF2BC
:10D0F0000820C2F200000078012808D1FFE74BF2B7
:10D10000F411C2F20001086801300860FFE702B0C4
:10D1100080BD00000000000080B584B08DF80E00D6
:10D120009DF80E0046F6FC41C2F2010108704BF278
:10D130001041C2F200010020087046F6D421C2F26C
:10D140000101086040F6F071C2F2010108709DF81B
:10D150000E00A0B9FFE730200121002202924823EF
:10D1600003F04AFA02994BF20820C2F20000017063
:10D17000007800F0F9F802988DF80F0023E04BF2E8
:10D18000E410C2F20000006870B1FFE74BF2E81053
:10D19000C2F20000006838B1FFE74BF2EC10C2F2B7
:10D1A0000000006850B9FFE7022001210191002230
:10D1B00007F096FD01988DF80F0004E000F054FB95
:10D1C0008DF80F00FFE79DF80F0004B080BD000050
:10D1D00080B588B0069005910598049000200390D2
:10D1E0004BF2CB12C2F200021078411C11700AF00F
:10D1F000B3FB8DF80B004BF20820C2F20000007860
:10D20000012807D1FFE746F6D420C2F201000068EA
:10D2100018B9FFE70598079044E0FFE70498C0B30A
:10D22000FFE746F6D420C2F201000268069804998E
:10D230009047019001980499884209D9FFE79DF829
:10D240000B10019A052007F04BFD0498079029E088
:10D2500004980199411A0698084406900198049090
:10D26000049818B9FFE7002007901BE003980228F4
:10D2700001D1FFE70DE00398013003904BF2042148
:10D28000C2F2000108680130086014200AF000FAB8
:10D29000C4E79DF80B10049A052007F021FD0498BF
:10D2A0000790FFE7079808B080BD0000000000006D
:10D2B00080B586B00590059888B1FFE7059A694664
:10D2C0000020C860B42088604FF48D7048607820DA
:10D2D000086013202821BC2304F026F9FFE706B0DC
:10D2E00080BD00000000000080B582B0022003F085
:10D2F000E3FE0020019003F0CBFC012003F010FFBF
:10D3000001994FF6FF7003F0BFFE03F0E1FB0198B7
:10D3100040F2B002C2F200024FF0FF3111604AF257
:10D320002361C8F2010101F057FD4AF20C60C8F216
:10D33000010000F009F84AF2BA71C8F20101E020D8
:10D3400001F04AFD02B080BD80B582B00190019825
:10D3500028B1FFE70199102001F03EFDFFE702B080
:10D3600080BD00000000000080B592B08DF847003D
:10D370009DF8470040F2B001C2F2000109688842FE
:10D3800001D1FFE797E09DF8470040F2B001C2F2FB
:10D39000000108609DF8470001460491072800F24B
:10D3A0007F800499DFE801F0040A10161C2E222861
:10D3B0004AF2B460C8F20100109077E04AF275605A
:10D3C000C8F20100109071E04AF60A00C8F20100AC
:10D3D00010906BE04AF6E100C8F20100109065E0A1
:10D3E0004AF6C000C8F2010010905FE04AF626003D
:10D3F000C8F20100109059E04AF2F050C8F2010062
:10D40000109053E04BF2F810C2F20000007804389C
:10D4100001460391052829D80399DFE801F00309A3
:10D420000F151B214AF29F70C8F20100059023E0FE
:10D430004AF2E170C8F2010005901DE04AF29D70C9
:10D44000C8F20100059017E04AF60410C8F2010086
:10D45000059011E04AF60300C8F2010005900BE0C8
:10D460004AF60910C8F20100059005E04AF67A0074
:10D47000C8F201000590FFE7059B4BF2FC10C2F2D9
:10D4800000000068694608604AF6A702C8F2010277
:10D4900006A8029028210DF003F90298109005E0EB
:10D4A0004AF2A470C8F201001090FFE71099E02042
:10D4B00001F092FCFFE712B080BD00000000000008
:10D4C00080B592B001F044FB08B1FFE77DE001F0C8
:10D4D0003BFD08B1FFE778E001F096FC08B1FFE7FB
:10D4E00073E04BF2F410C2F2000003684BF2F0104C
:10D4F000C2F2000000684BF20021C2F200010A688B
:10D5000069464A6008604AF62812C8F2010208A873
:10D51000049028210DF0C4F80499002001F05CFC6F
:10D5200008F09AFD079007980078013801460591A8
:10D53000082831D80599DFE801F0050B11111717FC
:10D540001D2329004AF22E70C8F20100069029E03E
:10D550004AF22770C8F20100069023E04AF25C709C
:10D56000C8F2010006901DE04AF29960C8F201007D
:10D57000069017E04AF2C660C8F20100069011E07A
:10D580004AF27060C8F2010006900BE04AF21A708D
:10D59000C8F20100069005E04AF26260C8F201009C
:10D5A0000690FFE7069B07984088694608604AF6A0
:10D5B0008202C8F2010208A8039028210DF070F839
:10D5C0000399102001F008FCFFE712B080BD0000B5
:10D5D00080B54BF21C20C2F200004BF21422C2F2C2
:10D5E00000020021082302F017FA80BD00000000AD
:10D5F00084B08DED020ACDED010A8DED001A9DED8E
:10D60000020A9DED011AB4EE410AF1EE10FA03DAB6
:10D61000FFE7019803900FE09DED020A9DED001ACF
:10D62000B4EE410AF1EE10FA03DDFFE70098039033
:10D6300002E002980390FFE79DED030A04B07047F3
:10D6400081B0009000990020C8610099086200999B
:10D650004862009981F82800009981F82A0001B0F9
:10D66000704700000000000080B582B00190019872
:10D6700040F2F401C2F200010860F5F791FFF6F7FD
:10D68000F3F809F0E9FF03F01BFA02B080BD0000D7
:10D6900080B582B00190002048B9FFE7019800688A
:10D6A000FEF756F901460020009081B9D6E00198B6
:10D6B00090ED000AB7EEC00A51EC100BFEF738F9F6
:10D6C000014600200029009000F0C880FFE70020FC
:10D6D00048B9FFE701984068FEF73AF90146002093
:10D6E000009081B9BAE0019890ED010AB7EEC00A46
:10D6F00051EC100BFEF71CF90146002000290090A8
:10D7000000F0AC80FFE7002048B9FFE7019880688F
:10D71000FEF71EF901460020009081B99EE00198B5
:10D7200090ED020AB7EEC00A51EC100BFEF700F9BB
:10D73000014600200029009000F09080FFE70020C3
:10D7400048B9FFE70198C068FEF702F901460020DA
:10D75000009079B982E0019890ED030AB7EEC00A13
:10D7600051EC100BFEF7E4F8014600200029009070
:10D7700074D0FFE7002048B9FFE701980069FEF781
:10D78000E7F801460020009079B967E0019890ED34
:10D79000040AB7EEC00A51EC100BFEF7C9F80146B7
:10D7A00000200029009059D0FFE7002048B9FFE78A
:10D7B00001984069FEF7CCF801460020009079B945
:10D7C0004CE0019890ED050AB7EEC00A51EC100B41
:10D7D000FEF7AEF801460020002900903ED0FFE79A
:10D7E000002048B9FFE701988069FEF7B1F80146CB
:10D7F0000020009071B931E0019890ED060AB7EE73
:10D80000C00A51EC100BFEF793F80146002000907F
:10D8100021B3FFE7019890ED030A90ED041A002070
:10D82000B4EE410AF1EE10FA009017DAFFE7019822
:10D8300090ED050A0020B5EE400AF1EE10FA0090D6
:10D840000CDBFFE7019890ED060A0020B5EE400AD8
:10D85000F1EE10FAA8BF01200090FFE7009800F059
:10D86000010002B080BD000080B59AB04AF2D351E9
:10D87000C8F201010DF152000A901522F5F75EF889
:10D880000A9800218DF8501046F63932C3F25C3206
:10D89000139243F25212C3F2352212923122ADF8A2
:10D8A000442043F23132C2F63762109243F23162C1
:10D8B000C2F638620F9243F63112C2F632620E920D
:10D8C0008DF8341043F23802C3F238020C92302241
:10D8D000ADF82E204BF21042C2F20002117046F653
:10D8E000D422C2F2010211604BF21442C2F20002D1
:10D8F000116012A90AF08CFCE8B1FFE70EA80AF04B
:10D90000C3FCC0B1FFE70CA801210AF031FD90B1C2
:10D91000FFE74AF2A051C8F201010DF12E00F5F720
:10D920004CF890B1FFE70DF12E004FF400610AF0C2
:10D930001FFD50B9FFE7022001210991002207F0E5
:10D94000CFF909988DF867008FE04BF20820C2F2FA
:10D950000000062101700078FFF706FD0DF152006E
:10D9600008909DF9480018B1FFE712A8079002E05F
:10D9700000200790FFE7089807990CF071F948B16B
:10D98000FFE703200221002207F0AAF901208DF809
:10D9900067006AE04BF20820C2F200000721017024
:10D9A0000078FFF7E1FC4AF2E850C8F201000EA946
:10D9B0000CAA0DF12E030CF07FFB48B1FFE7042009
:10D9C0000321002207F08CF901208DF867004CE05C
:10D9D000042008F0EDF840F2DC01C2F20001086812
:10D9E00046F6D422C2F2010210604AF66150C8F233
:10D9F0000000086041F2B221C2F201010220BC2203
:10DA00007823059308F078F805994BF2E410C2F2F8
:10DA1000000002684BF2E810C2F2000003684BF20B
:10DA2000EC10C2F20000D0F800C0EE4600200690D4
:10DA3000CEF80C00CEF80800CEF80400CEF800C0F6
:10DA400007F0BEFD069840F6F071C2F201010870C1
:10DA50004BF20820C2F20000012101700078FFF7AC
:10DA600083FC06988DF86700FFE79DF867001AB001
:10DA700080BD00000000000010B58CB00A90099134
:10DA80000A9820B9FFE700208DF82F0048E0099898
:10DA900050B9FFE70A98002101912C22F4F76BFF9F
:10DAA00001988DF82F003BE009980168426883686F
:10DAB000D0F80CC0D0F810E044690794CDF818E015
:10DAC000CDF814C0049303920291806908900A98DB
:10DAD00000212C22F4F74FFF0A990298039A049B25
:10DAE000DDF814C0DDF818E0079C4C61C1F810E0C7
:10DAF000C1F80CC08B604A6008600898886102A871
:10DB0000FFF7C6FD0A9981F829000A9991F82900C2
:10DB100081F82A000A9890F82A008DF82F00FFE774
:10DB20009DF82F000CB010BD80B582B00190019817
:10DB300008B9FFE718E00198FFF782FD019890F817
:10DB400029100020009041B1FFE70198FFF7A0FDE8
:10DB5000002818BF01200090FFE7009800F00100A6
:10DB6000019981F82A00FFE702B080BD00000000A3
:10DB700080B590B00E908DED0D0ACDED0C0A8DEDB7
:10DB80000B1ACDED0A1A002005900E9818B9FFE780
:10DB900000200F9004E20E9803900E9890F8290050
:10DBA000002800F09880FFE70398FFF771FD002838
:10DBB00000F09180FFE7002028B9FFE70D98FDF7FE
:10DBC000C7FE58B987E09DED0D0AB7EEC00A51ECCB
:10DBD000100BFDF7ADFE00287DD0FFE7002028B92F
:10DBE000FFE70C98FDF7B4FE58B974E09DED0C0A00
:10DBF000B7EEC00A51EC100BFDF79AFE00286AD070
:10DC0000FFE7002028B9FFE70B98FDF7A1FE58B900
:10DC100061E09DED0B0AB7EEC00A51EC100BFDF769
:10DC200087FE002857D0FFE7002028B9FFE70A98B1
:10DC3000FDF78EFE58B94EE09DED0A0AB7EEC00A18
:10DC400051EC100BFDF774FE002844D0FFE79DED6A
:10DC50000A0AB5EE400AF1EE10FA3CDDFFE70020BB
:10DC600030B9FFE70E98C069FDF772FE58B932E08F
:10DC70000E9890ED070AB7EEC00A51EC100BFDF7B5
:10DC800057FE40B3FFE7002030B9FFE70E98006A67
:10DC9000FDF75EFE58B91EE00E9890ED080AB7EE4B
:10DCA000C00A51EC100BFDF743FEA0B1FFE70020C6
:10DCB00030B9FFE70E98406AFDF74AFE88B90AE0DE
:10DCC0000E9890ED090AB7EEC00A51EC100BFDF763
:10DCD0002FFE30B9FFE70E98FFF7B2FC00200F903F
:10DCE0005EE19DED0D0A9DED0C1A30EE410A8DEDC1
:10DCF000090A039890ED000A9DED091A20EE010A29
:10DD00008DED080A039890ED010A9DED091A20EEA9
:10DD1000010A9DED0A1A20EE010A8DED070A0E9800
:10DD200090ED070A9DED071A30EE010A8DED060A07
:10DD3000002028B9FFE70998FDF70AFE50B93FE037
:10DD40009DED090AB7EEC00A51EC100BFDF7F0FD8E
:10DD5000B0B3FFE7002028B9FFE70898FDF7F8FD0A
:10DD600050B92DE09DED080AB7EEC00A51EC100B3A
:10DD7000FDF7DEFD20B3FFE7002028B9FFE7079895
:10DD8000FDF7E6FD50B91BE09DED070AB7EEC00AAE
:10DD900051EC100BFDF7CCFD90B1FFE7002028B946
:10DDA000FFE70698FDF7D4FD80B909E09DED060A6E
:10DDB000B7EEC00A51EC100BFDF7BAFD30B9FFE722
:10DDC0000E98FFF73DFC00200F90E9E09DED060A5C
:10DDD000039890ED051AF1EE410AFFF709FC8DED6D
:10DDE000060A0E9890F8280000285CD0FFE70398F8
:10DDF00090ED020AB5EE400AF1EE10FA53D0FFE7BB
:10DE00009DED0C0A0E9890ED091A30EE410A8DED49
:10DE1000020A039890ED060A9DED0A1A30EE010AF7
:10DE20008DED010A002028B9FFE70298FDF790FD6B
:10DE300050B91BE09DED020AB7EEC00A51EC100B81
:10DE4000FDF776FD90B1FFE7002028B9FFE70198C4
:10DE5000FDF77EFD80B909E09DED010AB7EEC00A2D
:10DE600051EC100BFDF764FD30B9FFE70E98FFF79A
:10DE7000E7FB00200F9093E0039890ED020A90EDED
:10DE8000061A9DED014A81EE041A0E9890ED082ABB
:10DE90009DED023A83EE043A20EE030A91EE020A67
:10DEA0008DED050AFFE79DED080A9DED061A30EE9F
:10DEB000010A9DED051A30EE010A9DED0B1A30EEB8
:10DEC000010A8DED040A002028B9FFE70598FDF747
:10DED0003FFD50B91BE09DED050AB7EEC00A51ECBD
:10DEE000100BFDF725FD90B1FFE7002028B9FFE7F3
:10DEF0000498FDF72DFD80B909E09DED040AB7EE09
:10DF0000C00A51EC100BFDF713FD30B9FFE70E9876
:10DF1000FFF796FB00200F9042E09DED040A039866
:10DF200090ED041AB4EE410AF1EE10FA08DDFFE7B5
:10DF30009DED070AB5EE400AF1EE10FA17DCFFE797
:10DF40009DED040A039890ED031AB4EE410AF1EE38
:10DF500010FA08DAFFE79DED070AB5EE400AF1EE88
:10DF600010FA04DBFFE706980E99C861FFE70598F1
:10DF70000E9908620C980E9948620E99012081F85A
:10DF800028000E9981F82A009DED040A0398D0ED2F
:10DF9000030A90ED041AFFF72BFB8DED0F0AFFE744
:10DFA0009DED0F0A10B080BD80B582B00190009148
:10DFB0000199009A4CF20000C4F22B00F7F770FBB5
:10DFC00002B080BD0000000080B584B002900191D5
:10DFD0000299019A4CF20000C4F22B00F7F7E4F921
:10DFE00020B9FFE701208DF80F0003E000208DF835
:10DFF0000F00FFE79DF80F0004B080BD0000000097
:10E00000B0B590B094468E46044616981599149A69
:10E01000ADF83E40ADF83CE0CDF838C00D938DF83A
:10E0200033208DF832108DF8310000200490ADF8C7
:10E0300024009DF833009DF8321000F0D9F846F620
:10E040003C10C8F200000221F6F7B6FD04994EF626
:10E050003C30C8F20000F6F7D7FCBDF83E00BDF832
:10E060003C1048430A909DF82800400758B1FFE74C
:10E070004AF2A050C8F201004AF63321C8F2010169
:10E080009222FDF7D9FC9DF83E004007002877D08A
:10E09000FFE7BDF83E0020F00700ADF826000120A4
:10E0A000ADF82E00FFE70A98BDF82610BDF82E2027
:10E0B00001EBC201884223D9FFE70A9ABDF8260086
:10E0C000BDF82E1000EBC101B2FBF1F000FB1120F6
:10E0D00080B9FFE7BDF82E10BDF8260000EBC100A7
:10E0E000ADF826000A98BDF82610B0FBF1F0ADF8A7
:10E0F000240005E0BDF82E000130ADF82E00D2E777
:10E10000BDF8240080BBFFE70120ADF82E00FFE73B
:10E11000BDF82600BDF82E10A0EBC10018B3FFE734
:10E120000A9ABDF82600BDF82E10A0EBC101B2FB83
:10E13000F1F000FB112080B9FFE7BDF82E10BDF80B
:10E140002600A0EBC100ADF826000A98BDF8261005
:10E15000B0FBF1F0ADF8240005E0BDF82E00013071
:10E16000ADF82E00D4E7FFE7BDF8240038B9FFE78B
:10E170000A98ADF826000120ADF82400FFE708E07A
:10E18000BDF83E00ADF82600BDF83C00ADF8240017
:10E19000FFE705A80190F6F7CFFE0199BDF826002C
:10E1A000ADF81400BDF82400ADF816009DF831005C
:10E1B000069001208DF81C00BDF82620ADF81E2029
:10E1C00000220292ADF820208DF822208DF8230045
:10E1D0004CF20000C4F22B000390F6F72DFF029BD7
:10E1E00003980E990D9AF7F783F810B0B0BD0000B0
:10E1F00080B588B08DF81F008DF81E10694641F279
:10E20000700004908860002306934B6048F20C3045
:10E21000C4F21F00086048F21C10C4F21F00042161
:10E22000059148F21C42C4F21F02FDF715FC049848
:10E230000599069B6A469060536048F21030C4F21C
:10E240001F00106048F22010C4F21F0048F218426C
:10E25000C4F21F02FDF700FC04980599069B6A466C
:10E260009060536048F21430C4F21F00106048F20E
:10E270002410C4F21F0048F21442C4F21F02FDF73A
:10E28000EBFB04980599069B6A469060536048F240
:10E290001830C4F21F00106048F22810C4F21F00AA
:10E2A00048F21042C4F21F02FDF7D6FB049805990C
:10E2B000069B6A469060536048F21C30C4F21F000F
:10E2C000106048F22C10C4F21F0048F20C42C4F255
:10E2D0001F02FDF7C1FB04980599069B6A469060F2
:10E2E000536048F22030C4F21F00106048F2301032
:10E2F000C4F21F0048F20842C4F21F02FDF7ACFB53
:10E3000004980599069B6A469060536048F2243051
:10E31000C4F21F00106048F23410C4F21F0048F22B
:10E320000442C4F21F02FDF797FB04980599069B6F
:10E330006A469060536048F22830C4F21F001060B3
:10E3400048F23810C4F21F0048F20042C4F21F0223
:10E35000FDF782FB9DF81F00B8B9FFE7694641F25F
:10E360007000886000234B6048F2E420C4F21F0074
:10E37000086048F2F400C4F21F00042148F2284269
:10E38000C4F21F02FDF768FB3BE09DF81F00012867
:10E3900018D1FFE7694641F27000886000204860AC
:10E3A00048F20430C4F21F00086048F21410C4F2AE
:10E3B0001F00042148F22842C4F21F020123FDF786
:10E3C0004BFB1DE09DF81F00022818D1FFE76946AE
:10E3D00041F2700088600020486048F2A030C4F22A
:10E3E0001F00086048F2B010C4F21F0048F2284233
:10E3F000C4F21F0202231946FDF72EFBFFE7FFE7D9
:10E40000FFE79DF81E00B8B9FFE7694641F27000CA
:10E41000886000234B6048F2FC20C4F21F000860B3
:10E4200048F20C10C4F21F00042148F22442C4F246
:10E430001F02FDF711FB1DE09DF81E00012818D1F9
:10E44000FFE7694641F2700088600020486048F2AA
:10E450009C30C4F21F00086048F2AC10C4F21F00E8
:10E46000022148F22442C4F21F020123FDF7F4FA0C
:10E47000FFE7FFE708B080BD80B582B00190019949
:10E480004CF20000C4F22B00F7F7BAF802B080BDDE
:10E4900080B584B08DF80F0002910192FFE79DF8DE
:10E4A0000F0038B9FFE740F22810C2F200000078F0
:10E4B00008B9FFE720E04BF26C20C2F200000078C0
:10E4C00010B1FFE7FFE7FEE74BF26C21C2F200015B
:10E4D00008780130087002F0CFFA00F0B9FAFFE7CF
:10E4E0000299019A4AF6A810C8F20100002300F030
:10E4F00097F800F005F8F3E704B080BD00000000D5
:10E5000082B00020019000900190FFE70198FF2861
:10E5100014D8FFE700200090FFE700990020B0EB3F
:10E52000114F06D1FFE700BFFFE7009801300090D0
:10E53000F3E7FFE7019801300190E7E702B0704789
:10E5400080B588B003A8019000F06AFA01984CF2F7
:10E55000C961C8F20001059100F03AFA0120029069
:10E560004FF4E13110231A4609F036FA4BF2C52078
:10E57000C2F200004BF28422C2F2000200214023CA
:10E5800001F04AFA0299084609F00EFD08B080BD74
:10E5900080B582B047F21720C2F201000078C8B1FE
:10E5A000FFE74BF27020C2F20000008890B9FFE74D
:10E5B0004BF2C421C2F2000100910120019009F048
:10E5C000C7FC0099019A4BF2C520C2F2000001F08D
:10E5D000C7FCFFE702B080BD80B584B08DF80F00A6
:10E5E000029101920093FFE79DF80F0008B1FFE749
:10E5F00011E047F21720C2F20100007850B1FFE7A6
:10E600000199009A029B4AF69C10C8F2010000F0A2
:10E6100007F8FFE7FFE704B080BD0000000000003E
:10E6200080B5ADF51E7D9D909C919B929A930020A4
:10E63000ADF86202ADF86002ADF85E02ADF85C02C2
:10E64000ADF85A029C98F4F7B1F9ADF85E024BF2BE
:10E650007020C2F20000008838B1FFE74BF2702052
:10E66000C2F2000000698047FFE747F21720C2F2BC
:10E6700001000078002800F0A881FFE74BF270202D
:10E68000C2F200000088002800F06B81FFE74BF227
:10E690007020C2F200000590C368BDF85A12481CF1
:10E6A000ADF85A029D9A002098479C9899909C98A2
:10E6B000F4F77CF90599ADF85E0248888979B0FBDA
:10E6C000F1F0ADF85C02FFE79998411C999190F93F
:10E6D000000008B1FFE7F7E70020ADF86002FFE7B0
:10E6E000BDF8601200200129049009DCFFE7BDF9A4
:10E6F0005E120020B1F1FF3FC8BF01200490FFE788
:10E700000498C007E0B1FFE799980138999099986B
:10E7100090F900002F2806D0FFE7999890F90000A3
:10E720005C2806D1FFE7BDF860020130ADF8600259
:10E73000FFE7FFE7BDF85E020138ADF85E02CFE704
:10E74000BDF95E0200280DD4FFE799980130999039
:10E75000999A4AF6B511C8F201010DF5AD700BF0AA
:10E76000B9FF18E0BDF8600250B9FFE7999A4AF680
:10E77000BE11C8F201010DF5AD700BF0ABFF09E061
:10E78000999A4AF6B511C8F201010DF5AD700BF07A
:10E79000A1FFFFE7FFE70020ADF86202FFE7BDF849
:10E7A000620203900DF5AD70F4F700F9014603988D
:10E7B000BDF95C22B1FBF2F1013188424FD2FFE793
:10E7C0000020ADF86002FFE7BDF86002BDF95C1201
:10E7D000884227DAFFE70DF5AD70F4F7E7F8BDF8EA
:10E7E0006032BDF86212BDF95C2201FB0231884241
:10E7F00001D2FFE716E0BDF86022BDF86202BDF964
:10E800005C1200FB01210DF5AD70405CBDF860228B
:10E810000DF58D718854FFE7BDF860020130ADF849
:10E820006002D1E7BDF860120DF58D7200205054E2
:10E830004BF27021C2F20001CB68C979BDF85AC20F
:10E840000CF1010EADF85AE201FB0CF189B29847C8
:10E85000FFE7BDF862020130ADF862029FE79B9AC4
:10E860004AF69311C8F201010DF5AD7002900BF05C
:10E8700031FF029A4BF27020C2F20000C368C079E7
:10E88000BDF85A1201F1010CADF85AC2484381B2E9
:10E89000002098479A98002862D0FFE70020ADF842
:10E8A0006202FFE7BDF8620201909A98F4F77EF8E1
:10E8B00001460198BDF95C22B1FBF2F101318842B9
:10E8C0004DD2FFE70020ADF86002FFE7BDF860021F
:10E8D000BDF95C12884225DAFFE79A98F4F766F8EA
:10E8E000BDF86032BDF86212BDF95C2201FB023155
:10E8F000884201D2FFE715E09A98BDF86032BDF872
:10E900006212BDF95C2201FB0231405CBDF860225D
:10E910000DF58D718854FFE7BDF860020130ADF848
:10E920006002D3E7BDF860120DF58D7200205054DF
:10E930004BF27021C2F20001CB68C979BDF85AC20E
:10E940000CF1010EADF85AE201FB0CF189B29847C7
:10E95000FFE7BDF862020130ADF86202A2E7FFE70F
:10E9600032E00DF11A0000214FF48072F4F703F841
:10E970004BF27020C2F2000081689D9888479A98F7
:10E9800070B1FFE79C9A9B9B9A98694608604AF68B
:10E990007A11C8F201010DF11A000BF09BFE0AE09A
:10E9A0009C9A9B9B4AF66511C8F201010DF11A0071
:10E9B0000BF090FEFFE74BF27020C2F2000081687E
:10E9C0000DF11A008847FFE7FFE70DF51E7D80BDBA
:10E9D00081B00090009800884BF27021C2F20001D3
:10E9E0000880009840884880009880888880009837
:10E9F000807988710098C079C871009880688860B3
:10EA00000098C068C86000980069086147F2172143
:10EA1000C2F201010120087001B07047000000003F
:10EA200081B00090009900200880009A4FF6FF7195
:10EA30005180009A9180009AFF219171009AD171C2
:10EA4000009988600099C8600099086101B070471A
:10EA500080B582B028200021019105F00DFD0199BB
:10EA60002D2005F009FD0199322005F005FD0199E1
:10EA7000372005F001FD01993C2005F0FDFC0199CE
:10EA8000412005F0F9FC0199462005F0F5FC0199BB
:10EA90004B2005F0F1FC0199502005F0EDFC0199A7
:10EAA000552005F0E9FC01995A2005F0E5FC019993
:10EAB0005F2005F0E1FC0199642005F0DDFC01997F
:10EAC000692005F0D9FC01996E2005F0D5FC01996B
:10EAD000732005F0D1FC0199A52005F0CDFC01992A
:10EAE000AF2005F0C9FC0199B92005F0C5FC0199DA
:10EAF000C32005F0C1FC02B080BD00000000000092
:10EB000080B582B00190009101994BF2C520C2F20C
:10EB100000006A46002300F0B7FF009802B080BDF5
:10EB200080B582B0019000910199009A012009F00E
:10EB300067FA002002B080BD80B582B001900199D3
:10EB4000012009F0A5FA02B080BD0000000000001D
:10EB500010B5A6B01CA8FDF7B7F812A803F0BCFAD0
:10EB60009DF8720080B9FFE79DF8700040B1FFE7A3
:10EB70009DF8590020B9FFE79DF84A0020B1FFE752
:10EB800000208DF89700C1E09DF870000138014623
:10EB90000691052800F27D800699DFE801F003095F
:10EBA0000F151B214AF22770C8F20100079076E08A
:10EBB0004AF2CD60C8F20100079070E04AF29E6010
:10EBC000C8F2010007906AE04AF27060C8F20100E2
:10EBD000079064E04AF21A70C8F2010007905EE004
:10EBE0009DF871000238014605910A284AD8059916
:10EBF000DFE801F0060C12181E242A30363C4200D1
:10EC00004AF23860C8F20100079041E04AF24F70C2
:10EC1000C8F2010007903BE04AF21F70C8F2010001
:10EC2000079035E04AF2AB60C8F2010007902FE090
:10EC30004AF25860C8F20100079029E04AF2A56044
:10EC4000C8F20100079023E04AF2D160C8F2010047
:10EC500007901DE04AF24770C8F20100079017E0E4
:10EC60004AF25470C8F20100079011E04AF267605E
:10EC7000C8F2010007900BE04AF26070C8F2010090
:10EC8000079005E04AF29260C8F201000790FFE7A2
:10EC900005E04AF26260C8F201000790FFE7079BB7
:10ECA0009DF873209DF87400DDF87CC06946C1F8BA
:10ECB00008C04A6008604AF66402C8F2010208A867
:10ECC0000490282103910BF0EBFC0499002000F044
:10ECD00083F803990498229B239ABDF880E0BDF83D
:10ECE0008240EC46CCF80840CCF804E0CCF8002098
:10ECF0004AF20572C8F201020BF0D2FC049910200E
:10ED000000F06AF801208DF89700FFE79DF8970062
:10ED100026B010BD0000000010B596B0ADF856004A
:10ED20008DF8551014928DF84F301498C068B0F1DA
:10ED3000FF3F0ADCFFE71498C26851424FF0000021
:10ED400060EBE2700691079005E01498C168C8175F
:10ED500006910790FFE70698079908909DF95530AE
:10ED6000DDF850C04AF2EE50C8F201004CF24512F4
:10ED7000C8F20102DCF80C10DCF810E0002948BFF2
:10ED8000024608984CF6CD41CCF6CC41A0FB01C11F
:10ED90004FEAD10C0CEB8C01A0EB41009DF94F40E8
:10EDA00069460C61C1F80CE0C1F804C00A608860D3
:10EDB0004AF28272C8F201020DF127000590282163
:10EDC0000BF06EFC0599BDF8560000F005F816B082
:10EDD00010BD00000000000080B58EB0ADF8360018
:10EDE0000C910C9B4AF69E02C8F2010202A8019007
:10EDF00028210BF055FC019ABDF83610002002F0D6
:10EE0000C3FC0EB080BD0000B0B5ACB021A803F0CB
:10EE100063F99DF88400082812D1FFE74AF23471A3
:10EE2000C8F201010020FFF7D7FF4AF64A01C8F2F5
:10EE300001011020FFF7D0FF01208DF8AF007DE029
:10EE40009DF8860020B9FFE700208DF8AF0075E03F
:10EE500014A800F071F99DF8840003F0E5FB8DF82B
:10EE60002700209848F21F51C5F2EB11A0FB0110BA
:10EE70004009C00790B1FFE79DF9273000204C21E1
:10EE800014AA0892FFF748FF089800F118029DF9AC
:10EE9000273010205221FFF73FFF4BE09DF8641010
:10EEA0004AF2EC50C8F2010005904CF24513C8F24A
:10EEB00001030493002918BF0346BDF95000169AB8
:10EEC000DDF854C06946C1F808C04A6008604AF2DB
:10EED000CC72C8F201020AA80790282106910BF013
:10EEE000DFFB07990020FFF777FF049B059A06993F
:10EEF00007989DF87CC0BCF1000F18BF1346BDF900
:10EF00006820DDF870E01B9C9DF92750EC46CCF89A
:10EF10000C50CCF80840CCF804E0CCF800204AF2C1
:10EF20006A72C8F201020BF0BBFB07991020FFF7D1
:10EF300053FFFFE701208DF8AF00FFE79DF8AF001A
:10EF40002CB0B0BD0000000080B59CB007F084F884
:10EF50000D9011A803F0C0F89DF84400082804D1D2
:10EF6000FFE700208DF86F005BE00EA806F0DCF8EC
:10EF70009DF8540040B9FFE74AF23F61C8F2010131
:10EF80000020FFF729FF39E09DF8550040B9FFE761
:10EF90004AF2DB61C8F201010020FFF71DFF2CE0FF
:10EFA0009DF8420040B1FFE74AF60F11C8F2010197
:10EFB0000020FFF711FF1FE09DF8560040B1FFE76A
:10EFC0004AF2E771C8F201010020FFF705FF12E0E5
:10EFD000BDF95A300E98694608604AF63B12C8F2ED
:10EFE000010203A8029028210BF05AFB029900208D
:10EFF000FFF7F2FEFFE7FFE7FFE7FFE70D98438823
:10F000004AF2F262C8F2010203A8019028210BF033
:10F0100047FB01991020FFF7DFFE01208DF86F00FC
:10F02000FFE79DF86F001CB080BD000000000000ED
:10F0300086B004A9029101460298ADF8141080ED43
:10F04000000A90ED000AB5EE400AF1EE10FA05DA7A
:10F05000FFE79FED200A8DED010A1AE0029890ED7E
:10F06000000A9FED1B1AB4EE410AF1EE10FA05DD1D
:10F07000FFE79FED170A8DED000A05E0029890ED7D
:10F08000000A8DED000AFFE79DED000A8DED010AF3
:10F09000FFE79DED010ABCEEC00A10EE100AADF8C4
:10F0A0000E00BDF80E00BDF814100331884206D9D9
:10F0B000FFE7BDF814000330ADF8160004E0BDF81A
:10F0C0000E00ADF81600FFE7BDF8160006B0704759
:10F0D0000000C8420000000081B08DF803009DF8D8
:10F0E000030000F0010040008DF802009DF80300CD
:10F0F00000F0FE0140F2B400C2F2000050F811002E
:10F100009DF8021000EB41110020488101B07047CA
:10F1100080B582B08DF807008DF806108DF80520B7
:10F120009DF807009DF806109DF8052000F0FCF8FA
:10F1300002B080BD00000000B0B587B00390039816
:10F1400008B9FFE737E0EFF31080049004980290CD
:10F15000EFF3108072B60590039900914BF2DC300A
:10F16000C2F20000019002684368D0F808C0D0F8ED
:10F170000CE0046945694D610C61C1F80CE0C1F80F
:10F1800008C04B600A608269C369D0F820C0D0F81B
:10F1900024E0846AC56ACD628C62C1F824E0C1F8BB
:10F1A00020C0CB618A61006B0863029806900698C4
:10F1B00080F31088FFE707B0B0BD0000000000003A
:10F1C00080B582B00220009004221146FFF7A0FF14
:10F1D0000320019006221146FFF79AFF0098FFF7DF
:10F1E0007BFF0198FFF778FF4BF2DC31C2F20001A0
:10F1F0000020086300F004F802B080BD00000000A9
:10F2000010B586B000200590049003900290019004
:10F210000090022000F06CF84BF2D831C2F20001ED
:10F220000880032000F064F84BF2DA31C2F20001EA
:10F2300008800098019A029BDDF80CC0DDF810E010
:10F24000059C4BF2DC31C2F200014C61C1F810E0C8
:10F25000C1F80CC08B604A6008600098019A029B5C
:10F26000DDF80CC0DDF810E0059CCC62C1F828E0A8
:10F27000C1F824C00B62CA61886106B010BD0000ED
:10F2800080B584B0022000F033F8ADF80E00032002
:10F2900000F02EF8ADF80C00BDF80E104BF2D8308F
:10F2A000C2F20000009002884BF2DC30C2F2000093
:10F2B000029000F0FDF80298BDF80C104BF2DA3223
:10F2C000C2F2000201921288183000F0F1F8009B9F
:10F2D000019A0299BDF80E001880BDF80C0010804C
:10F2E000086B0130086304B080BD0000000000001E
:10F2F00080B582B08DF807009DF8070000F001008E
:10F3000040008DF806009DF8070000F0FE0140F275
:10F31000B400C2F2000050F811009DF80610FBF78F
:10F320008FFA00B202B080BD80B586B08DF81700AC
:10F330008DF816108DF815209DF817009DF8161001
:10F34000A0EB5100B0FA80F040094AF6BC21C8F2A7
:10F35000010102919D22FFF79BF802999DF8170089
:10F360009DF81520A0EB5200B0FA80F040099E22D3
:10F37000FFF78EF89DF817009DF816109DF81520E0
:10F3800005F0FEF89DF8170000F0010040008DF830
:10F3900014009DF81500092804D1FFE703208DF81B
:10F3A000130005E09DF8140001308DF81300FFE70D
:10F3B00003A80090FBF750FA009A9DF814008DF80E
:10F3C0000C009DF813008DF80D009DF8170000F05B
:10F3D000FE0140F2B400C2F20000019050F81100AA
:10F3E0009DF81410FBF794FA01989DF8171001F09E
:10F3F000FE0150F811009DF81410FBF705FA009A71
:10F4000001989DF8171001F0FE0150F811009DF8C9
:10F410001410FBF77DFA01989DF8171001F0FE011A
:10F4200050F811009DF814100522FBF7D1FA06B030
:10F4300080BD00000000000080B586B003910290FE
:10F44000019300920398B0F1FF3F17DCFFE7DDF86E
:10F4500008E0DDF80CC0009A019B12EBD37043F179
:10F4600000015FEA61014FEA3000B0EB0E0061EB92
:10F470000C01F3F72EFA4042059013E0029803992D
:10F48000009A019B12EBD37E43F1000C5FEA6C0CF7
:10F490004FEA3E0E10EB0E0041EB0C01F3F719FAA8
:10F4A0000590FFE7059806B080BD00000000000051
:10F4B00080B58EB00D90ADF83210ADF83020BDF8AB
:10F4C0003200BDF83010401AADF82E00BDF92E0004
:10F4D000002804D4FFE7BDF82E00039005E0BDF836
:10F4E0002E00CFF6FF700390FFE703980A900D9867
:10F4F0004168C8170A9A891840EBE2700891099090
:10F500000A984FF47A7180FB01010A2200230193CB
:10F51000F3F7DFF90246019802920A460299079230
:10F52000069105904AF20040C0F2060004900A9845
:10F530000D99088008990998B1F1004170F1000017
:10F5400008DBFFE70D996FF0004048600D9901203E
:10F55000087516E0089A09996FF00040801A4FF07C
:10F56000FF30884108DBFFE70D994FF0004048600D
:10F570000D990120087503E008980D994860FFE790
:10F58000FFE706980D998860069807994EF6602265
:10F59000A0FB020301FB0231049A059BFFF74CFF1D
:10F5A0000D99C860069807994CF6D832C0F232120D
:10F5B000A0FB020301FB0231049A059B4FF47A7C05
:10F5C000A2FB0C2E03FB0CE3FFF736FF0D9908613D
:10F5D0000EB080BD0000000080B586B08DF8170029
:10F5E0008DF816108DF8152004939DF817000499D6
:10F5F00001F046F89DF817004009014602910128E4
:10F6000008D0FFE70298022813D0FFE702980328EA
:10F610001ED02CE09DF8170000F01F01012000FA19
:10F6200001F24CF26801C4F20A0108681043086054
:10F630001DE09DF8170000F01F01012000FA01F203
:10F640004CF26C01C4F20A010868104308600EE035
:10F650009DF8170000F01F01012000FA01F24CF2A2
:10F660007001C4F20A01086810430860FFE79DF8C2
:10F670001700A030ADF80E00BDF80E0000F01F021C
:10F68000012101FA02F2410940F20400C2F2000035
:10F6900050F821104869904348619DF8160090B9D0
:10F6A000FFE7BDF80E0000F01F02012101FA02F28F
:10F6B000410940F20400C2F2000050F821104868ED
:10F6C000904348601DE0BDF80E104A0940F2040066
:10F6D000C2F20000019050F8220001F01F019DF8D5
:10F6E0001520F7F735FF0198BDF80E1001F01F0344
:10F6F00001229A40490950F8211048681043486097
:10F70000FFE7BDF80E104A0940F20400C2F2000003
:10F7100050F8220001F01F010022F7F7C1FF06B0E8
:10F7200080BD00000000000080B582B08DF80700A9
:10F730008DF806109DF8060090B1FFE79DF80710C0
:10F74000C1F3421240F20400C2F2000000EB82005A
:10F75000406901F01F0201219140F7F7C1FF11E05C
:10F760009DF80710C1F3421240F20400C2F20000FB
:10F7700000EB8200406901F01F0201219140F7F780
:10F78000ABFDFFE702B080BD80B588B00690059163
:10F790000598806AB0F5617F12DCFFE70598806A02
:10F7A00010F5617F0CDBFFE70598C06AB0F5617F5B
:10F7B00006DCFFE70598C06A10F5617F09DAFFE70C
:10F7C00006980622114607F023FF00208DF81F003F
:10F7D00085E00598806A10F11F0F06DCFFE70698A8
:10F7E000D0F8D0000A30049002E000200490FFE737
:10F7F00004980699C1F8D0000598C06A10F11F0F4F
:10F8000006DCFFE70698D0F8D4000A30039002E047
:10F8100000200390FFE703980699C1F8D4000698EA
:10F82000D0F8D000632806D8FFE70698D0F8D400B7
:10F83000642809D3FFE706980621052207F0E8FEB1
:10F8400000208DF81F004AE00698008A37280BD365
:10F85000FFE70598806A092806DCFFE70698D0F8DC
:10F86000D8000A30029002E000200290FFE70298E0
:10F870000699C1F8D8000698408A37280BD3FFE7CD
:10F880000598C06A092806DCFFE70698D0F8DC0076
:10F890000A30019002E000200190FFE701980699EC
:10F8A000C1F8DC000698D0F8D80040F2DB5188425D
:10F8B00008D8FFE70698D0F8DC0040F2DC51884217
:10F8C00009D3FFE706980621072207F0A1FE0020D2
:10F8D0008DF81F0003E001208DF81F00FFE79DF861
:10F8E0001F0008B080BD000080B584B0039003986D
:10F8F000002818BF01204AF6CB11C8F2010154229A
:10F90000FEF7C6FD00208DF80B00FFE7039908788D
:10F9100040F00100087003990020C1F80600039927
:10F92000C1F80A000399D1F81200C1F80E0003983B
:10F9300040780146019140B1FFE7019801280DD0C0
:10F94000FFE70198022813D01CE00399D1F80200C8
:10F95000D1F812200021F3F70EF813E00399D1F843
:10F960000200D1F812104A000021F3F704F809E070
:10F970000399D1F80200D1F812108A000021F2F7A1
:10F98000FAFFFFE7039900200870FFE79DF80B00DE
:10F9900004B080BD0000000082B001900091009A88
:10F9A0000199D1F80A001044C1F80A00FFE7019854
:10F9B000D0F80A10D0F81200884209D8FFE7019960
:10F9C000D1F80A00D1F81220801AC1F80A00EEE737
:10F9D00002B070470000000082B001900091009AD0
:10F9E0000199D1F806001044C1F80600FFE701981C
:10F9F000D0F80610D0F81200884209D8FFE7019924
:10FA0000D1F80600D1F81220801AC1F80600EEE7FE
:10FA100002B070470000000080B586B005908DF8F8
:10FA20001310039202930598002818BF01204AF68C
:10FA3000CB11C8F2010140F22122FEF729FD00207E
:10FA40008DF80700FFE703980599C1F802000599B2
:10FA5000002008709DF81310059A51700599C1F89F
:10FA600006000599C1F80A0002980599C1F80E0030
:10FA700002980599C1F81200FFE79DF8070006B04B
:10FA800080BD00000000000080B58AB00990089198
:10FA900007928DF81B300998002818BF01204AF6FC
:10FAA000CB11C8F2010103914FF4B072FEF7F0FCE4
:10FAB00003990798002818BF012040F26112FEF751
:10FAC000E7FC00208DF81A0005900490FFE70898E5
:10FAD00020B9FFE703208DF81A00CDE009980078DF
:10FAE000800738B1FFE704980799086006208DF871
:10FAF0001A00E7E0099800F01BFA049007980068E4
:10FB00000499884210D9FFE70498079908600720F4
:10FB10008DF81A00049830B9FFE70999087800F0C9
:10FB2000F7000870CEE0FFE70999087840F0080078
:10FB300008700998D0F80A10D0F81200401A059001
:10FB4000079800680599884237D8FFE709984078F8
:10FB50000146029140B1FFE70298012810D0FFE76B
:10FB6000029802281AD027E00898099AD2F80210C1
:10FB7000D2F80A201144079A1268F2F7DFFE1BE060
:10FB80000898099AD2F80210D2F80A2001EB420133
:10FB9000079A12685200F2F7D1FE0DE00898099A10
:10FBA000D2F80210D2F80A2001EB8201079A1268FB
:10FBB0009200F2F7C3FEFFE758E00998407801464B
:10FBC000019140B1FFE7019801281AD0FFE70198A1
:10FBD000022830D049E00898099AD2F80210D2F8E9
:10FBE0000A201144059AF2F7A9FE0898059B1844CB
:10FBF0000999D1F80210079A1268D21AF2F79EFEFC
:10FC000033E00898099AD2F80210D2F80A2001EBE2
:10FC10004201059A5200F2F791FE0898059B00EB0D
:10FC200043000999D1F80210079A1268D21A5200BB
:10FC3000F2F784FE19E00898099AD2F80210D2F877
:10FC40000A2001EB8201059A9200F2F777FE0898EC
:10FC5000059B00EB83000999D1F80210079A1268FE
:10FC6000D21A9200F2F76AFEFFE7FFE709990878D7
:10FC700000F0F7000870FFE79DF81B0008BBFFE7E6
:10FC8000099800780B2804D1FFE702208DF81A00AC
:10FC900018E00999087840F002000870099807995F
:10FCA0000968FFF779FE079802680999D1F80E00F4
:10FCB0001044C1F80E000999087800F0FD000870A2
:10FCC000FFE7FFE79DF81A000AB080BD00000000C2
:10FCD00080B58AB00990089107928DF81B30099879
:10FCE000002818BF01204AF6CB11C8F20101039188
:10FCF00040F2C312FEF7CCFB03990798002818BF07
:10FD000001204FF4E272FEF7C3FB00208DF81A00C9
:10FD100005900490FFE7089820B9FFE703208DF8CD
:10FD20001A00EEE009980078400738B1FFE7049820
:10FD30000799086006208DF81A00F4E0099800F091
:10FD4000F7F80490079800680499884210D9FFE7F3
:10FD500004980799086007208DF81A00049830B9B4
:10FD6000FFE70999087800F0F7000870DBE0FFE78B
:10FD70000999087840F0080008700999D1F8060040
:10FD8000D1F80A10884208D8FFE70998D0F8060091
:10FD90000799096888423AD3FFE7099840780146F5
:10FDA000029140B1FFE70298012811D0FFE70298C5
:10FDB00002281CD02AE00898099AD2F80210D2F83A
:10FDC0000630079A12689B1A1944F2F7B7FD1DE036
:10FDD0000898099AD2F80210D2F80630079A1268E9
:10FDE0009B1A01EB43015200F2F7A8FD0EE00898C0
:10FDF000099AD2F80210D2F80630079A12689B1AB4
:10FE000001EB83019200F2F799FDFFE773E0079899
:10FE100000680999D1F80610401A059009984078B1
:10FE20000146019140B1FFE70198012820D0FFE78A
:10FE3000019802283DD05DE00898099AD2F8021096
:10FE4000D2F81230059A9B1A1944F2F777FD0898F8
:10FE5000059B1844099AD2F80210D2F806C0079AF6
:10FE60001268ACEB020C6144D21AF2F767FD41E074
:10FE70000898099AD2F80210D2F81230059A9B1A03
:10FE800001EB43015200F2F759FD0898059B00EB86
:10FE90004300099AD2F80210D2F806C0079A1268F5
:10FEA000ACEB020C01EB4C01D21A5200F2F746FD0A
:10FEB00020E00898099AD2F80210D2F81230059A78
:10FEC0009B1A01EB83019200F2F738FD0898059B1D
:10FED00000EB8300099AD2F80210D2F806C0079A04
:10FEE0001268ACEB020C01EB8C01D21A9200F2F713
:10FEF00025FDFFE7FFE70999087800F0F700087093
:10FF0000FFE79DF81B0068B9FFE7099800780B2808
:10FF100004D1FFE702208DF81A0004E00998FFF7EA
:10FF2000E3FCFFE7FFE79DF81A000AB080BD000080
:10FF300080B582B001900198002818BF01204AF6D0
:10FF4000CB11C8F201017522FEF7A2FA0198D0F890
:10FF50000E10D0F81200401A02B080BD0000000060
:10FF600080B588B00790069105920798002818BFC1
:10FF700001204AF6CB11C8F20101AF22FEF788FA40
:10FF800000208DF813000390FFE7069820B9FFE7E3
:10FF900003208DF81300F4E00798007810F0050FA7
:10FFA00004D0FFE704208DF81300EAE007990878F1
:10FFB00040F00400087005980799D1F80E108842A7
:10FFC00000F2D580FFE70798D0F80610D0F81200AD
:10FFD000401A039005980399884240F28080FFE719
:10FFE000079840780146029140B1FFE70298012846
:10FFF00026D0FFE70298022849D06FE00799D1F890
:02000004700189
:100000000200D1F8061008440699039AF2F796FC0C
:1000100007980399FFF7E0FC0799D1F80200D1F89F
:10002000061008440699039B1944059AD21AF2F760
:1000300085FC07980599039A891AFFF7CDFC4DE0D6
:100040000799D1F80200D1F8061000EB410006999B
:10005000039A5200F2F772FC07980399FFF7BCFC71
:100060000799D1F80200D1F8061000EB410006997B
:10007000039B01EB4301059AD21A5200F2F75EFC92
:1000800007980599039A891AFFF7A6FC26E00799B5
:10009000D1F80200D1F8061000EB81000699039A0E
:1000A0009200F2F74BFC07980399FFF795FC07992C
:1000B000D1F80200D1F8061000EB81000699039BED
:1000C00001EB8301059AD21A9200F2F737FC0798E8
:1000D0000599039A891AFFF77FFCFFE73FE007982D
:1000E00040780146019140B1FFE70198012813D003
:1000F000FFE70198022820D030E00799D1F80200EC
:10010000D1F8061008440699059AF2F717FC0798EB
:100110000599FFF761FC21E00799D1F80200D1F8B9
:10012000061000EB41000699059A5200F2F706FC12
:1001300007980599FFF750FC10E00799D1F80200E5
:10014000D1F8061000EB81000699059A9200F2F7AB
:10015000F5FB07980599FFF73FFCFFE7FFE7059AD6
:100160000799D1F80E00801AC1F80E0003E00520AF
:100170008DF81300FFE70799087800F0FB0008707E
:10018000FFE79DF8130008B080BD000000000000EC
:1001900080B584B0039002910398002818BF012015
:1001A0004AF6CB11C8F201018322FEF771F9002053
:1001B0008DF80700FFE70398007810F0050F04D0D2
:1001C000FFE704208DF8070046E00399087840F027
:1001D000040008700398D0F80E0098B3FFE7039866
:1001E00040780146009140B1FFE7009801280CD00B
:1001F000FFE70098022811D019E00298039AD2F87C
:100200000210D2F80620885411E00298039AD2F81E
:100210000210D2F8062021F8120008E00298039A92
:10022000D2F80210D2F8062041F82200FFE7039826
:100230000121FFF7D1FB0399D1F80E000138C1F875
:100240000E0003E005208DF80700FFE7039908780A
:1002500000F0FB000870FFE79DF8070004B080BDC8
:1002600087B0ADF81600BDF8160000F4F840ADF800
:100270001400BDF8160000F4004000040490BDF81E
:1002800014000146009128B1FFE70098B0F5F84F3F
:1002900037D041E0BDF816006FF39F20ADF80E0097
:1002A000BDF80E0018B9FFE7049806903FE0BDF8CE
:1002B0000E004000ADF80E00FFE7BDF80E0040054F
:1002C00000280BD4FFE7BDF80E004000ADF80E008B
:1002D000BDF814000130ADF81400EEE7BDF81400CD
:1002E000C0F17000C0050290BDF80E006FF39F20B2
:1002F000400301900498029908440199084406902B
:1003000015E00498BDF816106FF39F2100EB413003
:1003100000F1FF4006900AE00498BDF816106FF354
:10032000DF3100EB413000F160500690FFE70698A6
:1003300007B070470000000080B58AB009900891AE
:100340000998002818BF01204AF6EE11C8F20101F1
:100350009F22FEF79DF800208DF80F000290FFE726
:10036000099808B9FFE75EE00898B0F1FF3F09DCA3
:10037000FFE70999481C09902D2008700898404211
:10038000089007E0089820B9FFE709993020087025
:1003900049E0FFE7FFE7089870B3FFE7089846F2E7
:1003A0006761C6F2666150FB01F2911001EBD271F8
:1003B00001EB8101A0EB410002900298002803D4D8
:1003C000FFE70298019003E0029840420190FFE7A6
:1003D00001989DF80F20511C8DF80F1004A9885426
:1003E000089846F26761C6F2666150FB01F1881019
:1003F00000EBD1700890CEE7FFE79DF80F0088B1C1
:10040000FFE79DF80F0004A9084410F8010C3030F4
:1004100009994A1C099208709DF80F0001388DF85F
:100420000F00EAE7FFE70AB080BD0000000000000F
:1004300080B588B0002005904BF24140C2F2000028
:100440000078002800F0BF80FFE7FFE704200DF1EF
:10045000130107F07DFD50B1FFE74BF22A40C2F2D5
:1004600000000DF113010122FFF77AFDEEE79DF880
:1004700013000A2840F0A680FFE7062005904BF203
:100480002A40C2F200000DF11A01039105AA0123CE
:10049000FFF7FAFA039803304AF6AC71C8F201018B
:1004A0000322F2F7A5FA10BBFFE74BF24040C2F27D
:1004B00000000078022819D0FFE74BF24041C2F259
:1004C0000001012008704BF22A40C2F200000290A5
:1004D000FFF72EFD0146029805914BF2C341C2F28F
:1004E000000105AA0023FFF7CFFAFFE75DE00DF159
:1004F0001A0003304AF6A871C8F201010322F2F78C
:1005000077FA10BBFFE74BF22940C2F200000078F7
:10051000022819D0FFE74BF22941C2F20001012065
:1005200008704BF22A40C2F200000190FFF700FD74
:100530000146019805914BF24341C2F2000105AA20
:100540000023FFF7A1FAFFE72EE00DF11A000330B8
:100550004AF6B071C8F201010322F2F749FA10BB62
:10056000FFE74BF24240C2F200000078022819D0A7
:10057000FFE74BF24241C2F20001012008704BF24A
:100580002A40C2F200000090FFF7D2FC014600981A
:1005900005914BF24351C2F2000105AA0023FFF777
:1005A00073FAFFE7FFE7FFE7FFE74BF22A40C2F2EB
:1005B0000000FFF799F94BF22841C2F20001012037
:1005C0000870FFE7FFE708B080BD000000000000F2
:1005D00080B582B08DF807009DF80710C1F3421274
:1005E00040F20400C2F2000050F8220001F01F01A6
:1005F000F7F74AF802B080BD80B584B08DF80F00DF
:100600008DF80E108DF80D2002939DF80E00012834
:1006100004D1FFE701208DF8050008E09DF80E00E9
:1006200020B9FFE700208DF80500FFE7FFE79DF800
:100630000D0020B1FFE701208DF8060003E0002047
:100640008DF80600FFE700208DF807009DF80F00E9
:10065000029900F015F89DF80F10C1F3421240F214
:100660000400C2F2000050F8220001F01F010DF159
:100670000502F6F799FE04B080BD000000000000FE
:1006800082B08DF8070000919DF80700202818DB44
:10069000FFE79DF807005F2813DCFFE79DF80720C0
:1006A00048F23C01C4F21F01052041F822000098E5
:1006B0009DF8072048F22C21C4F21F0141F82200C6
:1006C000FFE79DF80700602818DBFFE79DF80700AB
:1006D000642813DCFFE79DF8072048F25401C4F2B8
:1006E0001F01052041F8220000989DF8072048F2DC
:1006F0004421C4F21F0141F82200FFE79DF80700E2
:100700006C2818DBFFE79DF80700712813DCFFE772
:100710009DF8072048F20C01C4F21F01052041F8A2
:10072000220000989DF8072048F2FC11C4F21F0136
:1007300041F82200FFE79DF807007A2818DBFFE761
:100740009DF807007B2813DCFFE79DF8072047F69C
:10075000CC61C4F21F01052041F8220000989DF8E9
:10076000072048F2BC01C4F21F0141F82200FFE754
:1007700002B070470000000080B582B08DF807001D
:100780008DF8061000929DF8060098B9FFE79DF8D5
:10079000070000F01F02012101FA02F2C0F342112A
:1007A00040F20400C2F2000050F821104868904363
:1007B000486012E09DF8070000F01F02012101FAD5
:1007C00002F2C0F3421140F20400C2F2000050F8FD
:1007D0002110486810434860FFE79DF80700009922
:1007E000FFF74EFF02B080BD80B582B08DF80700E4
:1007F0008DF806109DF8060088B1FFE79DF80710F8
:10080000C1F3421240F20400C2F2000050F822008C
:1008100001F01F0201219140F6F762FF10E09DF800
:100820000710C1F3421240F20400C2F2000050F877
:10083000220001F01F0201219140F6F74DFDFFE774
:1008400002B080BD0000000080B500F001F880BD5E
:1008500080B58AB040F60460C2F201000078062834
:1008600000F08880FFE70DF11E000690802000F068
:10087000CBF81720202100F0D3F80220312100F01E
:10088000CFF800208DF82700FFE79DF82700072804
:1008900015DCFFE79DF827004C30C1B2082000F0BE
:1008A000BFF8092000F068F806999DF827208854C1
:1008B000FFE79DF8270001308DF82700E5E71720B6
:1008C0000021019100F0ACF8019800F09DF840F68D
:1008D000F450C2F2010002900DF11E01039104F0E8
:1008E000C3F8029840F60861C2F2010140F6F052E6
:1008F000C2F2010240F60C63C2F2010304F034F9C3
:1009000003980590059928200622049200F058F8D3
:100910000398049A0599098840F6E453C2F201034A
:1009200019800599498840F6E653C2F201031980FF
:100930000599898840F6E853C2F2010319800590B1
:100940000599222000F03CF80598008840F6EA510D
:10095000C2F2010108800598408840F6EC51C2F2CD
:10096000010108800598808840F6EE51C2F201012D
:100970000880FFE70AB080BD80B584B08DF80F0015
:1009800040F20400C2F20000029080684FF480112F
:100990000191F6F7B9FC9DF80F0040F080010420AA
:1009A00006F0A2FC0199024602988DF80E2080689C
:1009B000F6F7AEFE9DF80E0004B080BD000000000A
:1009C00080B586B08DF817000491039240F20400C0
:1009D000C2F20000019080684FF480110291F6F796
:1009E00093FC9DF8170040F08001049A039B0420BB
:1009F00006F09EFC019802998068F6F789FE06B021
:100A000080BD00000000000080B582B08DF80700B6
:100A10009DF80710012000F003F802B080BD00002F
:100A200080B584B08DF80F008DF80E1040F20400F0
:100A3000C2F20000019080684FF480110291F6F735
:100A400063FC9DF80F109DF80E20042006F0BCFDFD
:100A5000019802998068F6F75BFE04B080BD000043
:100A600080B582B0ADF80600BDF90600F6F7FCFAD5
:100A700002B080BD0000000080B540F61061C2F2F7
:100A80000101086801300860F6F79EF880BD00009B
:100A900080B582B0019040F61060C2F2010000689B
:100AA00040B1FFE740F61061C2F201010868013869
:100AB0000860FFE70198F6F7CBFA02B080BD0000AE
:100AC00080B50320FAF798FF80BD00000000000009
:100AD000D0B502AF86B040F25A00C2F200000088E2
:100AE000694647F80C1C072101EB400121F0070281
:100AF0006946891A8D4647F8181C47F8100C0020E3
:100B000027F8120C27F8140C40F61560C2F2010009
:100B1000007848B9FFE740F25F00C2F200000078B9
:100B20000021FEF701FEFFE740F25A00C2F200008A
:100B30000088411E40F25C00C2F2000000880138CB
:100B40008AB283B2002147F81C1C084600F0F4FA70
:100B500057F81C0C27F8120CFFE737F8120C40F27C
:100B60005A01C2F200010988884212DAFFE757F8F9
:100B7000181C40F25400C2F20000008837F8122C12
:100B800021F81200FFE737F8120C013027F8120C99
:100B9000E3E7002027F8140CFFE737F8140C40F2C5
:100BA0005C01C2F200010988884210DAFFE757F8B9
:100BB000180C40F25A01C2F20001098800F09CFEB4
:100BC000FFE737F8140C013027F8140CE5E740F67E
:100BD0001560C2F20100007848B9FFE740F25F00FB
:100BE000C2F2000000780121FEF79EFDFFE757F8F2
:100BF0000C0C8546A7F10804A546D0BD00000000F6
:100C000080B586B001A8FDF70BFF0120ADF8040008
:100C100040F25A00C2F200000088ADF8060040F22F
:100C20005C00C2F200000088ADF8080040F25600F7
:100C3000C2F2000000780146009140B1FFE7009841
:100C400001280BD0FFE7009802280ED00EE0062006
:100C50008DF80A0008208DF80B0007E008208DF8B9
:100C60000A0010208DF80B0000E0FFE74FF219306A
:100C7000C8F2000004904EF26160C8F200000590D6
:100C800001A8FDF7A5FE06B080BD00000000000031
:100C900080B5A2B08DF887009DF88700002848D164
:100CA000FFE740F61560C2F2010000211C910170BF
:100CB00040F26002C2F200021B922220107040F249
:100CC0005E02C2F200021E925220107040F25F02D9
:100CD000C2F200021D922320107068464FF6FF7288
:100CE0008260426030230360032048F20072C0F249
:100CF000933205F0ADFE1C9A532001211F91C823A9
:100D00002093FEF769FC1B981C9A1F99209B007882
:100D1000FEF762FC1D981F9A209B00781146FEF793
:100D20005BFC1E981F9A209B00781146FEF754FC2E
:100D300073E040F61560C2F20100012118910170C4
:100D400040F26002C2F2000217925320107040F28B
:100D50005E02C2F2000215925220107040F25F0251
:100D6000C2F2000223201690107030200022199247
:100D7000C8231A93FEF730FC1899199A1A9B312050
:100D8000FEF72AFC1899199A1A9B3220FEF724FCC8
:100D90001899199A1A9B3320FEF71EFC1899199A74
:100DA0001A9B6C20FEF718FC1899199A1A9B6D2053
:100DB000FEF712FC1899199A1A9B6E20FEF70CFC8C
:100DC0001899199A1A9B6F20FEF706FC1598189926
:100DD000199A1A9B0078FEF7FFFB16981899199A32
:100DE0001A9BFEF7F9FB17981899199A1A9B007825
:100DF000FEF7F2FB1899199A1A9B2220FEF7ECFBDA
:100E00001899199A1A9B2120FEF7E6FB1899199A4E
:100E10001A9B2020FEF7E0FBFFE740F61460C2F2C9
:100E20000100007800F048F940F25800C2F20000DA
:100E3000008840F25401C2F20001098800F024F950
:100E400040F25E00C2F20000007801211391FEF72B
:100E50006BFC40F26000C2F20000129000780021AA
:100E6000FEF762FC0520149006F012FC129813990C
:100E70000078FEF759FC149806F00AFC40F615605D
:100E8000C2F20100007848B9FFE740F25F00C2F209
:100E9000000000780021FEF747FCFFE7112000F07A
:100EA000BBFD362000F0B8FD40F61460C2F2010030
:100EB000007801461191032814D81199DFE801F058
:100EC00002060A0E002000F06BFD0BE0C02000F0CF
:100ED00067FD07E0702000F063FD03E0A02000F054
:100EE0005FFDFFE73A2000F097FD0520049000F039
:100EF00057FDB22000F090FD0C20039000F050FD53
:100F0000039800F04DFD002000F04AFD33200990C9
:100F100000F046FD099800F043FDB72000F07CFD8D
:100F2000352000F03DFDBB2000F076FD292010901B
:100F300000F036FDC22000F06FFD012000F030FD12
:100F4000C32000F069FD192000F02AFDC42000F044
:100F500063FD202000F024FDC52000F05DFD1A2077
:100F600000F01EFDC62000F057FD1F2000F018FD08
:100F7000D020059000F050FDA42000F011FDA1202C
:100F800000F00EFDE02000F047FD059800F008FDA0
:100F90000820069000F004FD0E20079000F000FDF0
:100FA0000920089000F0FCFC089800F0F9FC049877
:100FB00000F0F6FC31200E9000F0F2FC099800F0F1
:100FC000EFFC48200A9000F0EBFC17200B9000F09B
:100FD000E7FC14200C9000F0E3FC15200D9000F0CD
:100FE000DFFC0E9800F0DCFC34200F9000F0D8FC01
:100FF000E12000F011FD059800F0D2FC069800F009
:10100000CFFC079800F0CCFC089800F0C9FC0898C9
:1010100000F0C6FC0D9800F0C3FC0E9800F0C0FC78
:10102000099800F0BDFC0A9800F0BAFC0B9800F09B
:10103000B7FC0C9800F0B4FC0D9800F0B1FC0E98D1
:1010400000F0AEFC0F9800F0ABFC212000F0E4FCB7
:10105000109800F0E1FC40F61560C2F20100007843
:1010600048B9FFE740F25F00C2F2000000780121BA
:10107000FEF75AFBFFE7FFF72BFDFFF7C1FD22B09C
:1010800080BD00000000000081B0ADF80200ADF8A6
:101090000010BDF8020040F25801C2F200010880C1
:1010A000BDF8000040F25401C2F20001088001B016
:1010B000704700000000000082B08DF807009DF826
:1010C000071040F61460C2F201000170007801467A
:1010D0000091022805D3FFE70098023802280ED3BA
:1010E0001BE040F25A01C2F20001F020088040F2F9
:1010F0005C01C2F200014FF4A07008800DE040F2E4
:101100005A01C2F200014FF4A070088040F25C0165
:10111000C2F20001F0200880FFE702B07047000033
:1011200081B08DF803009DF8030040F25601C2F231
:101130000001087001B0704780B586B0ADF81600A8
:10114000ADF81410ADF81220ADF81030BDF816103F
:1011500040F25A00C2F20000009002880020029083
:101160009142B8BF01204AF60341C8F20101039140
:1011700040F25312FDF78CF902980399BDF8142040
:1011800040F25C03C2F2000301931B889A42B8BF8D
:1011900001204FF4AA72FDF77BF9009B0298039996
:1011A000BDF812201B889A42B8BF012040F25512A8
:1011B000FDF76EF9019B02980399BDF810201B887A
:1011C0009A42B8BF01204FF4AB72FDF761F92A20B3
:1011D00000F022FCBDF8160000F046FBBDF812003E
:1011E00000F042FB2B2000F017FCBDF8140000F0CB
:1011F0003BFBBDF8100000F037FB2C2000F00CFC8E
:1012000006B080BD0000000080B5DEB0ADF876010C
:10121000ADF874118DF87321BDF8761140F25A00C3
:10122000C2F200000288002002909142B8BF012063
:101230004AF60341C8F20101019140F26722FDF72D
:1012400027F901990298BDF8742140F25C03C2F2BB
:1012500000031B889A42B8BF01204FF41A72FDF7B1
:1012600017F902988DF872018DF8710140F615603A
:10127000C2F20100007848B9FFE740F25F00C2F215
:10128000000000780021FEF74FFAFFE740F2560019
:10129000C2F2000000780146009148B1FFE70098D3
:1012A000012871D0FFE70098022800F0278126E18D
:1012B000BDF87601BDF87411421DCB1D92B29BB2F0
:1012C000FFF73AFF00208DF87201FFE79DF87201E9
:1012D000052854DCFFE79DF9730100EB400149F656
:1012E0000840C8F2010000EB41009DF8721108446B
:1012F00010F8C00C8DF80F0100208DF87101FFE788
:101300009DF87101072833DCFFE79DF80F01C00746
:1013100088B1FFE740F25800C2F2000000889DF853
:1013200072119DF8712102EB420201EB420244A9C5
:1013300021F8120010E040F25400C2F200000088D0
:101340009DF872119DF8712102EB420201EB4202FD
:1013500044A921F81200FFE79DF80F0140088DF81D
:101360000F01FFE79DF8710101308DF87101C7E7AA
:10137000FFE79DF8720101308DF87201A6E744A8DD
:10138000302100F0B9FABAE0BDF87601BDF8741169
:10139000C21D01F10F0392B29BB2FFF7CDFE0020F8
:1013A0008DF87201FFE79DF87201072800F3A08015
:1013B000FFE79DF9731149F63060C8F2010000EBB8
:1013C00001119DF8722111444FF60062CFF6FF72B1
:1013D000895C8DF80D109DF9731100EB01109DF8DB
:1013E000721108444FF60861CFF6FF71405C8DF82A
:1013F0000C0000208DF87101FFE79DF871010728AE
:1014000031DCFFE79DF80D00C00780B1FFE740F237
:101410005800C2F2000000889DF872119DF87121F9
:1014200001EBC2020DF10E0121F812000FE040F2B3
:101430005400C2F2000000889DF872119DF87121DD
:1014400001EBC2020DF10E0121F81200FFE79DF839
:101450000D0040088DF80D00FFE79DF87101013087
:101460008DF87101C9E700208DF87101FFE79DF843
:101470007101072835DCFFE79DF80C00C00790B12B
:10148000FFE740F25800C2F2000000889DF8721198
:101490009DF8712101EBC2020DF10E0101EB420139
:1014A000A1F8800011E040F25400C2F20000008870
:1014B0009DF872119DF8712101EBC2020DF10E0130
:1014C00001EB4201A1F88000FFE79DF80C00400805
:1014D0008DF80C00FFE79DF8710101308DF8710166
:1014E000C5E7FFE79DF8720101308DF872015AE7F8
:1014F0000DF10E00802100F0FFF900E0FFE740F65B
:101500001560C2F20100007848B9FFE740F25F00C1
:10151000C2F2000000780121FEF706F9FFE75EB095
:1015200080BD0000000000002DE9F04303AF8FB044
:101530009C4696460C460546F869B9697A693B6946
:1015400027F80E5C27F8104C47F814EC27F816CC57
:1015500027F8183C27F81A2C27F81C1C07F81D0C34
:1015600037F80E1C40F25A00C2F200000288002038
:1015700047F8400C9142B8BF01204AF60341C8F237
:10158000010147F8441C40F29B32FCF781FF57F8F9
:10159000441C57F8400C37F8102C40F25C03C2F2A0
:1015A00000031B889A42B8BF01204FF46772FCF712
:1015B0006FFF57F8441C57F8140C002818BF01207F
:1015C00040F29D32FCF764FF57F8400C47F8240CBA
:1015D00047F8280C27F82A0C27F82C0C37F81A0C97
:1015E000694647F8301C072101EB400121F0070252
:1015F0006946891A8D4647F83C1C47F8340C40F67A
:101600001560C2F20100007848B9FFE740F25F00C0
:10161000C2F2000000780021FEF786F8FFE737F8F5
:101620000E0C37F8101C37F81A2C0244013A37F820
:101630001C3C0B44013B92B29BB2FFF77DFD0020A6
:1016400047F8280CFFE757F8280C37F81C1C88428D
:1016500080F08080FFE757F8142C57F8280C37F8F3
:10166000181C484337F81C1CB0FBF1F037F8161C67
:1016700000FB012047F8380C002047F8240CFFE756
:1016800057F8240C37F81A1C884256D2FFE757F84F
:10169000380C57F8241C37F8162C514337F81A2CFD
:1016A000B1FBF2F1405C27F82C0C17F81D0C20BBA5
:1016B000FFE757F83C1C37F82C2C4FF4784000EA31
:1016C000022027F82A0C37F82A0C37F82C2CC2F302
:1016D000850240EA421027F82A0C37F82A0C37F81E
:1016E0002C2CC2F3C402104327F82A0C37F82A0C1A
:1016F00057F8242C21F8120018E037F82C0C17F8B2
:101700001D1C884208DAFFE757F83C1C57F8242CC8
:10171000002021F8120008E057F83C1C57F8242C50
:101720004FF6FF7021F81200FFE7FFE7FFE757F8D9
:10173000240C013047F8240CA2E757F83C0C37F88A
:101740001A1C00F0D9F8FFE757F8280C013047F8C9
:10175000280C78E740F61560C2F20100007848B91D
:10176000FFE740F25F00C2F2000000780121FDF7C0
:10177000DBFFFFE757F8300C8546A7F10C04A546C0
:10178000BDE8F0830000000080B586B0ADF816001B
:10179000ADF814100492BDF8161040F25A00C2F2CF
:1017A00000000288002002909142B8BF01204AF652
:1017B0000341C8F2010101914FF43172FCF768FE58
:1017C00001990298BDF8142040F25C03C2F20003B4
:1017D0001B889A42B8BF012040F2C522FCF758FE90
:1017E0000298ADF80E00FFE70498BDF80E104056C1
:1017F000B0B3FFE740F25600C2F2000000780146A5
:10180000009140B1FFE70098012814D0FFE700984D
:1018100002281ED01EE0BDF81600BDF80E3003EB06
:10182000430100EB4100BDF81410049AD25680B277
:10183000FFF7EAFC0EE0BDF81600BDF80E3000EB35
:10184000C300BDF81410049AD25680B2FFF7DCFC36
:1018500000E0FFE7BDF80E000130ADF80E00C3E771
:1018600006B080BD0000000080B586B0ADF816005F
:1018700040F61560C2F20100007830B9FFE7BDF80C
:101880001610032005F040FE31E040F25F00C2F286
:1018900000000390007800210191FDF745FF222010
:1018A00001210491FDF740FF04992020FDF73CFF42
:1018B000019921200290FDF737FF9DF8170000F0F5
:1018C000EFF802980499FDF72FFF01990298FDF7B0
:1018D0002BFF9DF8160000F0E3F802980499FDF73D
:1018E00023FF039804990078FDF71EFFFFE706B079
:1018F00080BD00000000000080B586B00590049116
:1019000040F61560C2F20100007830B9FFE7059992
:10191000049A032005F00CFE3EE040F25F00C2F2A4
:10192000000000780021FDF7FFFE22200121039135
:10193000FDF7FAFE03992020FDF7F6FEFFE7049875
:10194000411E0491F8B1FFE7212001900021009190
:10195000FDF7EAFE0598407800F0A2F80198012111
:101960000291FDF7E1FE00990198FDF7DDFE059873
:10197000007800F095F801980299FDF7D5FE0598DA
:1019800002300590DBE740F25F00C2F20000007811
:101990000121FDF7C9FEFFE706B080BD0000000091
:1019A00080B586B08DF8170040F61560C2F20100D0
:1019B000007830B9FFE79DF81710032005F0DCFD33
:1019C00025E040F25F00C2F20000039000780021A1
:1019D0000191FDF7A9FE222001210491FDF7A4FE4B
:1019E00004992020FDF7A0FE019921200290FDF727
:1019F0009BFE9DF8170000F053F802980499FDF73C
:101A000093FE039804990078FDF78EFEFFE706B079
:101A100080BD00000000000080B586B08DF8170082
:101A200040F61560C2F20100007878B9FFE7532054
:101A300004900021FDF778FE9DF81710032005F0B3
:101A40009BFD04980121FDF76FFE25E040F25F0049
:101A5000C2F200000290007800210091FDF764FEC0
:101A600000992220FDF760FE202001210391FDF75F
:101A70005BFE009921200190FDF756FE9DF81700AE
:101A800000F00EF801980399FDF74EFE02980399B5
:101A90000078FDF749FEFFE706B080BD00000000BA
:101AA00081B08DF803009DF803204FF08441086851
:101AB00020F4702040EA024008609DF8032048F2BC
:101AC0000001C4F200210868120962F30F300860B7
:101AD00001B070470000000083B0019000910098B1
:101AE000807E019991F8ED1088420BD0FFE70098B5
:101AF000807E019981F8ED00009800680199C1F895
:101B0000CC00FFE7009800680199D1F8CC10401A8A
:101B10001D2804D8FFE700208DF80B002AE001986B
:101B200090F8ED0058B9FFE70199002081F8EE0028
:101B3000019A012182F8EF108DF80B001AE001984C
:101B400090F8EE0090B9FFE70199012081F8EE00CE
:101B5000019890F8EF0040B1FFE70199002081F86B
:101B6000EF0001208DF80B0004E0FFE700208DF866
:101B70000B00FFE79DF80B0003B07047000000006A
:101B800080B594B044F20060C2F2C330FBF76CFD44
:101B900000F0E2FAFCF7D4FC4FF4967005F078FD03
:101BA000F9F7CAFFFFE7FAF74BF84BF2B010C2F2B1
:101BB00000000068FBF710F9FAF706F938B9FFE7FB
:101BC00049F2B960C8F2000003F01EFBFFE7FAF724
:101BD00037F840F65870C2F201000078002800F093
:101BE0009080FFE7EFF31080119011981090EFF3C1
:101BF000108072B612904BF21020C2F200000390D7
:101C000000680F904BF20C20C2F2000000680E90AA
:101C100040F67070C2F2010000680D9040F65871F5
:101C2000C2F201010020087010981390139880F3FD
:101C300010880D994BF2C350C2F2000045F6200205
:101C4000F0F77CFE03990F98096888420AD1FFE7F4
:101C50004BF2B010C2F2000000680E99401A9728AB
:101C600001D3FFE79FE704A8FAF72EF89DF81200CA
:101C700018B9FFE705F064FEFFE70E99079A4BF2EB
:101C8000C350C2F20000029046F6D823C2F201030C
:101C9000009305F055FD00980F990E9AFAF79CF8FD
:101CA000009800F10E0140F61C60C2F2010078229B
:101CB0000192F0F743FE019A009800F1FE0140F610
:101CC0009560C2F20100F0F739FE019A009800F128
:101CD000860140F6F170C2F20100F0F72FFEF9F72D
:101CE000AFFF0298FAF7D0FFF9F7AAFF009A01991F
:101CF00002989379BC22FAF7B7FE0298FBF7CCF969
:101D0000FFE7F9F79DFF4EE783B08DED020ACDEDB9
:101D1000010A9DED020A9DED011AB4EE410AF1EEB1
:101D200010FA05DAFFE79DED020A8DED000A04E0E6
:101D30009DED010A8DED000AFFE79DED000A03B05D
:101D4000704700000000000083B0029001910298EB
:101D500081780020009041B1FFE7019890F82200BF
:101D6000002818BF01200090FFE70098C1072D2030
:101D7000002918BF232003B07047000000000000B6
:101D800080B500F07DFE40F63070C2F20100002107
:101D900080F8201041748174818201838170007801
:101DA000082807D0FFE740F63071C2F20101112088
:101DB0000870FFE700F0A0FD80BD000000000000FB
:101DC00080B586B040F60E70C2F201000088ADF812
:101DD000140040F61070C2F201000088ADF8120045
:101DE00040F61270C2F20100007890B9FFE740F6A9
:101DF0003070C2F2010090F8200020B9FFE7002007
:101E00008DF81700EAE0FFF7BBFF01208DF81700FF
:101E1000E4E040F63070C2F20100407860B1FFE7C4
:101E200040F60D70C2F20100007828B9FFE74C209F
:101E3000FEF7CEFB68B9FFE740F60D71C2F2010173
:101E4000012003900870FFF79BFF03988DF817009F
:101E5000C4E040F63070C2F2010090F8200078B97A
:101E6000FFE7FFF78DFF40F63071C2F2010101205C
:101E700081F8200000208860C8680130C860FFE752
:101E800040F63071C2F2010188680A308860BDF8FE
:101E9000140080B9FFE7BDF8120060B9FFE700F059
:101EA000EFFD40F63071C2F20101102008700120F0
:101EB0008DF8170092E040F62070C2F2010090F910
:101EC0000000B0F1FF3F15DCFFE700F0D9FD40F660
:101ED0002870C2F20100008863280AD8FFE740F6A4
:101EE0003071C2F201011020087001208DF8170036
:101EF00074E0FFE740F62070C2F2010090F90000A4
:101F0000012810D0FFE7492001210291FEF76CFC67
:101F100002994720FEF768FC029840F62071C2F251
:101F200001010870FFE740F63070C2F20100408CFA
:101F3000BDF81410884210D0FFE7BDF8140042F23B
:101F40001071A0FB01014FF47A720023F0F790FCAE
:101F500001465F2002F090FAFFE740F63070C2F2CF
:101F60000100808CBDF81210884210D0FFE7BDF848
:101F7000120042F21071A0FB01014FF47A720023AB
:101F8000F0F776FC0146552002F076FAFFE7BDF83F
:101F9000140040F63071C2F201014884BDF812000D
:101FA0008884BDF81400BDF81210884204DDFFE7F4
:101FB000BDF81400019003E0BDF812000190FFE7A6
:101FC000019840F63071C2F2010188808888C88289
:101FD0000F20087001208DF81700FFE79DF817000B
:101FE00006B080BD00000000012070470000000026
:101FF00084B08DF80F00ADF80C10ADF80A209DF8F4
:102000000F00002818BF012040F61271C2F2010132
:1020100008709DF80F0038B9FFE740F60D71C2F265
:10202000010100200870FFE7BDF80C00962804D8D5
:10203000FFE7BDF80C00019002E096200190FFE759
:10204000019840F60E71C2F201010880BDF80A0045
:10205000962804D8FFE7BDF80A00009002E0962019
:102060000090FFE7009840F61071C2F2010108806D
:1020700004B070470000000080B584B0EFF310801A
:10208000019001980090EFF3108072B6029040F634
:102090001370C2F201000078A0B1FFE7FFF7A4FFC0
:1020A00080B1FFE740F63070C2F20100407848B9D5
:1020B000FFE700F021FC40F63071C2F2010101207F
:1020C0004870FFE700980390039880F3108804B0ED
:1020D00080BD000000000000B0B587B003900398F9
:1020E00008B9FFE736E0EFF31080049004980290FF
:1020F000EFF3108072B605900399009140F6307CA2
:10210000C2F2010CCDF804C0DCF80000DCF80420B9
:10211000DCF80830DCF80CE0DCF81040DCF8145097
:102120004D610C61C1F80CE08B604A600860DCF81E
:102130001800DCF81C20DCF82030DCF824C0C1F8E2
:1021400024C00B62CA61886102980690069880F3E9
:102150001088FFE707B0B0BD80B58EB0EFF31080F8
:10216000099009980790EFF3108072B60B9040F633
:102170001370C2F2010005900022049202700798C9
:102180000D900D9880F3108801210691482301934A
:102190001846FEF731FA019B049A06994620FEF78D
:1021A0002BFA019B069A49201146FEF725FA019B5E
:1021B000069A47201146FEF71FFA049A5F2044F260
:1021C0006821029101F084FC0299049A552001F0E3
:1021D0007FFC0499069A4C2047F248030393FEF7CC
:1021E0000BFA039B0499069A4E20FEF705FAEFF3CB
:1021F0001080089008980790EFF3108072B60A904C
:10220000FFF7F2FE014604980822002918BF0922B0
:1022100040F63071C2F201010A70887040F61C72FB
:10222000C2F20102106040F61872C2F201021060A0
:1022300040F62672C2F20102108040F62172C2F20C
:102240000102107040F62272C2F20102107040F6D4
:102250002472C2F20102107040F62372C2F201022F
:102260001070487088808860C86040F62A72C2F298
:10227000010210700874487488748882C8820883C8
:10228000C86181F820004884888440F61271C2F247
:102290000101087040F60D71C2F20101087040F6AC
:1022A0000E71C2F20101088040F61071C2F2010104
:1022B000088040F62871C2F20101088040F62071C2
:1022C000C2F20101087000F017FB0599069808702A
:1022D00007980C900C9880F310880EB080BD000019
:1022E00085B08DF80700EFF31080029002980090FF
:1022F000EFF3108072B603909DF80700002818BF16
:1023000001208DF8070040F62170C2F2010000782C
:102310009DF80710884213D0FFE79DF8070038B9F1
:10232000FFE740F62271C2F2010101200870FFE7C9
:102330009DF8070040F62171C2F201010870FFE725
:1023400000980490049880F3108805B0704700004E
:1023500085B0ADF806008DF80510EFF310800290FF
:1023600002980090EFF3108072B60390BDF806005B
:1023700040F62671C2F20101088040F61C71C2F2DB
:102380000101086801300860BDF9060090B9FFE757
:1023900040F62471C2F20101012008709DF8050089
:1023A00038B1FFE740F62371C2F201010120087045
:1023B000FFE7FFE700980490049880F3108805B0C9
:1023C000704700000000000085B0EFF3108002901D
:1023D00002980090EFF3108072B6039040F62A71D5
:1023E000C2F2010108788DF80700002008700098FB
:1023F0000490049880F310889DF8070005B070479A
:1024000080B58AB040F61370C2F20100007808B9B6
:10241000FFE704E104A800F023FA04980599069A5E
:102420000992089107909DF8220040F63071C2F29F
:102430000101087400F0F0FA4E20FEF7C9F808BB5D
:10244000FFE740F62A71C2F201010120087040F650
:102450001270C2F20100007840B9FFE740F6307018
:10246000C2F2010090F8200048B1FFE740F60D717C
:10247000C2F2010101200870FFF782FCCFE000F0FA
:10248000D3F9CCE0FFF79CFC08B1FFE7C7E09DF86B
:10249000230020B9FFE79DF8220018B9FFE700F0FC
:1024A000C3F9BCE040F63070C2F20100407808B9D0
:1024B000FFE7B4E000F038FA70B1FFE740F63070A3
:1024C000C2F20100407C18B1FFE700F0ADF902E074
:1024D00000F08EF9FFE7A2E040F63070C2F2010092
:1024E000407C08B9FFE79AE040F63071C2F2010182
:1024F00088680A3088609DF82400F8B1FFE700F092
:10250000F7F940F63071C2F2010100208882088399
:102510009DF8250038B1FFE740F63071C2F20101A5
:1025200000208874FFE740F63071C2F201018A7C16
:102530000B20002A18BF0A20087070E040F63070A7
:10254000C2F20100807C08B1FFE768E09DF8260038
:1025500010B3FFE7BDF82000ADF80E00BDF90E0086
:10256000652804DBFFE76420ADF80E00FFE7BDF946
:102570000E0010F1650F05DCFFE74FF69C70ADF81B
:102580000E00FFE7BDF80E0040F63071C2F2010107
:1025900088820020088322E040F63070C2F20100F9
:1025A000B0F91400D0B1FFE740F63070C2F201007C
:1025B000008B0A300290BDF80A0020B9FFE7BDF891
:1025C0000800019003E04FF6FF700190FFE70198CB
:1025D00040F63071C2F201010883FFE7FFE740F6E1
:1025E0003070C2F20100B0F9140008B9FFE716E03C
:1025F00040F63070C2F20100008BB0F5967F0BD32D
:10260000FFE700F075F940F63071C2F201010020D9
:1026100088820E20087002E000F03AF8FFE70AB066
:1026200080BD00000000000082B08DF806009DF81B
:10263000060001380146009106281ED80099DFE8FF
:1026400001F0041008100C14180031208DF8070058
:1026500017E032208DF8070013E042208DF80700C4
:102660000FE050208DF807000BE044208DF80700A4
:1026700007E053208DF8070003E02D208DF80700B8
:10268000FFE79DF9070002B070470000000000005E
:1026900080B586B040F63070C2F20100808AADF895
:1026A0001600BDF916104FF0FF300029C8BF0120F9
:1026B0008DF8150040F62070C2F2010090F900007C
:1026C00030B3FFE79DF9150040F62071C2F2010119
:1026D00091F9001088421BD0FFE740F63070C2F23B
:1026E0000100B0F9160018B1FFE700F001F9FFE7AB
:1026F00040F62870C2F201000088632807D8FFE77F
:1027000040F63071C2F201010D2008706BE0FFE766
:102710009DF9150040F62071C2F2010191F90010F7
:1027200088421BD0FFE79DF9150000210291002887
:10273000C8BF01214920FEF757F802999DF91500FD
:102740000028C8BF01214720FEF74EF89DF815006C
:1027500040F62071C2F201010870FFE7BDF91600D2
:10276000012804DBFFE7BDF81600019005E0BDF885
:102770001600404280B20190FFE70198ADF81200C8
:10278000BDF8120042F21071A0FB01014FF47A7201
:102790000023F0F76DF8039040F63070C2F20100AC
:1027A000B0F91600BDF91610884209D0FFE7039969
:1027B0005F2001F061FE0399552001F05DFEFFE707
:1027C000BDF8160040F63071C2F20101C882BDF8B2
:1027D00012008880BDF812004884BDF81200888479
:1027E0000C200870FFE706B080BD0000000000006C
:1027F00080B500F07DF840F63071C2F20101002092
:102800008882088301224A748A740A220A708860C6
:10281000C8690130C861C8680130C860FCF7F0FCC5
:1028200080BD00000000000080B500F061F840F6B7
:102830003070C2F2010000218182018341748174F1
:102840000078082807D0FFE740F63071C2F2010196
:1028500009200870FFE700F04FF880BD000000007D
:1028600084B0EFF31081019101990091EFF3108191
:1028700072B6029140F61C71C2F201010968016052
:1028800040F62671C2F201010988818040F621716B
:10289000C2F201010978817140F6227CC2F2010C7A
:1028A0009CF80010C17140F62473C2F2010319783C
:1028B000017240F62372C2F20102117841720021C6
:1028C0008CF800101970117000990391039981F32D
:1028D0001088026840F61871C2F201010B68D21A22
:1028E00018BF012282720068086004B070470000BF
:1028F00080B500F0C5F880BD40F62C71C2F2010130
:102900000020087040F62D71C2F20101087040F6F7
:102910002B71C2F20101087040F61471C2F201017C
:10292000088070470000000080B582B04C20FDF7A1
:102930004FFE8DF806009DF8060040F62C71C2F29D
:102940000101097888420ED0FFE79DF8060040F6A5
:102950002C71C2F20101087040F61471C2F201013B
:102960000020088010E040F61470C2F201000088D8
:102970001D2808D8FFE740F61471C2F2010108884B
:102980000A300880FFE7FFE740F61470C2F201004A
:1029900000881D2804D8FFE700208DF8070036E0E6
:1029A0009DF8060070B1FFE79DF8060040F62D7116
:1029B000C2F20101087040F62B71C2F20101012040
:1029C000087020E040F62D70C2F201000078C8B116
:1029D000FFE79DF8060040F62D71C2F20101087074
:1029E00040F62B70C2F20100007850B1FFE740F6CC
:1029F0002B71C2F201010020087001208DF8070040
:102A000005E0FFE7FFE700208DF80700FFE79DF8EE
:102A1000070002B080BD000082B040F63070C2F204
:102A20000100408C40BBFFE740F63070C2F201006D
:102A3000808C08BBFFE740F62870C2F201000088D6
:102A4000632819D8FFE740F62870C2F20100008819
:102A50000A3001900198632804D8FFE7BDF804000C
:102A6000009002E064200090FFE7009840F6287193
:102A7000C2F201010880FFE702B0704700000000C9
:102A800080B582B040F63070C2F20100408C38B997
:102A9000FFE740F63070C2F20100808C38B1FFE7EA
:102AA00040F62871C2F2010100200880FFE75F2094
:102AB0000021019101F0E0FC0199552001F0DCFCBE
:102AC000019840F63071C2F2010148848884C882BE
:102AD000888002B080BD000080B586B0059004916A
:102AE000039202934BF23420C2F2000001A9FBF7DB
:102AF0006BFA002840D0FFE7019840F24011C2F283
:102B00000001884214D1FFE740F67071C2F2010162
:102B100040F24010C2F2000008604BF23420C2F2D2
:102B2000000045F68011C2F20001FBF73DFA1CE0FF
:102B3000019845F68011C2F20001884214D1FFE7E6
:102B400040F67071C2F2010145F68010C2F2000039
:102B500008604BF23420C2F2000040F24011C2F291
:102B60000001FBF721FAFFE7FFE740F65871C2F2D8
:102B7000010101200870FFE706B080BD00000000E1
:102B800080B586B0059000208DF81300ADF80C00DC
:102B9000ADF80A000190009040F68C70C2F201007E
:102BA0000088B0F50C7F03D1FFE70920019002E017
:102BB00008200190FFE7019801380190FFE7019894
:102BC00000286AD0FFE740F68C70C2F2010000884E
:102BD000B0F50C7F08DAFFE70598019930F921007C
:102BE000092801D1FFE754E0A5208DF80F00F1205E
:102BF0008DF810000598019930F82100ADF80C000F
:102C00009DF80D008DF811009DF80C008DF8120054
:102C100005200DF10F01042205F0F2F90020ADF8B6
:102C20000A00FFE74BF21C20C2F20000FDF780F91A
:102C3000032818D3FFE7032000904BF21C20C2F2B8
:102C400000000DF10F016A460023FCF71DFF9DF8FF
:102C500010109DF8110040EA01200599019A01EB3E
:102C6000820148800BE0012004F012FDFFE7BDF86F
:102C70000A00411CADF80A108028D3DBFFE7BDF83D
:102C80000A00812804DBFFE701208DF8130004E02F
:102C9000FFE701980138019091E79DF8130006B015
:102CA00080BD00000000000080B584B00020ADF8B9
:102CB0000E00ADF80800ADF806000090A5208DF8D4
:102CC0000A00F1208DF80B00F220ADF80E009DF8FF
:102CD0000F008DF80C009DF80E008DF80D000520FA
:102CE0000DF10A01042205F08BF9FFE74BF21C20DD
:102CF000C2F20000FDF71CF9032815D3FFE70320FB
:102D000000904BF21C20C2F200000DF10A016A464D
:102D10000023FCF7B9FE9DF80B109DF80C0040EA6B
:102D20000120ADF806000BE0012004F0B1FCFFE744
:102D3000BDF80800411CADF808108028D6DBFFE77D
:102D4000BDF8060004B080BD80B590B000208DF8BD
:102D50003F00FFE7C82004F09BFC032000230993F9
:102D600019461A4603F074FA099940F2AE02C2F20B
:102D70000002012010706A465C2010600BA80A90C7
:102D80004FF448725D2303F087FA0A9840F28601F7
:102D9000C2F2000100F040F900286CD0FFE740F2D9
:102DA000AE01C2F20001002007900870FAF710FC93
:102DB000079A41F25953C8F201030320114603F068
:102DC00047FA052008904FF4165150231A4604F094
:102DD00003FE0898012105F0E7F84BF21C20C2F22F
:102DE0000000FCF781FDFFF75FFF40F68C71C2F237
:102DF0000101088040F28600C2F2000000F090F865
:102E0000C0B1FFE74AF64241C8F201014AF65C420E
:102E1000C8F20102002006904FF4DD73FBF7DCFBE3
:102E2000069B184619461A4603F012FA01208DF83F
:102E30003F0050E040F26200C2F20000FFF7A0FE47
:102E4000C0B1FFE74AF62841C8F201014AF65C42E8
:102E5000C8F20102002005904FF4E373FBF7BCFBBE
:102E6000059B184619461A4603F0F2F901208DF821
:102E70003F0030E0FFE7694602208860002048609C
:102E8000012008604BF23422C2F20002039240F2A9
:102E90006963C8F20103BC207821FBF7B1F80398FD
:102EA00040F24011C2F200010491FBF77DF8039853
:102EB00045F68011C2F20001FBF776F80398FBF7A4
:102EC000DBFA049840F67071C2F2010108602B2011
:102ED000FDF7C6FDFFE79DF83F0010B080BD000084
:102EE00080B582B08DF807009DF8071040F660703D
:102EF000C2F20100009003F0CFFA014600988DF86D
:102F00000610F02103F0C8FA8DF805009DF80610B0
:102F10009DF8050040EA012002B080BD00000000DD
:102F200080B586B0059001208DF813000020ADF823
:102F30000C00ADF80A000190009040F68C70C2F2CF
:102F400001000088B0F50C7F03D1FFE70920019054
:102F500002E008200190FFE7FFE70198FE2826D84D
:102F6000FFE7A5208DF80F000598019910F82100C2
:102F70008DF810000598019900EB81004088ADF8AC
:102F80000C009DF80D008DF811009DF80C008DF8D7
:102F9000120005200DF10F01042205F031F8022086
:102FA00004F076FBFFE7019801380190D5E7FFE7D1
:102FB0004BF21C20C2F20000FCF7BAFF03281BD31F
:102FC000FFE7032000904BF21C20C2F200000DF13D
:102FD0000F016A460023FCF757FD9DF81000FF28FB
:102FE00005D0FFE79DF81100FF2804D1FFE700207E
:102FF0008DF813000CE0FFE7012004F049FBFFE728
:10300000BDF80A00411CADF80A108028D0DBFFE7AC
:103010009DF8130006B080BD80B59EB01D901C9138
:1030200000201590ADF86E00ADF86C00ADF86A00A8
:10303000ADF86800ADF86600ADF86400ADF8620068
:103040008DF861008DF86000ADF85E001D98169057
:1030500040F66071C2F201015C2008721698C068E7
:10306000C8601698006808601698406848601C9808
:10307000C08840F67471C2F20101129108801C9858
:10308000408948801C98C08988801C98408AC880E4
:103090001C98C08A08811C98408B48811C98C08B62
:1030A00088811C98408CC8811C98C08C4882FE2066
:1030B0004BF6EF6100F0A8FC0C201390032100F008
:1030C000A3FC0A20149004F0E3FA1398159900F079
:1030D0009BFC1398159900F097FC1398159900F034
:1030E00093FC149804F0D4FA15988DF86100FFE76A
:1030F0000020FFF7F5FEADF85E00BDF85E0041F27E
:10310000243188420ED0FFE7BDF85E0041F2113154
:10311000884207D0FFE7BDF85E0041F213318842D4
:1031200001D1FFE715E00A2004F0B2FA9DF8600033
:1031300001308DF860009DF860000A2804DBFFE78D
:1031400001208DF8610004E0FFE701200028CFD1C5
:10315000FFE79DF86100002840F03184FFE740F66A
:103160007470C2F20100008978280FDCFFE740F696
:103170007470C2F2010000898000ADF86600BDF8ED
:103180006E0040F00200ADF86E0029E040F6747069
:10319000C2F201000089F0280FDCFFE740F67470EE
:1031A000C2F2010000894000ADF86600BDF86E0073
:1031B00040F00100ADF86E0011E040F67470C2F20C
:1031C00001000089B0F5F07F08DCFFE740F674707D
:1031D000C2F201000089ADF86600FFE7FFE7FFE7F4
:1031E00040F67470C2F20100C088BC280FDCFFE713
:1031F00040F67470C2F20100C0888000ADF868002B
:10320000BDF86E0040F00800ADF86E002AE040F610
:103210007470C2F20100C088B0F5BC7F0FDCFFE71C
:1032200040F67470C2F20100C0884000ADF868003A
:10323000BDF86E0040F00400ADF86E0011E040F6FD
:103240007470C2F20100C088B0F53C7F08DCFFE773
:1032500040F67470C2F20100C088ADF86800FFE764
:10326000FFE7FFE7BDF8681040F24E30401A40F625
:103270005C71C2F201010860BDF85E0041F22431C8
:10328000884240F0D280FFE7072048F2883100F002
:10329000BBFB40F67470C2F2010000890230BDF839
:1032A000681040F65C72C2F2010212681144484391
:1032B000011D4FF6C040C0F29B1090FBF1F0ADF83D
:1032C0006C00BDF86C00B0F5FA7F05DDFFE74FF448
:1032D000FA70ADF86C00FFE740F67470C2F20100BE
:1032E0008088BDF86C10884208DDFFE7BDF86C00EF
:1032F00040F67471C2F201018880FFE740F67471F4
:10330000C2F201018A884FF6C040C0F29B10B0FBA8
:10331000F2F00438BDF8682040F65C73C2F2010395
:103320001B681A4490FBF2F00989411A40F6887034
:10333000C2F201000160006847F62061884208DCA3
:10334000FFE740F68870C2F20100006801282ADC1D
:10335000FFE740F68870C2F201000068012803DC34
:10336000FFE70220119017E040F68870C2F20100DA
:10337000006847F62161884204DBFFE747F62060DA
:10338000109006E040F68870C2F2010000681090CC
:10339000FFE710981190FFE7119840F68871C2F28C
:1033A00001010860FFE740F67472C2F201029188E1
:1033B0004FF6C040C0F29B10B0FBF1F0043840F66D
:1033C0008871C2F2010109681289114490FBF1F081
:1033D000BDF86810411A40F65C70C2F2010001604D
:1033E00000683C2803DCFFE73D200F9016E040F624
:1033F0005C70C2F201000068B0F5806F04DBFFE78B
:1034000040F2FF300E9006E040F65C70C2F2010020
:1034100000680E90FFE70E980F90FFE70F9840F6B8
:103420005C71C2F201010860CBE040F67470C2F238
:10343000010000890430BDF8681040F65C72C2F2E9
:103440000102126811444843011D4FF6C040C0F20A
:103450009B1090FBF1F0ADF86C00BDF86C00B0F57E
:10346000FA7F05DDFFE74FF4FA70ADF86C00FFE777
:1034700040F67470C2F201008088BDF86C1088427A
:1034800008DDFFE7BDF86C0040F67471C2F201017F
:103490008880FFE740F67471C2F201018A884FF616
:1034A000C040C0F29B10B0FBF2F00438BDF86820B9
:1034B00040F65C73C2F201031B681A4490FBF2F001
:1034C0000989411A40F68870C2F201000160006863
:1034D00040F6B831884208DCFFE740F68870C2F257
:1034E0000100006803282ADCFFE740F68870C2F27A
:1034F00001000068032803DCFFE704200D9017E0BB
:1035000040F68870C2F20100006840F6B931884286
:1035100004DBFFE740F6B8300C9006E040F6887018
:10352000C2F2010000680C90FFE70C980D90FFE7D5
:103530000D9840F68871C2F201010860FFE740F67D
:103540007472C2F2010291884FF6C040C0F29B1023
:10355000B0FBF1F0043840F68871C2F2010109684D
:103560001289114490FBF1F0BDF86810411A40F641
:103570005C70C2F20100016000682A2803DCFFE7EA
:103580002B200B9016E040F65C70C2F20100006840
:10359000B0F5806F04DBFFE740F2FF300A9006E0F1
:1035A00040F65C70C2F2010000680A90FFE70A98DA
:1035B0000B90FFE70B9840F65C71C2F201010860C6
:1035C000FFE740F67472C2F20102508840F688713B
:1035D000C2F20101096812891144023988420EDDE4
:1035E000FFE740F68870C2F20100006840F674718F
:1035F000C2F201010A89104402384880FFE7BDF891
:103600006800C0F53C7000EBD0704008ADF86A006F
:1036100040F67470C2F20100B0F90A00BDF96A10F8
:103620004942884205DAFFE7BDF96A004042099045
:1036300019E040F67470C2F20100B0F90A00BDF959
:103640006A10884204DDFFE7BDF96A00089007E0D0
:1036500040F67470C2F20100B0F90A000890FFE76A
:1036600008980990FFE7099940F67470C2F20100CA
:103670004181BDF86A100131ADF86A10BDF86A10D9
:103680004289891AADF86410BDF86610C1F5F07171
:1036900001EBD1714908ADF86A10B0F90C00BDF921
:1036A0006A104942884205DAFFE7BDF96A004042E4
:1036B000079019E040F67470C2F20100B0F90C00F6
:1036C000BDF96A10884204DDFFE7BDF96A00069083
:1036D00007E040F67470C2F20100B0F90C000690E9
:1036E000FFE706980790FFE7079840F67471C2F26B
:1036F000010105918881BDF86A000430ADF86A00C7
:10370000BDF86A0089890844ADF862001B200121D8
:10371000049100F079F90498BDF8641000F074F990
:10372000BDF86210022000F06FF9BDF866100320AA
:1037300000F06AF9BDF86810042000F065F940F661
:103740005C70C2F201000188052000F05DF940F6CE
:103750008870C2F201000188062000F055F90A20A5
:103760004FF4B27100F050F9082040F2BB1100F0A4
:103770004BF9092040F2D91100F046F9059800886C
:1037800048B9FFE740F67470C2F2010041880B208F
:1037900000F03AF9FFE7BDF86E0040F44C710D20DF
:1037A00000F032F93120272100F02EF932201A21C1
:1037B00000F02AF93320052100F026F940F6747054
:1037C000C2F20100C189352000F01EF9BDF85E008B
:1037D00041F2243188427ED1FFE7BDF86410C92050
:1037E00000F012F9BDF86210CA2000F00DF9BDF822
:1037F0006610CB2000F008F9BDF86810CC2000F06E
:1038000003F940F65C70C2F201000188CD2000F09F
:10381000FBF840F68870C2F201000188CE2000F06B
:10382000F3F8D1204FF4B27100F0EEF8CF2040F25F
:10383000BB1100F0E9F8D02040F2D91100F0E4F813
:1038400040F67470C2F20100008848B9FFE740F604
:103850007470C2F201004188D22000F0D5F8FFE771
:10386000BDF86E0040F44C710E2000F0CDF8392008
:10387000272100F0C9F83A201A2100F0C5F83B20B2
:10388000052100F0C1F840F67470C2F20100C18950
:10389000362000F0B9F8BDF86E100020B0EB910FA3
:1038A00005D0FFE77220102100F0AEF804E072208E
:1038B000002100F0A9F8FFE70F2040F2011100F00D
:1038C000A3F84720812100F09FF848204FF6EC71C3
:1038D00000F09AF80DE00F20112100F095F8472034
:1038E000812100F091F848204FF6E77100F08CF844
:1038F000FFE707204FF4627100F086F81C2040F2C9
:10390000033100F081F82C20032100F07DF840F60F
:103910007470C2F20100008828B9FFE7AF200021CF
:1039200000F072F845E040F67470C2F201000390B6
:103930000188A52000F068F8A6200221029100F07D
:1039400063F80299A82000F05FF80399C8880989F4
:103950004843C11700EB91708010B0F5803F0DDA3D
:10396000FFE740F67471C2F20101C8880989484333
:10397000C11700EB91708010019003E04FF6FF70CB
:103980000190FFE7019881B2B02000F03DF8AE2031
:10399000142100F039F8AF2040F2011100F034F8A2
:1039A00040F67470C2F201004188AD2000F02CF89E
:1039B000FFE7FE204DF6AD6100F026F8FFE79DF829
:1039C00061001EB080BD000080B582B000208DF87F
:1039D000070005200DF1070104F0BAFA9DF8070071
:1039E000A52807D1FFE74BF21C20C2F20000FBF72D
:1039F0007BFFFFE79DF807104BF21C20C2F200008E
:103A0000FCF7C6FB02B080BD80B582B08DF8070020
:103A1000ADF804109DF807109DF8052040F6607081
:103A2000C2F20100009002F073FD00989DF804209E
:103A3000F02102F06DFD02B080BD0000000000002A
:103A400080B586B08DF81700049140F6A070C2F2E0
:103A500001000078D8B9FFE740F6A071C2F2010179
:103A6000012008700DF10F000290F5F7CDFE0299CC
:103A700044F20000C4F208000190F5F779FF0198C4
:103A8000F5F796FE01980299F5F772FFFFE79DF8AA
:103A90001710049A44F20000C4F208000090F5F7F1
:103AA000E3FF00989DF817100222F5F799FE0098A1
:103AB0009DF817100022F5F7AFFF00989DF817103A
:103AC000F5F7F2FF7A20F3F7E7FA06B080BD0000C1
:103AD00010B598B08DF85F0016911592159942F2C5
:103AE000117200200C90914238BF01204AF64631F5
:103AF000C8F201018422FAF7CBFC9DF85F0000F0C8
:103B000053F90DF14200F6F713F80C9802218DF8E5
:103B100048108DF8470001208DF8420003200D90D9
:103B2000F0F7E2F901460D98169AB1FBF2F1090C93
:103B30001391F0F7D9F9024616980104B2FBF1F09F
:103B400000FB112020B1FFE7139801301390FFE72D
:103B50001398012804D8FFE700208DF8460047E0BD
:103B60001398022804D8FFE701208DF846003EE0B4
:103B70001398042804D8FFE702208DF8460035E0AA
:103B80001398082804D8FFE703208DF846002CE09E
:103B90001398102804D8FFE704208DF8460023E08E
:103BA0001398202804D8FFE705208DF846001AE076
:103BB0001398402804D8FFE706208DF8460011E04E
:103BC0001398802804D8FFE707208DF8460008E006
:103BD0004AF64631C8F201010020B022FAF758FC3B
:103BE000FFE7FFE7FFE7FFE7FFE7FFE7FFE7FFE7A5
:103BF0009DF85F0046F26762C0F26662A0FB0210A9
:103C00008DF853009DF85F00A0FB023101EB8101AC
:103C1000A0EBC10049F69A11C1F69911A0FB013041
:103C20008DF852009DF85F00A0FB023202EB820289
:103C3000A0EBC200A0FB012101EB8101A0EB410040
:103C400043F23431C3F23331A0FB01108DF851003F
:103C50009DF8531040F23000C2F2000050F82100ED
:103C60009DF852100DF14202F5F7C2FF012809D16B
:103C7000FFE74AF64631C8F201010020B922FAF7FF
:103C800007FCFFE79DF8531040F23000C2F200003D
:103C90000B9050F821009DF85210F5F719FF0B9882
:103CA0009DF8531050F821009DF852100DF142027A
:103CB000F5F79EFF012809D1FFE74AF64631C8F221
:103CC00001010020BF22FAF7E3FBFFE79DF8510056
:103CD0008DF83A0000220A928DF83C208DF83B20A6
:103CE000ADF83E209DF8531040F23000C2F20000C3
:103CF000099050F821009DF8523001210891994017
:103D0000C9B2F6F7B1F809989DF8531050F82100A0
:103D100007909DF852000590169806900320049095
:103D2000F0F7E2F8049A0599089BDDF818E00446DC
:103D30000798EC46CCF80840CCF804E0CCF800201A
:103D40000DF13A02F6F7B4F8089A09989DF8531065
:103D500050F821009DF8521002FA01F1C9B2F6F7AD
:103D600083F8089909989DF8532050F822009DF88F
:103D700052209140C9B2F6F797FB09990A989DF82D
:103D8000532051F822109DF8522002EB420201EB21
:103D9000421188859DF85F00159900F06DFB18B001
:103DA00010BD00000000000080B586B08DF817003F
:103DB0009DF817002838014604919B2800F2518392
:103DC0000499DFE811F0B4004E034E034E034E0396
:103DD0009C004E034E034E034E03E4004E034E037D
:103DE0004E034E03CC004E034E034E034E0314010C
:103DF0004E034E034E034E03FC004E034E034E0390
:103E00004E0373018B01A3014E034E032C014401A9
:103E10005C014E034E03D2014E034E034E034E038C
:103E2000BA014E034E034E034E0302024E034E03ED
:103E30004E034E03EA014E034E034E034E0332027D
:103E40004E034E034E034E031A024E034E034E031F
:103E50004E03A802BF02D7024E034E034A0261027C
:103E6000790290024E034E034E034E034E034E035F
:103E70004E034E034E034E034E034E034E034E03BA
:103E80004E034E034E034E034E034E034E034E03AA
:103E90004E034E034E034E034E034E034E034E039A
:103EA0004E034E034E034E034E034E034E034E038A
:103EB0004E034E034E034E034E034E034E034E037A
:103EC000EE024E034E034E034E034E034E034E03CB
:103ED0004E034E0306034E034E034E034E034E03A2
:103EE0004E034E034E034E031E034E034E034E037A
:103EF0004E034E034E034E034E034E0336036946F4
:103F000041F2700088600020486048F2AC30C4F292
:103F10001F00086048F2BC10C4F21F0048F258426B
:103F2000C4F21F0201231946F7F796FDA2E2694683
:103F300041F2700088600020486048F2B030C4F25E
:103F40001F00086048F2C010C4F21F0048F2684227
:103F5000C4F21F0201231946F7F77EFD8AE2694683
:103F600041F2700088600020486048F2B430C4F22A
:103F70001F00086048F2C410C4F21F0048F25C42FF
:103F8000C4F21F0201231946F7F766FD72E2694683
:103F900041F2700088600020486048F2B830C4F2F6
:103FA0001F00086048F2C810C4F21F0048F26C42BB
:103FB000C4F21F0201231946F7F74EFD5AE2694683
:103FC00041F2700088600020486048F2BC30C4F2C2
:103FD0001F00086048F2CC10C4F21F0048F2604293
:103FE000C4F21F0201231946F7F736FD42E2694683
:103FF00041F2700088600020486048F2C030C4F28E
:104000001F00086048F2D010C4F21F0048F270424E
:10401000C4F21F0201231946F7F71EFD2AE2694682
:1040200041F2700088600020486048F2D420C4F259
:104030001F00086048F2E400C4F21F00012148F2AA
:104040005442C4F21F020323F7F706FD12E2694649
:1040500041F2700088600020486048F26C30C4F281
:104060001F00086048F27C10C4F21F00062148F2CD
:104070005442C4F21F020423F7F7EEFCFAE169464A
:1040800041F27000886000234B6048F2C430C4F2F3
:104090001F00086048F2D410C4F21F00022148F249
:1040A0005442C4F21F02F7F7D7FCE3E1694641F23C
:1040B000700088600020486048F2D820C4F21F00D9
:1040C000086048F2E800C4F21F00012148F264428F
:1040D000C4F21F020323F7F7BFFCCBE1694641F2AC
:1040E000700088600020486048F27030C4F21F0001
:1040F000086048F28010C4F21F00062148F26442B2
:10410000C4F21F020423F7F7A7FCB3E1694641F2AA
:104110007000886000234B6048F2C830C4F21F0072
:10412000086048F2D810C4F21F00022148F264422D
:10413000C4F21F02F7F790FC9CE1694641F270005F
:1041400088600020486048F24430C4F21F000860D4
:1041500048F25410C4F21F00022148F27842C4F21F
:104160001F020123F7F778FC84E1694641F27000F1
:1041700088600020486048F24830C4F21F000860A0
:1041800048F25810C4F21F00022148F28842C4F2DB
:104190001F020123F7F760FC6CE1694641F27000F1
:1041A00088600020486048F24C30C4F21F0008606C
:1041B00048F25C10C4F21F00022148F27C42C4F2B3
:1041C0001F020123F7F748FC54E1694641F27000F1
:1041D00088600020486048F25030C4F21F00086038
:1041E00048F26010C4F21F00022148F28C42C4F26F
:1041F0001F020123F7F730FC3CE1694641F27000F1
:1042000088600020486048F25430C4F21F00086003
:1042100048F26410C4F21F00022148F28042C4F246
:104220001F020123F7F718FC24E1694641F27000F0
:1042300088600020486048F25830C4F21F000860CF
:1042400048F26810C4F21F00022148F29042C4F202
:104250001F020123F7F700FC0CE16A4641F27000EF
:1042600090600021516048F2AC20C4F21F00106041
:1042700048F2BC00C4F21F0048F27442C4F21F02AC
:104280000223F7F7E9FBF5E0694641F27000886028
:104290000020486048F27430C4F21F00086048F201
:1042A0008410C4F21F00062148F27442C4F21F02B7
:1042B0000423F7F7D1FBDDE0694641F27000886026
:1042C00000234B6048F2CC30C4F21F00086048F273
:1042D000DC10C4F21F00022148F27442C4F21F0233
:1042E000F7F7BAFBC6E0694641F27000886000202B
:1042F000486048F2D020C4F21F00086048F2E00095
:10430000C4F21F00012148F27442C4F21F020323C9
:10431000F7F7A2FBAEE06A4641F270009060002120
:10432000516048F2B020C4F21F00106048F2C00093
:10433000C4F21F0048F28442C4F21F020223F7F7BE
:104340008BFB97E0694641F270008860002048606E
:1043500048F27830C4F21F00086048F28810C4F2B6
:104360001F00062148F28442C4F21F020323F7F71C
:1043700073FB7FE0694641F27000886000234B6068
:1043800048F2D030C4F21F00086048F2E010C4F2D6
:104390001F00022148F28442C4F21F02F7F75CFBBF
:1043A00068E0694641F2700088600020486048F289
:1043B0000C30C4F21F00086048F21C10C4F21F0049
:1043C00048F29442C4F21F0201231946F7F744FB56
:1043D00050E0694641F2700088600020486048F271
:1043E0001030C4F21F00086048F22010C4F21F0011
:1043F00048F29842C4F21F0201231946F7F72CFB3A
:1044000038E0694641F2700088600020486048F258
:10441000A430C4F21F00086048F2B410C4F21F00B8
:1044200048F29C42C4F21F0201231946F7F714FB1D
:1044300020E0694641F2700088600020486048F240
:10444000A830C4F21F00086048F2B810C4F21F0080
:1044500048F2A042C4F21F0201231946F7F7FCFA02
:1044600008E04AF64631C8F2010100205622FAF768
:104470000FF8FFE706B080BD80B588B08DF81F004B
:104480000691069942F2117200200190914238BFC4
:1044900001204AF64631C8F201016622F9F7F8FF19
:1044A000019A9DF81F0046F26763C0F26663A0FBA5
:1044B00003108DF815009DF81F00A0FB03C101EB50
:1044C0008101A0EBC10049F69A11C1F69911A0FB38
:1044D00001C08DF814009DF81F00A0FB03C303EB7F
:1044E0008303A0EBC300A0FB013101EB8101A0EB32
:1044F000410043F23431C3F23331A0FB01108DF897
:1045000013000698C0EB004041F25971CDF2B7118B
:10451000A0FB0110400BADF816009DF8151040F2FD
:104520003000C2F20000029050F821009DF81430D3
:10453000012103919940C9B2F5F796FC02989DF8C4
:10454000151050F821009DF814109DF81320BDF8A7
:104550001630EC46CCF800300323F5F7B9FF02988B
:10456000039A9DF8151050F821009DF8141002FAD6
:1045700001F1C9B2F5F778FC08B080BD0000000079
:1045800080B586B08DF817008DF816108DF81520BF
:104590009DF81700023801460491072800F258825E
:1045A0000499DFE811F008003B006E00C70002012B
:1045B0007801EF0122029DF81600042814D1FFE7CC
:1045C000694641F27000886000234B6048F22C304D
:1045D000C4F21F00086048F23C10C4F21F00012121
:1045E0001A46F7F739FAFFE79DF81500042814D1A9
:1045F000FFE7694641F27000886000234B6048F293
:104600003030C4F21F00086048F24010C4F21F00AE
:1046100001211A46F7F720FAFFE722E29DF816007B
:10462000062814D1FFE7694641F270008860002334
:104630004B6048F23430C4F21F00086048F2441066
:10464000C4F21F0001211A46F7F706FAFFE79DF8AA
:104650001500062814D1FFE7694641F27000886012
:1046600000234B6048F28C30C4F21F00086048F20F
:104670009C10C4F21F0001211A46F7F7EDF9FFE77D
:10468000EFE19DF81600082818D1FFE7694641F2CE
:10469000700088600020486048F23830C4F21F0083
:1046A000086048F24810C4F21F0048F26C52C4F28D
:1046B0001F0201231946F7F7CFF9FFE79DF8150010
:1046C000082818D1FFE7694641F270008860002091
:1046D000486048F23C30C4F21F00086048F24C10B9
:1046E000C4F21F0048F27052C4F21F02012319469F
:1046F000F7F7B2F91DE09DF81500092818D1FFE77A
:10470000694641F2700088600020486048F29030AD
:10471000C4F21F00086048F2A010C4F21F0048F263
:104720007852C4F21F0201231946F7F795F9FFE703
:10473000FFE796E19DF816000A2818D1FFE76946C1
:1047400041F2700088600020486048F24030C4F2B6
:104750001F00086048F25010C4F21F0048F2745263
:10476000C4F21F0201231946F7F776F9FFE79DF817
:1047700015000A2818D1FFE7694641F270008860E9
:104780000020486048F29030C4F21F00086048F2F0
:10479000A010C4F21F0048F27852C4F21F02012395
:1047A0001946F7F759F9FFE75BE19DF816000C2869
:1047B00018D1FFE7694641F2700088600020486028
:1047C00048F2EC20C4F21F00086048F2FC00C4F27A
:1047D0001F0048F27C52C4F21F0201231946F7F76A
:1047E0003BF91DE09DF816000D2818D1FFE769463A
:1047F00041F2700088600020486048F24430C4F202
:104800001F00086048F25410C4F21F00012148F252
:104810007C52C4F21F020223F7F71EF9FFE7FFE7FD
:104820009DF815000C2817D1FFE7694641F270008A
:10483000886000234B6048F2F020C4F21F0008603B
:1048400048F20010C4F21F00012148F28052C4F265
:104850001F02F7F701F91DE09DF815000D2818D18A
:10486000FFE7694641F2700088600020486048F226
:104870004830C4F21F00086048F25810C4F21F000C
:10488000012148F28052C4F21F020223F7F7E4F834
:10489000FFE7FFE7E5E09DF816000E2818D1FFE7D7
:1048A000694641F2700088600020486048F2F420B8
:1048B000C4F21F00086048F20410C4F21F0048F25E
:1048C0008452C4F21F0201231946F7F7C5F81DE010
:1048D0009DF816000F2818D1FFE7694641F27000D5
:1048E00088600020486048F24C30C4F21F00086025
:1048F00048F25C10C4F21F00012148F28452C4F255
:104900001F020223F7F7A8F8FFE7FFE79DF815005D
:104910000E2818D1FFE7694641F270008860002038
:10492000486048F2F820C4F21F00086048F20810FE
:10493000C4F21F0048F28852C4F21F020123194634
:10494000F7F78AF81DE09DF815000F2818D1FFE74A
:10495000694641F2700088600020486048F2943057
:10496000C4F21F00086048F2A410C4F21F00012125
:1049700048F28852C4F21F020223F7F76DF8FFE7EE
:10498000FFE76EE09DF81600102814D1FFE7694696
:1049900041F27000886000234B6048F25030C4F24E
:1049A0001F00086048F26010C4F21F0001211A467F
:1049B000F7F752F8FFE79DF81500102814D1FFE72C
:1049C000694641F27000886000234B6048F2543021
:1049D000C4F21F00086048F26410C4F21F000121F5
:1049E0001A46F7F739F8FFE73BE09DF81600122862
:1049F00014D1FFE7694641F27000886000234B60E4
:104A000048F25830C4F21F00086048F26810C4F23F
:104A10001F0001211A46F7F71FF8FFE79DF8150060
:104A2000122814D1FFE7694641F270008860002324
:104A30004B6048F29830C4F21F00086048F2A8109A
:104A4000C4F21F0001211A46F7F706F8FFE708E055
:104A50004AF6BC21C8F2010100206C22F9F718FDCA
:104A6000FFE706B080BD000080B588B007900691D2
:104A70000020059006980088FBF7F2FB019006984D
:104A80004088FBF7EDFB029006988088FBF7E8FB77
:104A900003900698C088FBF7E3FB04909DED013A74
:104AA0009DED020A9DED032A9DED041A20EE000AF9
:104AB000A3EE030AA2EE020AA1EE010A8DED050A99
:104AC0009DED050A06F0F6FC8DED050A9DED050A43
:104AD0009FED231AB4EE410AF1EE10FA3DDDFFE737
:104AE0009DED040AB5EE400AF1EE10FA07DAFFE791
:104AF0009DED050AB1EE400A8DED000A04E09DED42
:104B0000050A8DED000AFFE79DED000A8DED050A0F
:104B10009DED020A9DED051A80EE010A079880EDD1
:104B2000000A9DED030A9DED051A80EE010A079823
:104B300080ED010A9DED010A9DED051A80EE010A46
:104B4000079880ED020A9DED040A9DED051A80EE9E
:104B5000010A079880ED030AFFE708B080BD00BF97
:104B60006F12833A0000000080B58EB00D900C915A
:104B70000B920A930D9890ED000A20EE000A8DED3D
:104B8000060A0D9890ED010A20EE000A8DED050A47
:104B90000D9890ED020A20EE000A8DED040A0D98A2
:104BA00090ED000A90ED011A90ED023A90ED032A83
:104BB00020EE030AA1EE020A30EE000A9DED051A6E
:104BC0009DED062A31EE021AB8EE002A8DED032A79
:104BD000F7EE000ACDED020AE1EE020A05F050FE02
:104BE0008DED070A0D9890ED001A90ED010A90EDF9
:104BF000023A90ED032A20EE030A91EE020A30EE0B
:104C0000000A05F0A7FDDDED020A9DED032AB1EED5
:104C1000400A8DED080A0D9890ED001A90ED013ACA
:104C200090ED020A90ED034A20EE040AA1EE030A79
:104C300030EE000A9DED061A9DED043A31EE031A9E
:104C4000E1EE020A05F01CFE8DED090A9DED070A52
:104C50009FED1F2A20EE020A9FED1E1A80EE010A28
:104C60008DED070A9DED080A20EE020A80EE010A8A
:104C70008DED080A9DED090A20EE020A80EE010A78
:104C80008DED090A9DED090AB5EE400AF1EE10FA24
:104C900009DAFFE79DED090A9FED0F1A30EE010AD0
:104CA0008DED010A04E09DED090A8DED010AFFE793
:104CB0009DED010A8DED090A07980C990860089886
:104CC0000B99086009980A9908600EB080BD00BF72
:104CD00000003443DA0F49400000B44300000000F4
:104CE00080B582B08DF807008DF8061000929DF80F
:104CF00007004BF20821C2F2000108709DF806007F
:104D00004BF2F811C2F20001087000984BF2FC114E
:104D1000C2F2000108604BF2F011C2F20001086813
:104D20000130086040F6F071C2F201010020087005
:104D30009DF80700F8F718FBF8F7C2FB02B080BD3A
:104D400080B586B00490039100200290FFE702989E
:104D5000072824D8FFE702994AF22040C8F2010050
:104D600000EBC10001900498007B01990979884209
:104D700010D1FFE70498019A11681279EDF72BFE24
:104D800040B9FFE7019840790399087001208DF838
:104D9000170008E0FFE7029801300290D7E70020F3
:104DA0008DF81700FFE79DF8170006B080BD0000E2
:104DB00080B586B0DDF820C005900491039202937F
:104DC000059830B1FFE7049818B1FFE7039808B9D8
:104DD000FFE761E000200190FFE701980399884216
:104DE0005AD2FFE704980199405C8DF803009DF8C2
:104DF00003000A2812D1FFE70598407B30B1FFE796
:104E000005980299089A00F04BF803E005990120F3
:104E10008873FFE705990020487338E09DF8030088
:104E20000D280CD1FFE70598407B20B1FFE70599DD
:104E300001208873FFE705990120487326E0059853
:104E4000407B78B9FFE79DF8030020280AD3FFE7ED
:104E50009DF803007E2805D8FFE70598007B0C2805
:104E600004D3FFE7059901208873FFE70599002027
:104E700048730598807B40B9FFE79DF803000599CA
:104E80000A7B531C0B738854FFE7FFE7FFE7FFE73C
:104E9000019801300190A0E706B080BD000000003D
:104EA00080B586B005900491039205208DF80B0023
:104EB0000598817B0020019051B9FFE705980DF11D
:104EC0000B01FFF73DFF002818BF01200190FFE70D
:104ED000019800F001008DF80A0005990020087380
:104EE00005994873059988739DF80A00A0B1FFE7FA
:104EF00005980069013028B1FFE70599086901307C
:104F00000861FFE7049830B1FFE7049A9DF80B00B1
:104F100003999047FFE70AE005984069013028B1FE
:104F2000FFE70599486901304861FFE7FFE706B0F0
:104F300080BD00000000000080B582B001900198A3
:104F400030B1FFE7019800211822EDF714FDFFE7CB
:104F500002B080BD0000000080B584B0029041F234
:104F60007C20C2F2010001780020009071B1FFE7BF
:104F7000029840F61861C2F201010968411A002046
:104F8000B1F5967F88BF01200090FFE7009800F000
:104F900001008DF80700029840F61861C2F2010185
:104FA000086041F27C21C2F20101012008709DF8E5
:104FB000070030B1FFE700F0AFF901208DF80F00D6
:104FC00003E000208DF80F00FFE79DF80F0004B00C
:104FD00080BD00000000000040F6E071C2F2010157
:104FE000002008814BF2A411C2F200010870704742
:104FF00080B58EB08DF837000C910C980B900B9803
:10500000007A08B1FFE78CE09DF83700052804D14D
:10501000FFE70B9901200872FFE701A8FDF75CF894
:1050200008980B994968884206D0FFE70B99012040
:1050300048720B99087274E09DF8140020B1FFE7E4
:105040009DF8150008B9FFE76BE09DF837000528CB
:1050500005D0FFE79DF8160008B1FFE761E04BF2CD
:10506000A410C2F20000007868B1FFE70B98006856
:105070004BF2A011C2F200010968401A40F2DD5162
:10508000884207D3FFE740F6E071C2F20101002039
:105090000881FFE79DF8370001460091052831D8C7
:1050A0000099DFE801F003080E161E256420002198
:1050B000FDF74EF927E06FF063000021FDF748F996
:1050C00021E040F6E071C2F201014FF47A700881EC
:1050D00019E040F6E071C2F201014FF61840088174
:1050E00011E040F6E071C2F20101002008810AE0FF
:1050F00040F6E071C2F20101002008810121FDF7B4
:1051000027F900E00DE00B9800684BF2A011C2F205
:10511000000108604BF2A411C2F2000101200870E6
:10512000FFE70EB080BD000081B00090009808B984
:10513000FFE713E040F6C870C2F20100016940F6D3
:10514000E073C2F201031960406958600099186861
:105150005A689B688B604A600860FFE701B070473F
:1051600080B582B040F6E070C2F2010000900021EC
:1051700001910C22EDF7FFFB40F6C870C2F201006E
:10518000FFF7DAFE009A01984BF2F011C2F200012B
:10519000096840F69473C2F2010319604BF20021D2
:1051A000C2F20001096840F69873C2F20103196067
:1051B00040F69071C2F2010108604BF2B411C2F2E4
:1051C0000001087040F69461C2F2010108704BF2D0
:1051D000A011C2F20001086040F61861C2F201019C
:1051E00008604BF2A411C2F20001087041F27C2168
:1051F000C2F20101087001219172FDF771F802B04D
:1052000080BD00000000000080B5A2B02190219870
:1052100018B9FFE700F080F87BE021988047039001
:105220000398FFF799FE08B1FFE772E007A800F0C6
:1052300013F940F69460C2F20100007808B9FFE764
:1052400067E011A84021F7F7F7FE01902198804709
:1052500002900298FFF780FE08B1FFE759E002983C
:105260000399401A322809D8FFE70198B0F1FF3FAF
:1052700004DBFFE70198412803DBFFE700F04CF86F
:1052800047E007A800F0E8F838B9FFE740F6946077
:10529000C2F20100007808B9FFE73AE00198B0F1E6
:1052A000FF3F01DCFFE734E040F6E070C2F20100AE
:1052B000807A58B1FFE7019838B9FFE740F6E0710E
:1052C000C2F2010100208872FFE722E0019808B9CC
:1052D000FFE71EE0029804900E98059000208DF8DC
:1052E00018008DF81900019A694604A8086040F674
:1052F000C870C2F2010042F68133C8F2010311A95D
:10530000FFF756FD9DF8190018B1FFE700F024F8EB
:10531000FFE722B080BD000080B582B040F6C870C3
:10532000C2F201004069013040B1FFE740F6C871A8
:10533000C2F20101486901304861FFE70020019095
:10534000FCF7CEFF019840F69461C2F201010870AB
:1053500000F002F802B080BD80B584B040F6C8709D
:10536000C2F2010001900169039141690291FFF7C6
:10537000E3FD0199039808610298486140F6E071E5
:10538000C2F2010101208872FFF726FE04B080BD41
:1053900080B58CB00B9000208DF803000B98FFF7C0
:1053A000DBFD30B1FFE70B9A0021084600F0B0FEAC
:1053B0004EE001A800F050F840F69460C2F20100FF
:1053C000007840B1FFE79DF8140020B1FFE79DF899
:1053D000150018B9FFE7FFF7FFFD2DE09DF8160057
:1053E00038B9FFE740F6E070C2F20100807A38B1C8
:1053F000FFE740F6E071C2F20101002008811AE0E7
:105400004BF2A410C2F20000007880B1FFE70B98C5
:105410004BF2A011C2F200010968401A40F2DC51BF
:10542000884204D8FFE701208DF8030002E0FFF76F
:10543000D3FDFFE7FFE7FFE79DF8030040F6E071CB
:10544000C2F20101B1F908100B9A00F061FEFFE70A
:105450000CB080BD0000000080B588B006904BF213
:10546000F010C2F20000006805904BF20020C2F27A
:10547000000000680490059940F69470C2F20100A3
:1054800002680120914202900BD1FFE7049840F698
:105490009871C2F201010968401A18BF01200290F8
:1054A000FFE7029800F001008DF80F00059840F624
:1054B0009471C2F201010860049840F69871C2F23A
:1054C000010108604BF20820C2F2000000780128B8
:1054D00026D0FFE740F69460C2F20100007820B1C8
:1054E000FFE70020FCF7FCFEFFE740F69461C2F204
:1054F000010100200870FFF72FFF0698FCF7ECFD74
:105500000698C06940F69071C2F2010108604BF242
:10551000B411C2F20001012008708DF81F0049E0AB
:1055200040F69460C2F20100007820B1FFE79DF8D8
:105530000F0090B1FFE70020FCF7D2FEFFF70CFF51
:1055400001200190FCF7CCFE019840F69461C2F274
:10555000010108708DF80F00FFE70698FCF7BCFD0D
:105560004BF2B410C2F20000007850B1FFE7069889
:10557000C06940F69071C2F201010968884214D0F6
:10558000FFE70698C06940F69071C2F20101086019
:105590004BF2B411C2F20001012000900870FFF735
:1055A000DBFE00988DF80F00FFE79DF80F008DF8E7
:1055B0001F00FFE79DF81F0008B080BD000000003D
:1055C00080B586B0DDF82CC0DDF828C0DDF824C039
:1055D000DDF820C08DF81700ADF814100492039385
:1055E000002001908DF80B008DF80A008DF809005D
:1055F00041F22020C2F20100007A002818BF0120E9
:105600004AF6DA71C8F201014FF48472F8F740FFEC
:105610000198BDF8142041F27421C2F201018A8080
:1056200088718DF80B00FFE79DF80B00022816DC4F
:10563000FFE79DF80B0041F22021C2F2010101EBCE
:1056400080020020D0609DF80B2001EB8201C8622F
:10565000FFE79DF80B0001308DF80B00E4E79DF8A3
:10566000170001460091032800F263810099DFE8EA
:1056700011F004006C00D4005F010498D8B1FFE77A
:105680009DF80A0001308DF80A0041F27421C2F23F
:105690000101887940F00100887104989DF80B2081
:1056A000511C8DF80B1041F22021C2F2010101EBD7
:1056B0008201C860FFE70398D8B1FFE79DF80A00B0
:1056C00001308DF80A0041F27421C2F2010188799B
:1056D00040F00200887103989DF80B20511C8DF852
:1056E0000B1041F22021C2F2010101EB8201C860DE
:1056F000FFE70898D8B1FFE79DF80A0001308DF860
:105700000A0041F27421C2F20101887940F00400DC
:10571000887108989DF80B20511C8DF80B1041F2F0
:105720002021C2F2010101EB8201C860FFE741F2D2
:105730002020C2F20100C088B0F5807F04DBFFE7C3
:1057400001208DF80900FFE7F3E00998D8B1FFE7E1
:105750009DF80A0001308DF80A0041F27421C2F26E
:105760000101887940F00100887109989DF80B20AB
:10577000511C8DF80B1041F22021C2F2010101EB06
:105780008201C862FFE70A98D8B1FFE79DF80A00D6
:1057900001308DF80A0041F27421C2F201018879CA
:1057A00040F0020088710A989DF80B20511C8DF87A
:1057B0000B1041F22021C2F2010101EB8201C8620B
:1057C000FFE70B98D8B1FFE79DF80A0001308DF88C
:1057D0000A0041F27421C2F20101887940F004000C
:1057E00088710B989DF80B20511C8DF80B1041F21D
:1057F0002021C2F2010101EB8201C862FFE741F200
:105800002020C2F201008088B0F5807F04DBFFE732
:1058100001208DF80900FFE78BE0049820B3FFE733
:10582000099808B3FFE79DF80A0001308DF80A00D7
:1058300041F27421C2F20101887940F001008871BF
:1058400004989DF80B2041F22021C2F2010101EBE6
:105850008202D06009989DF80B20531C8DF80B3004
:1058600001EB8201C862FFE7039820B3FFE70A98C3
:1058700008B3FFE79DF80A0001308DF80A0041F2F5
:105880007421C2F20101887940F002008871039806
:105890009DF80B2041F22021C2F2010101EB8202AE
:1058A000D0600A989DF80B20531C8DF80B3001EB4B
:1058B0008201C862FFE7089820B3FFE70B9808B39E
:1058C000FFE79DF80A0001308DF80A0041F27421CB
:1058D000C2F20101887940F00400887108989DF8AF
:1058E0000B2041F22021C2F2010101EB8202D060C3
:1058F0000B989DF80B20531C8DF80B3001EB8201A7
:10590000C862FFE741F22020C2F201008088FF2830
:1059100009DCFFE741F22020C2F20100C088B0F5A7
:10592000807F04DBFFE701208DF80900FFE700E03E
:10593000FFE79DF8170080019DF8091040EA41102B
:105940009DF80A10084341F27421C2F201018870E7
:1059500006B080BD0000000080B586B0844608987F
:105960008DF817C004918DF80F20ADF80C30ADF80C
:105970000A000020019041F26C20C2F20100AA212D
:105980000170022141709DF817104901049AB2FA82
:1059900082F2520941EA02119DF80F2011438170F1
:1059A0000821C170BDF80C208280BDF80A20C28099
:1059B00040F2DC02C2F20002126890479DF8170024
:1059C00001460091012808D0FFE7009802280FD077
:1059D000FFE70098032812D019E0BDF80C00BDF8CD
:1059E0000A104843C11700EB5170C01001900EE03F
:1059F000BDF80C00BDF80A104843019007E0BDF85F
:105A00000C00BDF80A10484340000190FFE70498DD
:105A100048B1FFE740F2DC00C2F2000002680498DF
:105A200001999047FFE706B080BD0000000000002C
:105A300080B582B001900020ADF8000041F27420E2
:105A4000C2F201008188ADF800108078800600283D
:105A500006D5FFE7BDF800004000ADF80000FFE705
:105A600040F2DC00C2F20000026841F27420C2F28F
:105A700001000821904700208DF80300FFE79DF802
:105A80000300072835DCFFE701989DF8031000EBC1
:105A90008100C06878B1FFE740F2DC00C2F200008C
:105AA000026801989DF8031000EB8100C068BDF802
:105AB00000109047FFE701989DF8031000EB81006C
:105AC000C06A78B1FFE740F2DC00C2F20000026871
:105AD00001989DF8031000EB8100C06ABDF800102A
:105AE0009047FFE7FFE79DF8030001308DF80300C2
:105AF000C5E702B080BD000083B08DF80B000191B6
:105B0000ADF80220ADF8003041F27421C2F201017B
:105B1000AA200870032048700820C8709DF80B0068
:105B200041F22021C2F20101087201980860BDF81B
:105B300002008880BDF80000C88003B070470000F4
:105B400080B584B041F22020C2F201000290007AB8
:105B5000002818BF01204AF6DA71C8F201014FF49B
:105B6000BC72F8F795FCDDF808C09CF80800DCF87A
:105B7000001041F27422C2F201020392927802F004
:105B80000F02BCF80430BCF806C0EE46CEF800C0E8
:105B9000FFF7E2FE03988078000738B1FFE741F293
:105BA0002020C2F20100FFF743FFFFE704B080BDF1
:105BB00082B08DF807009DF8070001460091062885
:105BC00000F27A800099DFE801F004172A3D506363
:105BD000760040F2DC01C2F200014CF2B160C8F282
:105BE0000000086040F2D801C2F200014CF291605E
:105BF000C8F2000008605FE040F2DC01C2F2000180
:105C000048F25910C8F20100086040F2D801C2F20F
:105C1000000148F21910C8F2010008604CE040F29F
:105C2000DC01C2F200014AF28170C8F20000086093
:105C300040F2D801C2F200014AF24170C8F20000FD
:105C4000086039E040F2DC01C2F2000147F6097059
:105C5000C8F20100086040F2D801C2F2000147F624
:105C6000C960C8F20100086026E040F2DC01C2F21F
:105C7000000147F67920C8F20100086040F2D8011F
:105C8000C2F2000147F6D100C8F20100086013E03B
:105C900040F2DC01C2F200014AF2A960C8F2000041
:105CA000086040F2D801C2F200014AF26960C8F20D
:105CB0000000086000E0FFE702B07047000000004D
:105CC00082B001900091002002B0704700000000F7
:105CD00082B001900091009802B07047000000006F
:105CE00080B586B00590ADF81210039241F2A02065
:105CF000C2F201004188ADF80A108088ADF80800B2
:105D0000059841F28821C2F201010968401A0399FD
:105D1000884201D2FFE79BE0059841F28821C2F258
:105D200001010860BDF80A00BDF8081088421ADABF
:105D3000FFE7BDF80800BDF80A10401ABDF81210C0
:105D4000884204D8FFE7BDF80800019007E0BDF8DD
:105D50000A00BDF81210084480B20190FFE70198D4
:105D6000ADF80A0021E0BDF80A00BDF8081088422D
:105D70001ADDFFE7BDF80A00BDF80810401ABDF8AB
:105D80001210884204D8FFE7BDF80800009007E031
:105D9000BDF80A00BDF81210401A80B20090FFE76B
:105DA0000098ADF80A00FFE7FFE7BDF80A0041F2EE
:105DB000A021C2F201014880BDF80A0000F004FAF7
:105DC0000146B920FEF758FBBDF80A00BDF80810DF
:105DD00088423DD1FFE741F2A020C2F201000078E5
:105DE0000A2835D0FFE741F2A020C2F20100007876
:105DF0000B282DD0FFE7059841F29021C2F2010156
:105E0000086041F2A020C2F201000078032807D107
:105E1000FFE741F2A021C2F201010420087016E060
:105E200041F2A020C2F201000078052807D1FFE767
:105E300041F2A021C2F201010620087006E041F201
:105E4000A021C2F2010108200870FFE7FFE7FFE789
:105E500006B080BD0000000080B586B08DF8170048
:105E6000ADF8141004928DF80F304E20FAF7B0FB05
:105E700060B9FFE741F2A020C2F2010000780928D2
:105E800003D0FFE700F060F9FFE7C0E09DF81700DE
:105E900070B9FFE741F29520C2F2010000789DF849
:105EA0000F10884203D1FFE700F04EF9FFE7AEE0A4
:105EB00000F0CAF9C8B9FFE741F2A020C2F2010020
:105EC0000078012807D1FFE741F29520C2F20100D6
:105ED000007818B1FFE700F037F9FFE741F2A021A1
:105EE000C2F201010120087091E0BDF9140010F523
:105EF0007A7F05DAFFE74FF61840ADF81400FFE7A8
:105F0000BDF91400B0F57A7F05DDFFE74FF47A7034
:105F1000ADF81400FFE7BDF91400C0EB00108000DD
:105F200044F6D351C1F2620150FB01F1881100EB3C
:105F3000D17000F5B9600290029840F28B5188420E
:105F400004DCFFE740F28C500290FFE7029840F239
:105F50000561884204DBFFE740F204600290FFE73E
:105F600041F29520C2F20100007800283ED1FFE7FF
:105F700041F29C21C2F201010020087041F29D21F2
:105F8000C2F20101087041F29E21C2F201010870C3
:105F90004FF4B960019000F017F90246B9203221A0
:105FA000FDF796FD019A41F29421C2F20101012010
:105FB00008709DF80F1041F29523C2F20103197089
:105FC0009DF80F100A23022908BF0B2341F2A021DC
:105FD000C2F201010B704A80029A8A80887104988B
:105FE00041F28821C2F20101086010E0029841F2FA
:105FF000A021C2F20101888004989DF80F2002219F
:10600000022A08BF06211422FFF76AFEFFE706B046
:1060100080BD00000000000080B582B08DF8070050
:10602000ADF8041000929DF8070058B1FFE741F267
:106030009520C2F201000078012803D1FFE700F0AB
:1060400083F8FFE79DF80700BDF90410009A0223CA
:10605000FFF702FF02B080BD41F2A020C2F20100B2
:10606000704700000000000080B586B0059041F246
:106070009421C2F2010100200490087041F29521A0
:10608000C2F20101087000F07FF804994F200390DC
:106090000122019247F248030293FAF7ADFA019AFE
:1060A000029B04994E20FAF7A7FA0398FAF790FAA0
:1060B0000146049841F29D22C2F20102117041F2A0
:1060C0009E21C2F20101087041F29C21C2F201013D
:1060D0000870059841F28421C2F201010860059818
:1060E00041F29021C2F201010860059841F2882135
:1060F000C2F20101086000F0A7F8B0FA80F0400990
:1061000041F2A021C2F20101087006B080BD00007A
:1061100080B582B08DF80700ADF80410009241F20E
:106120009520C2F201000078022801D1FFE708E0C3
:106130009DF80700BDF90410009A0123FFF78CFEBB
:10614000FFE702B080BD000080B500F01DF841F20D
:106150009521C2F201010020087041F2A022C2F292
:1061600001020921117041F29C21C2F20101087063
:1061700041F29D21C2F20101087041F29E21C2F25A
:106180000101087080BD000080B582B041F294200A
:10619000C2F20100007828B1FFE7B9200021FEF724
:1061A0006BF9FFE75E200121002201924823FAF7F4
:1061B00023FA019841F2A021C2F2010188714880BE
:1061C000888002B080BD000080B584B0ADF80E00BC
:1061D000BDF80E0040F28B51884205D8FFE740F22F
:1061E0008C50ADF80E00FFE7BDF80E0040F20561DF
:1061F000884205D3FFE740F20460ADF80E00FFE7E8
:10620000BDF80E2000234AF22010C0F20700194604
:10621000E2FB000144F24022C0F20F02ECF728FB3F
:10622000019100900099019842F21172891A70F15F
:10623000000006D3FFE70020019042F210700090AA
:10624000FFE7009804B080BD012070470000000007
:1062500085B08DF813000391029201939DF813000D
:106260004BF23221C2F200010870019830B9FFE709
:1062700045F26150C8F20100009002E001980090E0
:10628000FFE7009840F24801C2F20001086005B043
:10629000704700000000000080B586B08446089872
:1062A000CDF814C08DF8131003928DF80B308DF8D3
:1062B0000A000598002818BF01204AF66831C8F284
:1062C000010100914FF43072F8F7E2F800999DF85F
:1062D0000B009DF80A20801A18BF012040F2C1224D
:1062E000F8F7D6F89DF80B00059908609DF80A00AC
:1062F000059948609DF8130005990872039805995F
:10630000C8609DF80B000122019248231146FAF75C
:1063100073F9019A9DF80A0040F648031146FAF70E
:106320006BF906B080BD000080B588B007908DF88D
:106330001B100798002818BF01204AF66831C8F2E0
:106340000101C222F8F7A4F800208DF81A000820F5
:106350008DF81900079801684A0940F20400C2F25A
:10636000000050F8220001F01F0201219140F0F7D7
:10637000BFFF0798C0680590FFE70598411E05918B
:1063800008B1FFE7F9E7079841684A0940F20400BD
:10639000C2F2000050F8220001F01F0201219140DA
:1063A000F1F7AAF90798007900214822FAF7E4F9F1
:1063B000FFE79DF81900411E8DF8191000283FD005
:1063C000FFE7079801684A0940F20400C2F20000A2
:1063D00050F8220001F01F0201219140F0F788FFE0
:1063E0000798C0680490FFE70498411E049108B123
:1063F000FFE7F9E7079801684A0940F20400C2F292
:10640000000050F8220001F01F0201219140F1F735
:1064100073F90798C0680390FFE70398411E039142
:1064200008B1FFE7F9E79DF81A0001900798007995
:10643000FAF7CEF8019940EA41008DF81A00B8E762
:10644000079801684A0940F20400C2F2000050F8BF
:10645000220001F01F02012100919140F0F748FF56
:1064600000990798007940F64802FAF785F90798ED
:10647000C0680290FFE70298411E029108B1FFE751
:10648000F9E707989DF81B1000F06EF89DF81A00C8
:1064900008B080BD0000000080B582B001908DF88A
:1064A00003100198002818BF01204AF66831C8F28D
:1064B000010140F2A522F7F7EBFF00208DF8020062
:1064C000019800F065F90198017A4900C9B200F01D
:1064D000D3F801989DF8031000F0CEF8019800F071
:1064E000C3F9019800F054F90198017A490001318B
:1064F000C9B200F0C1F801980121FFF715FF8DF82E
:106500000200019800F0B0F99DF8020002B080BDD1
:1065100080B582B001908DF803108DF802200198AB
:10652000002818BF01204AF66831C8F2010140F284
:106530009322F7F7ADFF019800F02AF90198017A4C
:106540004900C9B200F098F801989DF8031000F0D6
:1065500093F801989DF8021000F08EF8019800F071
:1065600083F902B080BD000080B586B005908DF83B
:1065700013100598002818BF01204AF66831C8F2A8
:1065800001016A22F7F784FF059801684A0940F281
:106590000400C2F2000050F8220001F01F020121A5
:1065A0009140F0F7A5FE9DF8130080B1FFE7059834
:1065B00041684A0940F20400C2F2000050F822008B
:1065C00001F01F0201219140F1F796F80FE00598C4
:1065D00041684A0940F20400C2F2000050F822006B
:1065E00001F01F0201219140F0F782FEFFE70598BC
:1065F000C0680390FFE70398411E039108B1FFE7CD
:10660000F9E7059801684A0940F20400C2F2000067
:1066100050F8220001F01F0201219140F1F76CF8BF
:106620000598C0680290FFE70298411E029108B1E8
:10663000FFE7F9E7059801684A0940F20400C2F251
:106640000000009050F8220001F01F02012101918A
:106650009140F0F74DFE00980199059A5268530950
:1066600050F8230002F01F029140F1F745F806B000
:1066700080BD00000000000080B586B005908DF858
:1066800013100598002818BF01204AF66831C8F297
:106690000101A822F7F7FCFE80208DF81200FFE729
:1066A0009DF8120000286BD0FFE79DF813009DF8BD
:1066B0001210084210D0FFE7059841684A0940F2DD
:1066C0000400C2F2000050F8220001F01F02012174
:1066D0009140F1F711F80FE0059841684A0940F23E
:1066E0000400C2F2000050F8220001F01F02012154
:1066F0009140F0F7FDFDFFE79DF8120040088DF88E
:1067000012000598C06840080390FFE70398411EF7
:10671000039108B1FFE7F9E7059801684A0940F2DB
:106720000400C2F2000050F8220001F01F02012113
:106730009140F0F7E1FF0598C0680290FFE70298EA
:10674000411E029108B1FFE7F9E7059801684A097F
:1067500040F20400C2F2000050F8220001F01F02D3
:1067600001219140F0F7C4FD0598C06840080190F0
:10677000FFE70198411E019108B1FFE7F9E78FE7B4
:10678000059800F0DDF8013818BF012006B080BD83
:1067900080B586B005900598002818BF01204AF6FC
:1067A0006831C8F201014122F7F772FE05980168CD
:1067B0004A0940F20400C2F20000009050F82200A2
:1067C00001F01F02012101919140F0F795FF00981F
:1067D0000199059A5268530950F8230002F01F02EC
:1067E0009140F0F789FF0598C0680490FFE704988E
:1067F000411E049108B1FFE7F9E7059841684A098D
:1068000040F20400C2F2000050F8220001F01F0222
:1068100001219140F0F76CFD0598C0680390FFE7F7
:106820000398411E039108B1FFE7F9E70598016855
:106830004A0940F20400C2F2000050F8220001F0C0
:106840001F0201219140F0F753FD0598C0680290A6
:10685000FFE70298411E029108B1FFE7F9E706B091
:1068600080BD00000000000080B586B0059005984E
:10687000002818BF01204AF66831C8F201015522EC
:10688000F7F706FE059841684A0940F20400C2F293
:106890000000009050F8220001F01F020121019138
:1068A0009140F0F725FD00980199059A1268530967
:1068B00050F8230002F01F029140F0F719FD0598EF
:1068C000C0680490FFE70498411E049108B1FFE7F7
:1068D000F9E7059801684A0940F20400C2F2000095
:1068E00050F8220001F01F0201219140F0F704FF4F
:1068F0000598C0680390FFE70398411E039108B113
:10690000FFE7F9E7059841684A0940F20400C2F23E
:10691000000050F8220001F01F0201219140F0F721
:10692000EBFE0598C0680290FFE70298411E0291B5
:1069300008B1FFE7F9E706B080BD000000000000E5
:1069400080B58AB009900998002818BF01204AF63E
:106950006831C8F201018622F7F79AFD0020049001
:106960008DF82300099801684A0940F20400C2F238
:106970000000029050F8220001F01F020121039153
:106980009140F0F7B5FC02980399099A52685309AF
:1069900050F8230002F01F029140F0F7ADFE049979
:1069A000099800794822F9F7E7FE0998C06807902E
:1069B000FFE70798411E079108B1FFE7F9E709983B
:1069C00001684A0940F20400C2F2000050F82200B7
:1069D00001F01F0201219140F0F78EFE0998C06876
:1069E0000690FFE70698411E069108B1FFE7F9E718
:1069F00009980079F9F7ECFD20B1FFE701208DF847
:106A00002300FFE7099801684A0940F20400C2F236
:106A1000000050F8220001F01F0201210191914075
:106A2000F0F766FC01990998007940F64802F9F7F9
:106A3000A3FE0998C0680590FFE70598411E0591DF
:106A400008B1FFE7F9E79DF823000AB080BD000018
:106A5000B0B594B094468E4604461A981999189A7F
:106A60008DF84F408DF84EE0CDF848C08DF8473096
:106A70008DF84620ADF84410ADF842009DF84F0067
:106A80009DF84710A0EB1110B0FA80F040094AF6CB
:106A90008F31C8F2010106914FF41272F7F7F8FC3A
:106AA00006999DF84F009DF84620A0EB1210B0FA11
:106AB00080F0400940F24922F7F7EAFC9DF84F10B8
:106AC000BDF844200120B1EB121F07900AD0FFE768
:106AD000BDF844004FF6FF71401AB0FA80F040094B
:106AE0000790FFE7079800F001004AF68F31C8F2DF
:106AF000010140F24A22F7F7CBFC9DF84F10BDF898
:106B000042200120B1EB121F05900AD0FFE7BDF82B
:106B100042004FF6FF71401AB0FA80F0400905902C
:106B2000FFE7059800F001004AF68F31C8F2010135
:106B300040F24B22F7F7ACFCBDF842004FF6FF7174
:106B400088420AD1FFE79DF84F2041F2A821C2F206
:106B50000101002021F812000AE0BDF842009DF872
:106B60004F2041F2A821C2F2010121F81200FFE7F3
:106B70009DF84F009DF847109DF84620BDF8443021
:106B8000BDF842C0EE46CEF800C000F0B9F846F2BB
:106B90001840C8F200000221EEF756F84FF6182010
:106BA000C8F200000321EDF777FF09A8F1F7E8FA32
:106BB0001298099008200A90BDF8420042F29341D1
:106BC000C1F24921A0FB0121C1EBC101A0EB4101B0
:106BD0006FF0020000EB51008DF83C009DF84E0074
:106BE0000146049103281ED80499DFE801F0020849
:106BF0000F1600208DF82C008DF82D0013E00020DA
:106C00008DF82C0001208DF82D000CE001208DF86E
:106C10002C0000208DF82D0005E001208DF82C00BF
:106C20008DF82D00FFE709994CF60020C3F69A3045
:106C3000B0FBF1F10C910999B0FBF1F10D910999BB
:106C4000B0FBF1F00E900E20EDF74EF980080890A1
:106C50009DF84F1040F2E000C2F20000039050F89F
:106C60002100089A09A90191F1F7D6FA03989DF835
:106C70004F1050F82100F1F71BFF019903989DF880
:106C80004F2050F82200089AF1F7C6FA03989DF8B1
:106C90004F1050F821000021F1F7AEF903989DF84C
:106CA0004F1050F82120516A21F0080151629DF8DF
:106CB0004F1050F8210001210291F1F79DF9029A3D
:106CC00003989DF84F1050F821001146F1F7C4F9D0
:106CD00003989DF84F1050F8210043F60371C0F25D
:106CE0000011F1F769F803989DF84F1050F8210052
:106CF00043F60371F1F774F914B0B0BD0000000061
:106D000080B586B0844608988DF817C08DF81610A7
:106D10008DF81520ADF81230ADF810009DF8170071
:106D20000146039101280AD0FFE70398032800F0E9
:106D3000AE80FFE70398042800F09281C7E29DF837
:106D40001600102818D1FFE7694641F270008860EC
:106D50000020486048F2AC30C4F21F00086048F2DE
:106D6000BC10C4F21F00042148F2F042C4F21F021A
:106D70000123F4F771FEFFE79DF81500102818D1E4
:106D8000FFE7694641F2700088600020486048F2E1
:106D9000B430C4F21F00086048F2C410C4F21F00EF
:106DA000042148F2F842C4F21F020123F4F754FE12
:106DB000FFE7BDF81200102818D1FFE7694641F23D
:106DC000700088600020486048F2B830C4F21F00AC
:106DD000086048F2C810C4F21F00042148F2F442CF
:106DE000C4F21F020123F4F737FEFFE7BDF81000DD
:106DF000102817D1FFE7694641F270008860002330
:106E00004B6048F2B030C4F21F00086048F2C01076
:106E1000C4F21F00042148F2EC42C4F21F02F4F74E
:106E20001BFE33E0BDF81000142814D1FFE76946BB
:106E300041F27000886000234B6048F2A420C4F245
:106E40001F00086048F2B400C4F21F0002211A4675
:106E5000F4F702FE19E0BDF81000162814D1FFE780
:106E6000694641F27000886000234B6048F2A82018
:106E7000C4F21F00086048F2B800C4F21F000221EB
:106E80001A46F4F7E9FDFFE7FFE7FFE728E29DF880
:106E90001600302817D1FFE7694641F2700088607C
:106EA00000234B6048F2AC20C4F21F00086048F297
:106EB000BC00C4F21F00072148F21052C4F21F02A6
:106EC000F4F7CAFD1DE09DF81600312818D1FFE740
:106ED000694641F2700088600020486048F228301E
:106EE000C4F21F00086048F23810C4F21F000221EB
:106EF00048F21052C4F21F020123F4F7ADFDFFE780
:106F0000FFE79DF81500302817D1FFE7694641F2E9
:106F10007000886000234B6048F2B020C4F21F006C
:106F2000086048F2C000C4F21F00072148F218525E
:106F3000C4F21F02F4F790FD1DE09DF81500312802
:106F400018D1FFE7694641F2700088600020486070
:106F500048F22430C4F21F00086048F23410C4F232
:106F60001F00022148F21852C4F21F020123F4F755
:106F700073FDFFE7FFE7BDF81200302817D1FFE7E8
:106F8000694641F27000886000234B6048F2B420EB
:106F9000C4F21F00086048F2C400C4F21F000721B9
:106FA00048F21452C4F21F02F4F756FD1DE0BDF87A
:106FB0001200312818D1FFE7694641F2700088605D
:106FC0000020486048F22030C4F21F00086048F2F8
:106FD0003010C4F21F00022148F21452C4F21F0202
:106FE0000123F4F739FDFFE7FFE7BDF81000302873
:106FF00017D1FFE7694641F27000886000234B60BB
:1070000048F2B820C4F21F00086048F2C800C4F279
:107010001F00072148F20C52C4F21F02F4F71CFDB6
:107020001DE0BDF81000312818D1FFE7694641F294
:10703000700088600020486048F21C30C4F21F00D5
:10704000086048F22C10C4F21F00022148F20C52D2
:10705000C4F21F020123F4F7FFFCFFE7FFE73FE163
:107060009DF81600402817D1FFE7694641F27000ED
:10707000886000234B6048F23830C4F21F0008607B
:1070800048F24810C4F21F00032148F22052C4F213
:107090001F02F4F7E1FC1DE09DF81600412818D10D
:1070A000FFE7694641F2700088600020486048F2BE
:1070B0008830C4F21F00086048F29810C4F21F0024
:1070C00048F22052C4F21F0201231946F4F7C4FC0F
:1070D000FFE7FFE79DF81500402817D1FFE7694655
:1070E00041F27000886000234B6048F23430C4F2F3
:1070F0001F00086048F24410C4F21F00032148F248
:107100002852C4F21F02F4F7A7FC1DE09DF81500F9
:10711000412818D1FFE7694641F2700088600020DD
:10712000486048F28430C4F21F00086048F29410AE
:10713000C4F21F0048F22852C4F21F02012319466C
:10714000F4F78AFCFFE7FFE7BDF81200402817D1EB
:10715000FFE7694641F27000886000234B6048F207
:107160003030C4F21F00086048F24010C4F21F0023
:10717000032148F22452C4F21F02F4F76DFC1DE013
:10718000BDF81200412818D1FFE7694641F27000AE
:1071900088600020486048F28030C4F21F00086018
:1071A00048F29010C4F21F0048F22452C4F21F02A9
:1071B00001231946F4F750FCFFE7FFE7BDF8100084
:1071C000402817D1FFE7694641F27000886000232C
:1071D0004B6048F22C30C4F21F00086048F23C10AB
:1071E000C4F21F00032148F21C52C4F21F02F4F73C
:1071F00033FC6BE0BDF81000412818D1FFE7694669
:1072000041F2700088600020486048F27C30C4F28F
:107210001F00086048F28C10C4F21F0048F21C5294
:10722000C4F21F0201231946F4F716FC4DE0BDF825
:107230001000422814D1FFE7694641F270008860CF
:1072400000234B6048F27830C4F21F00086048F217
:107250008810C4F21F0002211A46F4F7FDFB33E048
:10726000BDF81000442814D1FFE7694641F27000D0
:10727000886000234B6048F27430C4F21F0008603D
:1072800048F28410C4F21F0002211A46F4F7E4FB0E
:1072900019E0BDF81000462814D1FFE7694641F215
:1072A0007000886000234B6048F29830C4F21F00E1
:1072B000086048F2A810C4F21F0006211A46F4F72D
:1072C000CBFBFFE7FFE7FFE7FFE7FFE708E04AF652
:1072D0008F31C8F2010100206A22F7F7D9F8FFE7E1
:1072E00006B080BD0000000080B586B08DF81700A4
:1072F0008DF81610002203928DF815209DF81700C6
:1073000069464A60012304930B600DF1160100F0F9
:107310006BF80399049B9DF817006A46516013604F
:107320000DF1150200F060F89DF8150006B080BD63
:1073300080B588B08DF81F008DF81E100692059359
:107340000698002818BF01204AF68F31C8F20101C3
:107350004FF4E672F7F79CF89DF81F00694600228B
:1073600004924A60012303930B600DF11E0100F0AB
:107370003BF8DDF80CC004999DF81F00069A059BA8
:10738000EE46CEF80410CEF800C000F02DF808B09C
:1073900080BD00000000000080B586B08DF81700A9
:1073A0000491039202930498002818BF01204AF622
:1073B0008F31C8F2010140F21322F7F769F89DF806
:1073C00017000499039A029BEE464FF0000CCEF88A
:1073D00004C04FF0010CCEF800C000F005F806B074
:1073E00080BD00000000000010B58AB08C468646C3
:1073F0000D980C998DF827E0CDF820C007920693E0
:107400008DF817108DF816000698002818BF012077
:107410004AF68F31C8F201017522F7F739F89DF865
:10742000160090B9FFE79DF8270040F2E001C2F294
:10743000000151F82000006E072262F30B009DF856
:10744000272051F82210086620E09DF81600012838
:1074500012D1FFE79DF8270040F2E001C2F20001DF
:1074600051F82000006E0F2262F30B009DF82720D8
:1074700051F82210086608E04AF68F31C8F201017F
:1074800000208122F7F704F8FFE7FFE79DF81700D7
:1074900078B1FFE79DF8271041F2A820C2F2010061
:1074A00030F81110702000EAC10000F58010039040
:1074B0000CE09DF8271041F2A820C2F2010030F83C
:1074C0001110702000EAC1000390FFE708980090B7
:1074D0000798019006980290FFE79DF8271040F268
:1074E000E000C2F2000050F821006946F1F7D8F838
:1074F0000490FFE70498B0F5C87FEED0FFE70AB02C
:1075000010BD00000000000080B584B08DF80F00B1
:10751000ADF80C109DF80F006A4601215160116012
:1075200003A900220223FFF75FFF04B080BD000023
:1075300080B586B08DF81700049103920498002856
:1075400018BF01204AF68F31C8F20101F322F6F785
:107550009FFF9DF817000499039A5300EC460122FF
:10756000CCF80420CCF800200022FFF73DFF06B045
:1075700080BD00000000000080B582B08DF80700DB
:107580008DF806109DF807000DF10601012200F0AC
:1075900003F802B080BD000080B58AB08DF82700E6
:1075A000089107929DF827000899079BEE46002254
:1075B000CEF804204FF0010CCEF800C0FFF714FF06
:1075C0000AB080BD0000000080B586B08DF81700BD
:1075D0008DF816108DF815209DF8170069460022C9
:1075E00003924A600A600DF1160101230493FFF72C
:1075F000FBFE039A049B9DF8170069464A600B60E6
:107600000DF11501FFF7F0FE06B080BD000000008F
:1076100080B582B001908DF803108DF8022001989A
:1076200003F01EF80199002088709DF80310019A5C
:1076300011709DF80210019A5170019981F8EF00C4
:107640000199012081F8EE00019981F8ED0002B066
:1076500080BD00000000000080B586B002A8019047
:10766000F0F78EF8019905208DF8080001200390AD
:107670000020C4F21F000090F0F7EAF80098F0F73D
:107680006BF800980199F0F7E3F806B080BD0000B0
:1076900080B584B00390FFE70398411E039108B3BF
:1076A000FFE70020C4F21F000290002145F6C052FF
:1076B000F0F766F90298F0F797F9FFE70020C4F2B7
:1076C0001F000121F0F7B8F808B9FFE7F6E700203E
:1076D000C4F21F0001900121F0F732F80198F0F791
:1076E0008FF9D9E704B080BD80B584B00390FFE77F
:1076F0000398411E039100B3FFE70020C4F21F006E
:10770000029000211822F0F73BF90298F0F76CF98B
:10771000FFE70020C4F21F000121F0F78DF808B93F
:10772000FFE7F6E70020C4F21F0001900121F0F707
:1077300007F80198F0F764F9DAE704B080BD0000BB
:1077400080B5D2B0519050914F924E934E9808B957
:10775000FFE7F0E04E9800210D914FF4F772EBF740
:107760000AF90D984E9AFF21D1700E90FFE70E98FE
:10777000772811DCFFE74E980E9901445D2081F8CF
:10778000FE004E980E990144BB2081F88600FFE769
:107790000E9801300E90EAE7519850B9FFE746F68F
:1077A000C840C2F20100C07E40F002004E9948710C
:1077B000C1E051980DF13F0101F0FEFF4E99887133
:1077C0009DF83F00182816D8FFE746F6C840C2F2D9
:1077D0000100C07E40F002004E99487110A80C9044
:1077E0000021F822EBF7C7F80C994E98509A4F9B5E
:1077F00001F072F89FE051984E9910AA089201F09A
:107800009BFD08984E9900F1F2030122079201F0C6
:1078100003FC089A8DF8300102F178000A904E9925
:1078200002F1F3030222099201F0F6FB079A0146E6
:1078300008988DF831114E9901F00EFD099A014614
:107840000A988DF834114E9901F006FD8DF8350136
:107850009DF836019DF8371108443221484344F61B
:107860009111C0F2F121A0FB01104E9948709DF8D2
:107870003611002016290B901AD3FFE74E98417855
:10788000002023290B9013D3FFE74E9801F07CFCD6
:1078900001460120069041B9FFE710A800F048FE1C
:1078A000002818BF01200690FFE706980B90FFE71D
:1078B0000B9800F001004E9908704E9856210291E5
:1078C0006C22039201F06CFB4E9908814E982D2199
:1078D00004914622059201F063FB4E9948814E982F
:1078E000509A4F9B10A9019100F0F6FF01994E9814
:1078F00000F056FE0299039A4E9801F051FB04994C
:10790000059A4E9B18814E9801F04AFB4E9948818A
:107910004E984079C00720B1FFE74E9900200870CB
:10792000FFE74E98007830B9FFE74E99487940F06C
:1079300002004871FFE752B080BD00000000000067
:1079400080B546F6C840C2F2010000212022EBF7C4
:1079500012F880BD0000000082B08DF806009DF88E
:10796000060020B9FFE704208DF807002CE09DF801
:107970000600012804D1FFE705208DF8070023E069
:107980009DF8060001388DF806009DF806000146B6
:107990000091012808D0FFE70098022808D0FFE7EF
:1079A0000098032808D00BE006208DF807000BE0B4
:1079B00007208DF8070007E008208DF8070003E096
:1079C00009208DF80700FFE79DF8070002B0704717
:1079D000704700000000000080B58CB08DF82F00CB
:1079E0000A918DF827208DF826309DF82700000990
:1079F0009DF82610A0EB1110B0FA80F040094AF66D
:107A0000B131C8F20101F722F6F742FD9DF82F00CF
:107A10009DF827109DF8262000F02EF8EBF7ECFEDD
:107A2000089003A80290F1F7DBFB02990A980390F3
:107A300001208DF81C008DF81D009DF82F2040F2CC
:107A4000FC00C2F20000019050F82200089AF1F701
:107A50004BFC01989DF82F1050F82100F1F708FB1E
:107A6000019802999DF82F2050F82200089AF1F70A
:107A70003BFC0CB080BD000080B586B08DF81700CF
:107A80008DF816108DF815209DF817000138014665
:107A90000491072800F24E820499DFE811F00800F3
:107AA0003B007600EB0060019B014B02D6019DF884
:107AB0001600102814D1FFE7694641F27000886073
:107AC00000234B6048F2DC20C4F21F00086048F23B
:107AD000EC00C4F21F0002211A46F3F7BDFFFFE7D6
:107AE0009DF81500102814D1FFE7694641F2700097
:107AF000886000234B6048F2E020C4F21F00086059
:107B000048F2F000C4F21F0002211A46F3F7A4FF66
:107B1000FFE718E29DF81600202818D1FFE7694614
:107B200041F2700088600020486048F2F420C4F2FE
:107B30001F00086048F20410C4F21F00022148F23E
:107B40003052C4F21F020123F3F786FFFFE79DF8CE
:107B50001500202818D1FFE7694641F270008860BF
:107B60000020486048F2F820C4F21F00086048F284
:107B70000810C4F21F00022148F22C52C4F21F0266
:107B80000123F3F769FFFFE7DDE19DF816003028D8
:107B900017D1FFE7694641F27000886000234B600F
:107BA00048F20430C4F21F00086048F21410C4F216
:107BB0001F00022148F23C52C4F21F02F3F74CFFAF
:107BC0001DE09DF81600312818D1FFE7694641F203
:107BD000700088600020486048F24C30C4F21F00FA
:107BE000086048F25C10C4F21F00032148F23C52C6
:107BF000C4F21F020223F3F72FFFFFE7FFE79DF810
:107C00001500302817D1FFE7694641F270008860FF
:107C100000234B6048F20830C4F21F00086048F2AD
:107C20001810C4F21F00022148F23852C4F21F0299
:107C3000F3F712FF1DE09DF81500312818D1FFE77A
:107C4000694641F2700088600020486048F2503078
:107C5000C4F21F00086048F26010C4F21F00032144
:107C600048F23852C4F21F020223F3F7F5FEFFE791
:107C7000FFE768E19DF81600402818D1FFE7694644
:107C800041F2700088600020486048F26C30C4F215
:107C90001F00086048F27C10C4F21F0048F24452F2
:107CA000C4F21F0202231946F3F7D6FE1CE09DF82A
:107CB0001600412817D1FFE7694641F2700088603D
:107CC00000234B6048F2C430C4F21F00086048F241
:107CD000D410C4F21F00042148F24452C4F21F021F
:107CE000F3F7BAFEFFE7FFE79DF81500402818D12B
:107CF000FFE7694641F2700088600020486048F262
:107D00007030C4F21F00086048F28010C4F21F00F7
:107D100048F24052C4F21F0202231946F3F79CFEB8
:107D20001CE09DF81500412817D1FFE7694641F294
:107D30007000886000234B6048F2C830C4F21F0016
:107D4000086048F2D810C4F21F00042148F24052E3
:107D5000C4F21F02F3F780FEFFE7FFE7F3E09DF8B0
:107D60001600502818D1FFE7694641F2700088607C
:107D70000020486048F29C30C4F21F00086048F2BE
:107D8000AC10C4F21F0048F24C52C4F21F0201238F
:107D90001946F3F761FEFFE79DF81500502818D14A
:107DA000FFE7694641F2700088600020486048F2B1
:107DB000A030C4F21F00086048F2B010C4F21F00E7
:107DC00048F24852C4F21F0201231946F3F744FE59
:107DD000FFE7B8E09DF81600602818D1FFE7694674
:107DE00041F2700088600020486048F2B420C4F27C
:107DF0001F00086048F2C400C4F21F00022148F2CC
:107E00005452C4F21F020123F3F726FEFFE79DF848
:107E10001500602818D1FFE7694641F270008860BC
:107E20000020486048F2B820C4F21F00086048F201
:107E3000C800C4F21F00022148F25052C4F21F02CF
:107E40000123F3F709FEFFE77DE09DF81600802887
:107E500018D1FFE7694641F2700088600020486051
:107E600048F21430C4F21F00086048F22410C4F233
:107E70001F00022148F26452C4F21F020123F3F7EB
:107E8000EBFD1CE09DF81600812817D1FFE769463D
:107E900041F27000886000234B6048F2BC30C4F2AD
:107EA0001F00086048F2CC10C4F21F00022148F203
:107EB0006452C4F21F02F3F7CFFDFFE7FFE79DF81E
:107EC0001500802818D1FFE7694641F270008860EC
:107ED0000020486048F21830C4F21F00086048F2E1
:107EE0002810C4F21F00022148F26052C4F21F029F
:107EF0000123F3F7B1FD1CE09DF81500812817D18F
:107F0000FFE7694641F27000886000234B6048F249
:107F1000C030C4F21F00086048F2D010C4F21F0045
:107F2000022148F26052C4F21F02F3F795FDFFE709
:107F3000FFE708E04AF6B131C8F2010100206722EC
:107F4000F6F7A6FAFFE706B080BD000000000000CB
:107F500080B584B08DF80F00029100208DF80700E5
:107F60009DF80F2040F2FC01C2F2000151F82210EE
:107F7000C96A01F0E061B0EB116F10D0FFE79DF826
:107F80000F1040F2FC00C2F2000050F82100F1F79F
:107F90005FFB0299087001208DF80700FFE79DF84C
:107FA000070004B080BD000080B582B08DF80700E6
:107FB0000091009890B1FFE79DF8071040F2FC0097
:107FC000C2F2000050F821004FF40011F1F7CCF894
:107FD0009DF807001330F8F743FD0CE09DF80710FB
:107FE00040F2FC00C2F2000050F821004FF40011F2
:107FF000F1F776F8FFE702B080BD00000000000056
:1080000080B584B08DF80F0002910192FFE79DF8D2
:108010000F1040F2FC00C2F2000050F8210040694D
:108020000002002801D4FFE7F1E79DF80F1040F2AD
:10803000FC00C2F2000050F821000299019AF1F709
:1080400057FB04B080BD000080B582B08DF80700FA
:108050008DF80610FFE79DF8071040F2FC00C2F211
:10806000000050F8210040690002002801D4FFE719
:10807000F1E79DF8071040F2FC00C2F2000050F852
:1080800021009DF80610F1F76FFB02B080BD0000E3
:1080900080B582B08DF807000091FFE70098007866
:1080A00048B1FFE79DF8070000994A1C0092097843
:1080B000FFF7CAFFF2E702B080BD00000000000039
:1080C00082B0019000910098C07F90B1FFE70199C4
:1080D000002081F8F500019890F8F400FE2807DCF4
:1080E000FFE7019991F8F400013081F8F400FFE70F
:1080F00011E00199002081F8F400019890F8F50052
:10810000FE2807DCFFE7019991F8F500013081F8BE
:10811000F500FFE7FFE70098C07FE0B9FFE70198AF
:1081200090F8F500052816D3FFE70198C07848B10C
:10813000FFE70199C868D1F8BC10401AB0F5FA7F82
:1081400009D3FFE70199002081F8F200019901208D
:1081500081F8F300FFE7019890F8F40003280AD3B0
:10816000FFE7019890F8F30028B1FFE7019890F835
:10817000F20008B1FFE746E00198C078A0B9FFE738
:108180000199012081F8F200019A002182F8F31090
:108190000199C870009800680199C1F8B800019968
:1081A000C868C1F8BC002EE001980078022829D1E7
:1081B000FFE7009800680199D1F8B810401AB0F5AF
:1081C000FA5F1FD3FFE70199C868D1F8BC10401AC5
:1081D00041F28831884215D3FFE70199012081F8E7
:1081E000F2000199002081F8F30001990320087042
:1081F000009800680199C1F8C0000199C868C1F8E9
:10820000C400FFE7FFE702B0704700000000000075
:1082100080B586B0059004910598EAF7C7FB0390F6
:108220000498EAF7C3FB029003990020019031B350
:10823000FFE7039900202029019020D8FFE7039849
:108240000299014400203B29019018D8FFE70598C6
:108250004AF67B71C8F20101EAF7D9FB014600201A
:10826000019061B9FFE704984AF67B71C8F20101F9
:10827000EAF7CDFBB0FA80F040090190FFE70198E2
:1082800000F0010006B080BD80B586B004900020EB
:108290000390029001900498EAF788FB102804D319
:1082A000FFE700208DF817005DE0FFE7049890F9E4
:1082B0000000302820DBFFE7049890F900003928FF
:1082C0001ADCFFE7039800EB8001049890F90000A6
:1082D00000EB4100303803900298013002900328EF
:1082E00005D8FFE70398B0F5807F04D3FFE70020AF
:1082F0008DF8170037E031E0049890F900002E283F
:1083000005D0FFE7049890F9000010BBFFE7029842
:1083100020B9FFE700208DF8170024E0049890F9B9
:10832000000040B9FFE701980338B0FA80F0400937
:108330008DF8170017E0019801300190042804D34C
:10834000FFE700208DF817000DE000200390029059
:1083500003E000208DF8170005E0FFE7FFE7049831
:1083600001300490A2E79DF8170006B080BD000020
:1083700080B588B006900591002004900698EAF731
:1083800015FB0290029820B1FFE70298062804D35B
:10839000FFE700208DF81F003BE000200390FFE77F
:1083A0000398029988421FD2FFE706980399405626
:1083B000302806DBFFE70698039940563A2804DB8D
:1083C000FFE700208DF81F0023E0049800EB8001F8
:1083D0000698039A805600EB410030380490FFE77E
:1083E000039801300390DBE70499059A002091423D
:1083F000019008D3FFE704990020B1F5803F38BF12
:1084000001200190FFE7019800F001008DF81F00A6
:10841000FFE79DF81F0008B080BD000000000000CD
:1084200082B001900198B0F1FF3F04DCFFE70198B2
:108430004042009002E001980090FFE7009802B0EF
:10844000704700000000000083B08DF80B00019120
:1084500000929DF80B0046F6C841C2F20101087077
:10846000019848600098886000200876487603B03C
:10847000704700000000000046F6C841C2F201014A
:10848000002048758875C87570470000000000001E
:1084900085B004900391029204980399884203DA0C
:1084A000FFE7039801900DE004980299884203DDEC
:1084B000FFE70298009002E004980090FFE7009820
:1084C0000190FFE7019805B0704700000000000030
:1084D00084B003900291002001902D200090FFE7CE
:1084E000009846281DDCFFE703980099084490F89F
:1084F0007601800760B9FFE702980099405C58B1A7
:10850000FFE702980099084490F8780020B1FFE74F
:10851000019801300190FFE7FFE7009801300090DB
:10852000DEE7019900200C2988BF012004B07047C4
:1085300084B002900020019046F6C840C2F20100CB
:108540000078022803D0FFE70020039022E05620A5
:108550000090FFE700986C2815DCFFE7029800996F
:10856000405C58B1FFE702980099084490F8780001
:1085700020B1FFE7019801300190FFE7FFE7009885
:1085800001300090E6E7019900200A2988BF012008
:108590000390FFE7039804B070470000000000005C
:1085A00080B58EB00D900C910D98007B02286ED195
:1085B000FFE70D980C99FFF78BFF20B9FFE70D99A6
:1085C00000200870FFE71E200B90FFE70B9874282F
:1085D0005CDCFFE70D980B99084490F87601800762
:1085E00000284ED1FFE70C980B99405CA0B3FFE741
:1085F0000C980B99084490F8780068B3FFE746F6AA
:10860000C842C2F201020B98C0F15601B2F91C0037
:10861000B2F91E20121A514340F23F62C6F2E7320D
:1086200051FB02F2111101EBD27108440A900A9831
:108630005D300221B922FFF72BFF0D990B9A1144EF
:1086400081F8FE000D980B99014491F8760140F0F5
:108650000C0081F8760113E00D980B99084490F80E
:108660007601C00600280AD4FFE70D980B99014453
:1086700091F8760100F0FB0081F87601FFE7FFE753
:10868000FFE7FFE70B9801300B909FE720E10D9883
:10869000007B04283FD1FFE70D98417B0120012991
:1086A00008BF4FF0FF3009901E200B90FFE70B989A
:1086B00074282FDCFFE70B98C0F1740016214143AA
:1086C0004BF24940CEF2C26050FB0111881100EB21
:1086D000D17008900D980B99084490F8FE200998E5
:1086E000089900FB01200221B922FFF7D1FE0D9964
:1086F0000B9A114481F8FE000D980B99014491F8F2
:10870000760140F0080081F87601FFE70B98013010
:108710000B90CCE7DBE00D98007B05286BD1FFE7E1
:108720001E200B90FFE70B98742863DCFFE70D9881
:108730000B99084490F8FE000790002006900D98D1
:10874000407B012819D1FFE70D980B99084490F858
:108750007601C00788B1FFE70D990B980144897B2A
:10876000029101F039F90146029801EBD17100EB59
:10877000610007900120069020E00D98407B0228C0
:108780001BD1FFE70D980B99084490F876018007FC
:10879000002812D5FFE70D990B98014491F8861037
:1087A000019101F019F90146019801EBD171A0EB9B
:1087B0006100079001200690FFE7FFE70698A0B14F
:1087C000FFE707980221B922FFF762FE0D990B9A85
:1087D000114481F8FE000D980B99014491F876013F
:1087E00040F0080081F87601FFE7FFE70B980130C1
:1087F0000B9098E76AE00D98007B062865D1FFE7AB
:108800000D98407B012818BF4FF0FF3005900D9860
:10881000417B0120012908BF02208DF813000D982B
:10882000407B012818BF02208DF812001E200B90FB
:10883000FFE70B98742847DCFFE70D980B99084475
:1088400090F876019DF81310084238D1FFE70D9893
:108850000B99084490F876019DF8121008422ED02A
:10886000FFE70B98C0F17400C0EBC00188004BF229
:108870004942CEF2C26250FB02F000EB8101881146
:1088800000EBD17003900D980B99084490F8FE20EE
:108890000598039900FB01200221B922FFF7F8FD9A
:1088A0000D990B9A114481F8FE000D980B99014423
:1088B00091F8760140F0080081F87601FFE7FFE7C4
:1088C0000B9801300B90B4E7FFE7FFE7FFE7FFE706
:1088D0000EB080BD0000000080B5A8B027902691A2
:1088E00025922493249846F6C841C2F20101896872
:1088F000401A23902798B0F90810B0F90A00401ADE
:10890000FFF78EFD0146002005290146C8BF012161
:108910002291269991F8F71040291A900CDBFFE775
:10892000229900201A9039B9FFE72798007800288B
:1089300018BF01201A90FFE71A9800F0010021905B
:10894000269890F8F0100020199079B1FFE726984A
:1089500090F8F1100020199041B9FFE7269890F89F
:10896000F400002818BF01201990FFE7199800F0C3
:1089700001002090269890F8F1100020189079B10D
:10898000FFE7269890F8F0100020189041B9FFE713
:10899000269890F8F500002818BF01201890FFE7EE
:1089A000189800F001001F90269890F8F010002011
:1089B000179041B1FFE7269890F8F100002818BF02
:1089C00001201790FFE7179800F001001E902598EE
:1089D00046F6C841C2F20101C968401AB52809D358
:1089E000FFE7FFF749FD46F6C841C2F2010100204A
:1089F0000876FFE7259946F6C840C2F20100C1603B
:108A00000078022843D1FFE72398B0F57A7F0CD88D
:108A1000FFE7259846F6C841C2F201014968401AAD
:108A200043F69921884209D3FFE746F6C841C2F2CE
:108A30000101C87E40F00100C876FFE746F6C84055
:108A4000C2F20100007E159021990020169031B1EC
:108A5000FFE71E98B0FA80F040091690FFE71598DE
:108A6000169901F00101C0B200F06EFB014646F616
:108A7000C840C2F201000176007E032806D3FFE75A
:108A80002599249A0020FFF7DFFCFFE769E246F60C
:108A9000C840C2F2010000780328C0F29581FFE7C8
:108AA00046F6C840C2F201004078012803D1FFE732
:108AB0002098149002E01F981490FFE714981D90DE
:108AC00046F6C840C2F201004078012803D1FFE712
:108AD0001F98139002E020981390FFE713981C90C2
:108AE00046F6C840C2F201004078012805D1FFE7F0
:108AF000269890F8F200129004E0269890F8F3007F
:108B00001290FFE712988DF86F002398B0F57A6FF6
:108B10000CD8FFE7259846F6C841C2F20101496822
:108B2000401A4EF66121884209D3FFE746F6C84154
:108B3000C2F20101C87E40F00100C876FFE746F6A8
:108B4000C840C2F2010000780338014611910328A1
:108B500000F238811199DFE801F00263BBF546F6B7
:108B6000C840C2F20100007E0F901D9900201090B5
:108B700071B1FFE7279801780020109041B1FFE71D
:108B80009DF86F1000205D2988BF01201090FFE73D
:108B90000F98109901F00101C0B200F0D5FA01461A
:108BA00046F6C840C2F201000176407E0D90219940
:108BB00000200E9031B1FFE71D98B0FA80F0400917
:108BC0000E90FFE70D980E9901F00101C0B200F080
:108BD000BBFA014646F6C840C2F201004176007E6B
:108BE000032806D3FFE72599249A0420FFF72CFCDD
:108BF00015E046F6C840C2F20100407E03280DD3BE
:108C0000FFE746F6C841C2F20101002048702599ED
:108C1000249AFFF719FCFFF72FFCFFE7FFE7D2E0EC
:108C200046F6C840C2F20100007E0B9027980178FA
:108C300000200C9039B3FFE746F6C840C2F20100AD
:108C4000407801280DD1FFE72798B0F90810B0F956
:108C50000A00411A002011F1050FB8BF01200A9047
:108C60000BE02798B0F90810B0F90A00411A00206B
:108C70000529C8BF01200A90FFE70A98002818BFFD
:108C800001200C90FFE70B980C9901F00101C0B294
:108C900000F05AFA46F6C841C2F20101087623985C
:108CA000A02814D3FFE746F6C840C2F20100007EB8
:108CB00003280CD3FFE746F6C841C2F201010120A8
:108CC00088762599249A0520FFF7BEFBFFE77AE016
:108CD00046F6C840C2F20100007E08901C990020B0
:108CE0000990B9B1FFE7279801780020099089B170
:108CF000FFE746F6C840C2F20100817E00200990DD
:108D000041B1FFE7239881080020E02988BF0120B6
:108D10000990FFE70898099901F00101C0B200F03D
:108D200013FA014646F6C840C2F201000176007E01
:108D3000032806D3FFE72599249A0620FFF784FB32
:108D4000FFE740E046F6C840C2F20100007E069010
:108D500021990020079059B1FFE720990020079042
:108D600031B9FFE71F98B0FA80F040090790FFE79C
:108D70000698079901F00101C0B200F0E5F946F646
:108D8000C841C2F2010108762398B42819D3FFE73D
:108D900046F6C840C2F20100007E032811D3FFE767
:108DA00046F6C842C2F2010200205070012111753E
:108DB000249911612599249AFFF746FBFFF75CFB84
:108DC000FFE700E0FFE7CBE046F6C840C2F2010053
:108DD000007D90B1FFE7249846F6C841C2F2010138
:108DE0000969401AB0F5E17F07D3FFE746F6C841AD
:108DF000C2F2010100200875FFE746F6C840C2F242
:108E00000100C07D04901E990020059069B1FFE724
:108E1000279801780020059039B1FFE727988078DE
:108E2000B0FA80F040090590FFE70498059901F039
:108E30000101C0B200F088F9014646F6C840C2F20E
:108E40000100C175407D0290209900200390B1B1CE
:108E5000FFE7279801780020039081B1FFE727986A
:108E600081780020039051B9FFE746F6C840C2F26E
:108E70000100007DB0FA80F040090390FFE70298FE
:108E8000039901F00101C0B200F05EF9014646F617
:108E9000C840C2F201004175807D00901F990020FA
:108EA0000190B1B1FFE7279801780020019081B1CE
:108EB000FFE7279881780020019051B9FFE746F637
:108EC000C840C2F20100007DB0FA80F04009019074
:108ED000FFE70098019901F00101C0B200F034F9F8
:108EE000014646F6C840C2F201008175C07D0228E5
:108EF00012D3FFE72798008946F6C841C2F2010164
:108F0000888327984089C8832599249A0220FFF7EF
:108F10009BFAFFF7B1FA22E046F6C840C2F2010020
:108F2000407D022808D8FFE746F6C840C2F201009B
:108F3000807D032812D3FFE746F6C841C2F2010143
:108F40004A7D0220022A88BF012048702599249A70
:108F50000320FFF779FAFFF78FFAFFE7FFE7FFE754
:108F6000FFE746F6C840C2F201000178279A117364
:108F70004178279A5173007838B9FFE72298002882
:108F800018BF012027990873FFE746F6C840C2F2D0
:108F90000100C27E279948791043487128B080BDEE
:108FA00087B00690059104920020029001900598E8
:108FB0000390FFE70398049988421BDCFFE70698BB
:108FC0000399084490F87601400700280DD5FFE783
:108FD00006980399084490F8FE00029908445D3809
:108FE0000290019801300190FFE7FFE703980130FC
:108FF0000390DFE7019838B1FFE70298019990FBF1
:10900000F1F000B2009002E000200090FFE700982D
:1090100000B207B0704700008AB0089007918DF841
:109020001B2005934FF0FF30039002900020019029
:1090300022200490FFE70498702872DCFFE708986C
:109040000499405C48B1FFE70398B0F1FF3F03DCAF
:10905000FFE704980390FFE75EE0039800285AD4E6
:10906000FFE704980399401A009000980C284ED30B
:10907000FFE700980199884249D9FFE708990398CA
:10908000084410F8010C002841D1FFE70899039823
:10909000084410F8020CD0BBFFE708990498084474
:1090A0004078A0BBFFE7089904980844807870BB1B
:1090B000FFE707990398084490F875019DF81B1085
:1090C000084224D0FFE707990398084490F87401F8
:1090D0009DF81B1008421AD0FFE70799049808442E
:1090E00090F877019DF81B10084210D0FFE7079910
:1090F0000498084490F878019DF81B10084206D0A7
:10910000FFE700980190049801380290FFE74FF0C4
:10911000FF300390FFE7FFE7FFE70498013004907A
:1091200089E70298002807D4FFE70298059908709C
:1091300001208DF8270003E000208DF82700FFE7CD
:109140009DF827000AB0704784B08DF80F00029197
:10915000029888B1FFE79DF80F00FE2805DCFFE7C5
:109160009DF80F000130019002E0FF200190FFE721
:109170000198C0B2009002E000200090FFE7009844
:10918000C0B204B07047000088B00790002006907D
:109190000590049056200390FFE703986C281EDC8E
:1091A000FFE707980399084490F8760140070028E4
:1091B00004D5FFE7069801300690FFE7079803996A
:1091C000084490F87601800720B1FFE70598013048
:1091D0000590FFE7FFE7039801300390DDE76D207E
:1091E0000390FFE70398742811DCFFE707980399C1
:1091F000084490F87601800720B1FFE70498013019
:109200000490FFE7FFE7039801300390EAE706992F
:1092100000200B29029019D3FFE7059901200329AB
:10922000019010D8FFE7079881780020009039B1AD
:10923000FFE704990020022988BF01200090FFE782
:1092400000980190FFE701980290FFE7029800F074
:10925000010008B07047000080B58AB009900891FD
:109260008DF81F200020069005909DF81F1001200A
:10927000012908BF02208DF80F009DF81F0001286A
:1092800004D1FFE708988630019003E008980E307B
:109290000190FFE7019802901F200490FFE70498D7
:1092A000742832DCFFE709980499405C40B3FFE77B
:1092B00006980130069008980499084490F87601C1
:1092C0009DF80F1008421AD0FFE708990498084447
:1092D00090F875019DF80F10084210D0FFE7029832
:1092E000049A8118805C11F8011C401AFFF798F865
:1092F000062804DCFFE7059801300590FFE7FFE74B
:10930000FFE7049801300490C9E706990020009017
:1093100069B1FFE7059864214143069800EB80029C
:109320000020B1EB021F28BF01200090FFE700984A
:1093300000F001000AB080BD80B59EB01D901C9168
:109340001B925D201990002118911B98F822E9F7D3
:1093500012FB74201A90FFE71A981E28C0F21B8295
:10936000FFE71A9800F038FB00EBD0704010179020
:109370001998169000201590BB211491119010900F
:109380000F9019990E911999179A891A0D91199997
:10939000179A11440C918DF82F001A9832282CDB63
:1093A000FFE71A98702828DCFFE71D981A99199A88
:1093B0001C9B9B7900F024FBF8B1FFE71C208DF883
:1093C0002F001C990879013008711C98C078FF287B
:1093D00004D1FFE71A981C99C870FFE70D98002187
:1093E0000991BB220A92FFF753F809990A9A15903E
:1093F0000C98FFF74DF81490A8E100201290FFE7B9
:1094000012980E2835DCFFE719981299401A0228A5
:1094100012DBFFE71D981A99199A129BD21A1C9B0E
:109420009B7900F0C1FA38B1FFE719981299401AF8
:10943000169001200F901CE0199812990844B92841
:1094400012DCFFE71D981A99199A129B1A441C9B6B
:109450009B7900F0A9FA38B1FFE7199812990844EE
:10946000169001200F9004E0FFE71298013012904F
:10947000C6E70F98002800F0D080FFE716981390F9
:10948000FFE7139802281EDBFFE71D981A99139A2D
:10949000013A1C9B9B7900F087FA78B9FFE71D9889
:1094A0001A99139A023A1C9B9B7900F07DFA28B90D
:1094B000FFE7139815900120119004E0FFE713983F
:1094C00001381390DDE716981390FFE71398B92839
:1094D0001EDCFFE71D981A99139A01321C9B9B7999
:1094E00000F062FA78B9FFE71D981A99139A0232D0
:1094F0001C9B9B7900F058FA28B9FFE71398149049
:109500000120109004E0FFE7139801301390DDE78D
:109510000D9900200529089012DBFFE71199012021
:10952000079051B1FFE715990D98A0F112020020A4
:109530009142B8BF01200790FFE707980890FFE726
:10954000089800F001001B991A9A88540C99002081
:10955000B629069012DCFFE710990120059051B161
:10956000FFE714990C9800F1120200209142C8BF45
:1095700001200590FFE705980690FFE7069800F0A8
:1095800001001B991A9A114481F878001B981A99C6
:10959000405C18B1FFE700201190FFE71B981A9973
:1095A000084490F8780018B1FFE700201090FFE71A
:1095B0001198B8B1FFE71098A0B1FFE7149815997A
:1095C000401A6421484304901A9800F005FA0146B5
:1095D000049837225143884204DAFFE700201190B3
:1095E0001090FFE71198B8B1FFE71098A0B1FFE71E
:1095F00014981599401A6421484303901A9800F072
:10960000EBF90146039887225143884204DDFFE7C6
:10961000002011901090FFE7FFE7119838B1FFE7A5
:109620009DF82F0040F001008DF82F00FFE7109803
:1096300038B1FFE79DF82F0040F002008DF82F00B1
:10964000FFE7119888B1FFE7109870B1FFE7159810
:109650001499084400EBD07040100E901B9991F8BB
:10966000F700013081F8F70023E0119870B1FFE7AF
:109670001598179908440E901598179900EB41001A
:109680000021BB22FEF704FF149011E0109870B186
:10969000FFE714981799401A0E9014981799A0EBA9
:1096A00041000021BB22FEF7F3FE1590FFE7FFE724
:1096B000FFE7119818B9FFE7109818B3FFE71B9957
:1096C00091F8F600013081F8F600002018909DF81E
:1096D0002F0040F004008DF82F00119818B1FFE71B
:1096E000109838B9FFE79DF82F0040F008008DF87A
:1096F0002F00FFE70E98199A911F0632FEF7C8FE59
:109700000E9022E01898013018909DF82F0040F03C
:1097100008008DF82F0018980C2807D8FFE79DF84F
:109720002F0040F004008DF82F00FFE70D98002176
:109730000191BB220292FEF7ABFE0199029A1590AD
:109740000C98FEF7A5FE1490FFE7FFE70E980221A4
:10975000B922FEF79DFE0E9015981C991A9A114495
:10976000887314981C991A9A114481F886000E98EF
:109770001C991A9A114481F8FE009DF82F001C993B
:109780001A9A114481F876010E981990FFE71A98F9
:1097900001381A90E0E51C990A790020022A88BF56
:1097A000012088701C98807820B9FFE71C99FF2061
:1097B000C870FFE71EB080BD80B5A0B01E901D919F
:1097C0000DA84021E9F7D5F800200C900B900A90E5
:1097D0000990089007900021CBF680710691FF2137
:1097E0008DF80B108DF80A001E200590FFE70598F4
:1097F000742844DCFFE702200490FFE70498B928AE
:1098000038DCFFE71E980599049BBC2201FB02315E
:10981000405C8DF809009DF809103E2000EA910295
:109820000DA9885A013088520C9801300C909DF88F
:1098300009100B9800EBD1000B909DF809009DF8E2
:109840000B10884205DAFFE79DF809008DF80B0040
:10985000FFE79DF809009DF80A10884205DDFFE743
:109860009DF809008DF80A00FFE7FFE70498023031
:109870000490C3E7FFE7059802300590B7E79DF82D
:109880000A009DF80B10401A1D99087000200390E3
:10989000FFE703981E2860DCFFE703980DA931F865
:1098A00010200A9810440A90039831F81010099A71
:1098B00000FB012009900A9828B1FFE70A980C994B
:1098C000884201D1FFE744E0099A00EE102AB8EE81
:1098D000400A0A9901EE101AB8EE411A80EE010A08
:1098E0000B98801A01EE100AB8EE411A0C98401A33
:1098F00002EE100AB8EE422A81EE021A30EE410A58
:109900008DED010A0A9900EE101AB8EE400A0C9883
:10991000401A01EE100AB8EE411A20EE010A9DED40
:10992000011A20EE010A20EE010A8DED000A9DEDDC
:10993000000A9DED061AB4EE410AF1EE10FA07DDB9
:10994000FFE7009806900A98089009980790FFE7AB
:10995000FFE70398013003909BE7089828B1FFE7E1
:1099600008980C99884204D1FFE77F208DF87F008A
:1099700014E0079A089BB2FBF3F00B99891A0C9A32
:10998000D21AB1FBF2F10144042000EB8100142152
:10999000DC22FEF77DFD8DF87F00FFE79DF87F005C
:1099A00020B080BD0000000084B0039002910192BD
:1099B0008DF8033003980299019BBC2201FB023110
:1099C000415C9DF8032000209142C8BF012004B0F3
:1099D000704700000000000081B0009000981E3821
:1099E000562148434BF68361C2F6A07150FB01F14A
:1099F000081100EBD170243001B070470000000066
:109A000080B592B0119010910F928DF83B30109864
:109A1000FFF7E2FF00EBD0716FF0040000EB610094
:109A20000D900F980D99401A02210291B9220392CC
:109A3000FEF72EFD0299039A0C900F980D9B184487
:109A4000FEF726FD0B90119810990C9A9DF83B306B
:109A5000FFF7AAFF09900020089007900690099848
:109A600005900C980A90FFE70A980B99884231DC20
:109A7000FFE7119810990A9A9DF83B30FFF794FF81
:109A80000490049820B9FFE7069801300690FFE79C
:109A900004980999884204D1FFE70898013008909A
:109AA00004E00120089004980990FFE70898022834
:109AB0000BD1FFE704980599884206D0FFE7079885
:109AC0000130079004980590FFE7FFE70A980130FE
:109AD0000A90C9E707990020062901901AD3FFE7E9
:109AE000069800EB80010B980C9A801A421C00200B
:109AF000914201900ED9FFE7069800EB80010B9888
:109B00000C9A801A421C0020B1EB820F38BF012052
:109B10000190FFE7019800F0010012B080BD000045
:109B200080B58AB022200DF102014FF47A7200F064
:109B30003FF88DF827009DF8270088B9FFE79DF8CA
:109B40000200A2280CD1FFE70DF10200011DBDF8B3
:109B5000042047F21D10C2F20100E8F7EFFEFFE714
:109B60009DF827000AB080BD80B58AB021200DF194
:109B700002014FF47A7200F01BF88DF827009DF86F
:109B8000270088B9FFE79DF80200A1280CD1FFE764
:109B90000DF10200011DBDF8042047F23610C2F29B
:109BA0000100E8F7CBFEFFE79DF827000AB080BD73
:109BB00080B586B08DF817000491039201208DF8CE
:109BC0000B00FFE7039800F027FB08B1FFE71EE05A
:109BD0009DF81700049908700498202100231A4664
:109BE00000F072FB039800F017FB08B1FFE70EE0EE
:109BF000049902200870049900200190488004987C
:109C0000202100F091FA01988DF80B00FFE79DF8F4
:109C10000B0006B080BD000080B58AB020200DF199
:109C200002014FF47A72FFF7C3FF8DF827009DF809
:109C3000270088B9FFE79DF80200A0280CD1FFE7B4
:109C40000DF10200011DBDF8042047F24B10C2F2D5
:109C50000100E8F773FEFFE79DF827000AB080BD1A
:109C600080B58AB009900891002106918DF81F10E7
:109C700047F20710C2F2010046F60752C2F2010293
:109C80004FF48063F5F7C8FE68464FF6FF718160B8
:109C90001023436003600120059003214FF28002EE
:109CA000C0F2FA22FCF7D4FE059A6D2048230393F4
:109CB0001146F6F7A1FC039B059A3020049011464B
:109CC000F6F79AFC069A312043F248031146F6F75C
:109CD00093FC04980699F6F787FD0A20FDF7D8FC57
:109CE00004980599F6F780FD6420FDF7D1FC0698ED
:109CF00047F24A11C2F201010870FFE7FFF78CFF3B
:109D00008DF81F009DF81F0008B1FFE711E0FFF775
:109D10002BFF099808B9FFE70BE00998089900F0B4
:109D20009FFA8DF81F009DF81F0008B1FFE700E0C3
:109D3000FFE79DF81F000AB080BD00000000000092
:109D400080B590B00F900E910F98002818BF012099
:109D50004AF68171C8F2010140F29522F4F798FBAE
:109D600000200C9047F20710C2F20100F6F7E0F86D
:109D700050B3FFE747F20710C2F20100F6F7D8F838
:109D80000D900E980D99884203D2FFE70E9802902D
:109D900002E00D980290FFE702980D900F9947F2AC
:109DA0000710C2F201000DAA0023F5F76DFE0D9910
:109DB0000F9808440F900D990E98401A0E900D9927
:109DC0000C9808440C90FFE747F24A10C2F20100D9
:109DD0000078002840F08480FFE747F24A11C2F281
:109DE000010101200870FFE747F20710C2F20100ED
:109DF000D0F80E00202806D3FFE74FF47A7000F069
:109E00000BFA08B1FFE764E002208DF80C00002097
:109E1000ADF80E0003A8202100F086F99DF80C0093
:109E2000902805D0FFE79DF80C0091284AD1FFE764
:109E3000BDF80E00002845D0FFE70E98B0B3FFE74D
:109E40000E98BDF80E10884204D3FFE7BDF80E004F
:109E5000019002E00E980190FFE701980D900F9895
:109E600003A904310D9AE8F769FD0D990F9808448C
:109E70000F900D990E98401A0E900D990C98084469
:109E80000C900D98BDF80E1088420ED2FFE70D9A87
:109E900003A81044011DBDF80E00821A47F20710F6
:109EA000C2F20100F6F75CF8FFE70AE003A8011D23
:109EB000BDF80E2047F20710C2F20100F6F750F885
:109EC000FFE7FFE7FFE79DF80C0090283FF48CAF19
:109ED000FFE747F24A11C2F2010100200870FFE7D4
:109EE0000C9810B080BD000080B58EB00D900C9124
:109EF0000DF10A002421E8F73CFD47F24A10C2F2B6
:109F000001000078002840F08B80FFE747F24A11FB
:109F1000C2F2010101200870FFE70C98002844D02C
:109F2000FFE70C9840F6F971884204D3FFE740F64A
:109F3000F870019002E00C980190FFE70198ADF8ED
:109F40002E004FF47A7000F067F908B1FFE72CE0BB
:109F50000D98BDF82E200DF10A0100F011F99DF8C1
:109F60000A00902805D0FFE79DF80A00912811D13A
:109F7000FFE7BDF80C0060B1FFE70DF10A00011D1D
:109F8000BDF80C2047F20710C2F20100F5F7E8FF18
:109F9000FFE7FFE7BDF82E100C98401A0C90BDF8B3
:109FA0002E100D9808440D90B7E7FFE79DF80A00C2
:109FB00090282ED1FFE74FF47A7000F02DF908B108
:109FC000FFE726E002208DF80A000020ADF80C0023
:109FD0000DF10A00202100F0A7F89DF80A00902852
:109FE00005D0FFE79DF80A00912811D1FFE7BDF8E1
:109FF0000C0060B1FFE70DF10A00011DBDF80C2057
:10A0000047F20710C2F20100F5F7AAFFFFE7FFE7EA
:10A01000CCE747F24A11C2F2010100200870FFE7C5
:10A020000C980EB080BD000080B586B08DF817008A
:10A030000491ADF80E20029301208DF80700FFE790
:10A040009DF817008DF80200BDF80E00ADF8040071
:10A05000029800F0E1F808B1FFE726E0049ABDF8A5
:10A060000E300DF10200042100F02EF9029800F0EC
:10A07000D3F808B1FFE718E002208DF802000020B5
:10A08000ADF80400BDF804100DF1020000F04CF82A
:10A090001420FDF729FB9DF80200802804D1FFE77A
:10A0A00000208DF80700FFE7FFE79DF8070006B0E6
:10A0B00080BD00000000000080B592B011901091AA
:10A0C0000F920E93119A109B0F98DDF838C06946D5
:10A0D000C1F804C008604AF66D71C8F201010DF1C3
:10A0E0000E00029000F0F6FA0299ADF80C00BDF8EF
:10A0F0000C2011204CF25033FFF796FF8DF83700FB
:10A10000FFF70EFD9DF8370012B080BD0000000083
:10A1100080B58AB0042001A94FF47A72FFF748FD98
:10A120000AB080BD0000000080B582B00190ADF89B
:10A13000021040F20400C2F20000C0684FF4005167
:10A14000EDF7EEF8019A012004231146FDF724F9FA
:10A15000BDF8020048B1FFE70198021DBDF80230CA
:10A1600001201146FDF718F9FFE740F20400C2F2A2
:10A170000000C0684FF40051EDF7D6FA02B080BD80
:10A1800080B584B003900291ADF8062040F204003F
:10A19000C2F20000C0684FF40051EDF7C1F8029917
:10A1A00002200870BDF8060002994880029A01203A
:10A1B00004231146FDF7F0F8BDF80600212811DB55
:10A1C000FFE703990298021D012000902023FDF76C
:10A1D000E3F8009803992031BDF80620203AFDF7F6
:10A1E000DBF90EE0029804300399BDF80620E8F789
:10A1F000A5FB0298021D012020231146FDF7CCF893
:10A20000FFE740F20400C2F20000C0684FF40051C2
:10A21000EDF78AFA04B080BD80B582B001900020CD
:10A2200000900198642148430190FFE73120F6F740
:10A23000CFF968B9FFE70A20FDF756FA0098013018
:10A24000009001980099884201D8FFE700E0EDE70F
:10A250000199009A0020914298BF012002B080BD70
:10A2600080B594B013901291129868B1FFE7139AD9
:10A27000129B4AF67571C8F201010DF1070000F05A
:10A2800029FAADF804000BE0139A4AF67971C8F286
:10A2900001010DF1070000F01DFAADF80400FFE721
:10A2A000BDF8042010200DF1070142F21073FFF7F2
:10A2B000BBFE8DF84700FFF733FC9DF8470014B054
:10A2C00080BD00000000000080B584B00390ADF8B0
:10A2D0000A100192ADF8023040F20400C2F2000010
:10A2E000C0684FF40051EDF71BF8039838B1FFE751
:10A2F0000399BDF80A200120FDF74EF9FFE7019808
:10A3000038B1FFE70199BDF802200120FDF744F9BB
:10A31000FFE740F20400C2F20000C0684FF40051B1
:10A32000EDF702FA04B080BD80B547F25710C2F2D3
:10A330000100F5F7D9FA80BD80B584B00390029191
:10A340000398002818BF01204AF66C61C8F2010189
:10A3500040F27542F4F79CF802980190039947F295
:10A360005710C2F2010001AA0023F5F78DFB0198F6
:10A3700004B080BD0000000080B58EB00D900C913F
:10A380000D98002818BF01204AF66C61C8F201013F
:10A390004FF48062F4F77CF842F210700B900020CA
:10A3A00002900A90099008900790069005900490FA
:10A3B000039047F26D10C2F2010090F8930001285B
:10A3C00040F08F80FFE747F26D10C2F2010090F875
:10A3D0009100002858D1FFE7FFF7A6FF0C9903A8CA
:10A3E000F5F7AAFF0C98B0F5005F08D9FFE74AF629
:10A3F0002161C8F201010820FDF74AFE07E04AF694
:10A40000FC51C8F201010820FDF742FEFFE747F2C8
:10A410006D10C2F2010090F89200012808D1FFE708
:10A420004AF6E751C8F201010820FDF731FEFFE7C7
:10A430000820019003A9FDF72BFE01984AF67B71D5
:10A44000C8F20101FDF724FE4AF65560C8F201008A
:10A4500042F2107100F04CF8A8B9FFE7FFF764FF73
:10A460000D990C9A0820FDF7CBFD4AF65560C8F20D
:10A47000010042F2107100F03BF818B9FFE700202C
:10A480000C90FFE7FFE72BE0FFE70C98411E0C91D3
:10A4900028B3FFE7FFE77A20F6F79AF80146002095
:10A4A000009049B1FFE70B99481E0B90002000294E
:10A4B000C8BF01200090FFE70098C00708B1FFE780
:10A4C000E9E70B98002801DCFFE708E00D98017828
:10A4D0000820FDF7B9FD0D9801300D90D5E7FFE795
:10A4E000FFE7FFF721FF0C980EB080BD00000000D1
:10A4F00080B588B00790069101208DF817000020E4
:10A500000490039008200290FFE701200090FDF7DF
:10A51000BFF8009B0820029047F25710C2F20100DA
:10A5200003A9019102AAF5F7D3FB01980799E8F76F
:10A530002BFA20B1FFE700208DF817001DE04AF24A
:10A540004171C8F2010103A8E8F71EFA48B9FFE714
:10A550004AF63C71C8F2010103A8E8F715FA20B1E8
:10A56000FFE701208DF8170007E0FFE7FFE70698F7
:10A57000411E06910028C8D1FFE79DF8170008B0DA
:10A5800080BD00000000000080B584B003900291FF
:10A590000398002818BF01204AF64171C8F2010152
:10A5A000C822F3F775FF02980190039947F2012042
:10A5B000C2F2010001AA0023F5F766FA019804B07F
:10A5C00080BD00000000000080B584B003900291BF
:10A5D0000398002818BF01204AF64171C8F2010112
:10A5E0006422F3F755FF0020ADF80600FFE702985C
:10A5F00080B3FFE77A20F5F7EBFFE0B9FFE70298B9
:10A600001E280FD3FFE7039908201E22FDF7F8FC50
:10A6100003981E30039002981E3802900020ADF877
:10A62000060007E00399029A0820FDF7E9FC0020E4
:10A6300002900FE00DE0BDF806000130ADF8060015
:10A6400080B2642801DBFFE704E00120FDF720F879
:10A65000FFE7CCE7029804B080BD000000000000D6
:10A6600080B582B001900199002000900882019984
:10A670004882019908620199888201982430F3F791
:10A6800053FA01985030F3F74FFA01987C30F3F702
:10A690004BFA0098019981F8F60002B080BD0000E5
:10A6A0000FB47CB50C0009AD01D0611E00E00021A3
:10A6B000CDE90001064B6A462946089801F062F888
:10A6C000002C02D0009A002111707CBC5DF814FBB4
:10A6D000439A01800FB4084B10B504A902AA03984D
:10A6E00001F050F8044602A9002001F0EDFB2046DD
:10A6F00010BC5DF814FB0000599A018003B4019866
:10A700004100009850EAC12018BF04204A0D18BF2C
:10A7100040F0010040F2FF72B2EB515F08BF40F021
:10A720000200012808BF052002B07047410008025E
:10A7300018BF04200A0E18BF40F001004FF07F42FE
:10A7400032EA010108BF40F00200012808BF0520DD
:10A750007047000010B54FF00E402DED028BB0EEAB
:10A76000408A18EE104A00EB4400B0F1506F4AD80E
:10A770004FF0FC40B0EB440F22D2B0EEC80AF7EE27
:10A78000000A30EEC00AF6EE000A60EE208A18EEEB
:10A79000900A01F0DFFB01EE100A14F0004F1DBF1C
:10A7A000DFED2D0A9FED2D0AB1EE411ADFED2C0AE7
:10A7B00008BF9FED2C0AF8EE001A21EE218A05E071
:10A7C000DFED290A68EE088AB0EE600A9FED271ACD
:10A7D000DFED271A30EE080A48EE811A9FED251AA0
:10A7E00008EEA11ADFED241A48EE811A9FED231A14
:10A7F00008EEA11A68EE281ABDEC028B01EE810A60
:10A8000030EE200A10BD4FF0E440B0EB440F0CD9FD
:10A8100018EE100AFFF78AFF042808BF00F0E2FED6
:10A82000B0EE480ABDEC028B10BD4FF07F40B0EB9C
:10A83000440F07D2B0EE480ABDEC028BBDE81040D1
:10A8400000F0C2BE012000F0D5FEBDEC028BBDE8D9
:10A85000104000F0BFBE00000000C9BF22AAFDB931
:10A860000000C93F22AAFD390000000024FE1C3D63
:10A87000C78AD83C1E67383D1B93993DAFAA2A3E34
:10A8800070B54FF068422DED048BF0EE408A18EE63
:10A89000900AB0EE608A18EE101A02EB4003B3F192
:10A8A000654F3CBF02EB4102B2F1654F7DD200BF64
:10A8B000C0F3C753C1F3C7529A1A1B2A09DD10F01F
:10A8C000004F14BF9FED830A9FED830ABDEC048BFC
:10A8D00070BD12F11A0F36DA11F0004F09D010F0E6
:10A8E000004F0CBF9FED7D0A9FED7D0ABDEC048BF0
:10A8F00070BD88EE889A19EE100AFFF717FF04283A
:10A9000008BF00F06FFE18EE900AFFF70FFF054634
:10A9100018EE100AFFF70AFF044619EE100AFFF7B7
:10A9200005FF042D18BF052D08D1042C18BF052CD8
:10A9300004D1002804BF022000F05CFEB0EE490AFA
:10A94000BDEC048B70BD4200B2EB410F3AD910F060
:10A95000004F19BFDFED630A9FED630ADFED630A65
:10A960009FED630AB0EE481A0A46B1EE688A80F09D
:10A970000041F0EE418A10460A1A5200B2F1807F7F
:10A9800034D2484010F0004FDFED5A1A9FED5A2A9A
:10A990001DBFBEEE001A70EEE10A30EE420AB6EEBE
:10A9A000001A08BF70EEA10A00E040E008BF30EED8
:10A9B000020AB0EE682A01EE482A08EE818AC2EE49
:10A9C000081A15E011F0004F04BF9FED4C0AF0EE9D
:10A9D000400AD1D010F0004F19BFDFED490A9FEDBA
:10A9E000490ADFED490A9FED490AC5E7C8EE881A12
:10A9F00021EEA11A9FED462ADFED462A41EE022AFA
:10AA00009FED452A01EE222ADFED442A41EE022A7B
:10AA10009FED432ABDEC048B01EE222A21EE811A20
:10AA200001EE020A30EE210A30EE200A70BD4FF02E
:10AA30007F42B2EB400F28BFB2EB410F09D2F0EEDC
:10AA4000480AB0EE680ABDEC048BBDE8704000F027
:10AA5000BEBD40EA01035B0008BF41F0FF410BD0DF
:10AA6000B2EB400F08BFB2EB410F08D120F080409D
:10AA700008EE900A21F0804108EE101A18E7B2EBB8
:10AA8000400F12BF5FEA410340F0FF4001F0004178
:10AA90003FF40EAFB2EB410F12BF5FEA400200F08D
:10AAA000004041F0FF413FF403AF4A0092EA400307
:10AAB0003FF5FEAE002AACBF9FED1A0A9FED1A0AC1
:10AAC00068EE808A28EE008A18EE900A18EE101AB6
:10AAD000EEE60000DB0FC9BFDB0FC93FDB0F4940CB
:10AAE000DB0F49C00000C9BF22AAFDB90000C93F61
:10AAF00022AAFD390060ED3EC30ACE3700000000F7
:10AB0000000049C022AA7DBA0000494022AA7D3A2D
:10AB10002DAD65BD8FB8D53D0FB511BE61C84C3E9A
:10AB2000A8AAAABE0000804F0000802F71B42DEDAE
:10AB3000020BDDE900C2BCF1000F14BF01210021AE
:10AB400041EA420111F5001F08D99DED000B80ED8F
:10AB5000000B9DED000B03B070BC7047C2F30A51AF
:10AB60000024A1F2FF3102F00043142919DA002970
:10AB7000B8BFC0E9004324DB1B4D25FA01F102EA0E
:10AB8000010555EA0C0C16D022EA0101C0E900418A
:10AB900090ED000B9DED001B31EE400B03B070BC3F
:10ABA0007047332907DC4FF0FF35143925FA01F1DE
:10ABB0001CEA010F0AD19DED000B80ED000BCDE9E1
:10ABC00000439DED000B03B070BC70472CEA0101FF
:10ABD000C0E9001290ED000B9DED001B31EE400B23
:10ABE00003B070BC70470000FFFF0F0000000000C2
:10ABF0002DE9F04D2DED040B2DED0A8B9AB0DDE91A
:10AC00002550279CDDF890A025F0004624F0004850
:10AC1000BAF1000F14BF0121002101EB4502F849F0
:10AC200053184A10934228D3002814BF012300234D
:10AC300003EB44030B44F3498B421ED358EA000153
:10AC400072D0DFF8C4B35D4503D1BAF1000F05D16E
:10AC500086E0BAF1000F08BF002100D0012101EB0E
:10AC6000450111F5001F08D8002814BF012100215B
:10AC700001EB440111F5001F0BD99DED261B9DED45
:10AC8000240B1AB0BDEC0A8B04B0BDE8F04D00F007
:10AC900073BC0027002DBCBFDC49884521DADC49A4
:10ACA0008845A8BF02271CDAC3451ADCD94901EB45
:10ACB0002851142908DDC1F1340220FA02F101FA09
:10ACC00002F282420DD108E058B9C1F1140228FA0B
:10ACD00002F101FA02F2424503D101F00101C1F192
:10ACE000020756EA0A0120D1002C1EDA002D18BFF7
:10ACF000022F01D0012F0AD0022000F07BFC1AB0F5
:10AD0000BDEC0A8B04B0BDE8F04D00F029BC022078
:10AD100000F070FC00F024FCB1EE400B1AB0BDEC6A
:10AD20000A8B04B0BDE8F08D1AE09FEDBB9B9FED50
:10AD3000BC8BB7EE00AB00287DD1B44880451CD158
:10AD400005F1804010F5801008BFBAF1000F07D060
:10AD5000B34508DC002CA8BF9DED260BDEDA07E02A
:10AD6000B7EE000BDAE7002CB8BF9DED260BD3DB66
:10AD7000AD48784490ED000BD0E7D84548D1002C81
:10AD800043DA2EB186423AD1BAF1000F3DD126E026
:10AD9000BAF1000F13D0022000F02CFC00F0FCFBF5
:10ADA0008DED020B9DED240B8DED000B10EE900A46
:10ADB000039961F31E0003909DED020BAEE78DED4C
:10ADC000029B9DED240B19EE901A10EE900A8DED6A
:10ADD000000B61F31E0003909DED020B9EE78DEDCD
:10ADE000028B9DED240B18EE901A10EE900A8DED5B
:10ADF000000B61F31E0003909DED020B8EE704DA59
:10AE00009DED241B8AEE010B88E79DED240B85E761
:10AE100086421ADAB4F1804F04BF9DED240B20EE78
:10AE2000000B3FF47BAFA4F10050B0F1FF500CD108
:10AE3000002D0ADB00E008E09DED240B51EC100B27
:10AE400001F053F841EC100B68E79DED240B51EC39
:10AE5000100B01F03EF8BAF1000FCDE90E0140D120
:10AE60009FED730B46B3A6F1E040B0F17F600ED0CA
:10AE70005E4536D1002D00DA97B3022F0CBF0120BA
:10AE80004FF0FF3000EE100AB8EEC00B46E7002D81
:10AE900001DD002C0DDA002D01DD002C1DDB002D65
:10AEA00014DA002C12DB012F08BF9FED630B3FF477
:10AEB00035AFB0EE490B31E7022F18BF002D0CD093
:10AEC000012F0AD1002DFFF629AF06E0002DB8BFF3
:10AED000002C06DA012F3FF421AFB0EE480B1DE73E
:10AEE00019E0012000EBE57050EA070113D0B0EE45
:10AEF0004A8B791E084308BFBFEE008B50480025DF
:10AF000080457ADD4F495048884514DDB0420DDB5D
:10AF1000002C19DB2CE0012000F06CFB1AB0BDEC1A
:10AF20000A8B04B0BDE8F04D00F02ABBB34502DC4B
:10AF3000002C09DC1CE0864202DA002C18DA03E05F
:10AF40005E4528DD002C13DD022000F053FB00F0ED
:10AF500023FB8DED020B28EE090B8DED000B10EE9F
:10AF6000900A039961F31E0003909DED020BD5E654
:10AF7000022000F03FFB00F01BFB10EE901A18EED1
:10AF8000900A8DED020B8DED008B61F31E00039096
:10AF90009DED020BC2E69DED0E0B30EE4A0B8DEDE2
:10AFA000040B20EE002B9DED041B9FED290BB5EE4D
:10AFB000003B01EE430B9DED043BB6EE001B03EEA0
:10AFC000401B22EE012B9DED040B9FED231B20EE79
:10AFD000011B9FED233B20EE030B9FED233B02EE75
:10AFE000430B31EE002B8DED022B02959DED022BD4
:10AFF00032EE411B30EE411B11E139E00000000050
:10B00000FFFF1F00FFFF0F000000F03F0000F07F78
:10B010000000404301FCFFFF000000000000F07F43
:10B020000000000000000000AA1200000000000064
:10B030000000000000000080000000000000F0FFA1
:10B040000000E0410000F043FFFFEF3F0000000080
:10B05000555555555555D53F000000604715F73FEC
:10B0600044DF5DF80BAE543EFE822B654715F73F7B
:10B070000020B6F5801F0BDA9DED0E0B9FEDEC1B4B
:10B0800020EE010B10EE906A8DED0E0B6FF0340088
:10B0900000EB2650C6F31301A0F2FF37E64A41F059
:10B0A0007F6040F040509142D8BF002408DDE34A61
:10B0B0008A42C8BF012403DC0024A0F580107F1C55
:10B0C000DF49794401EBC4010F9091ED001B9DED28
:10B0D0000E0B30EE410B9DED0E2B31EE023B8AEE56
:10B0E000032B20EE029BD7498DED029B79440295FC
:10B0F00091ED003B4FF0005141EA600000EB8440CD
:10B100008DED043B00F5002005909DED043B33EEF2
:10B11000411B9DED0E3B33EE411B9DED023B9DED32
:10B12000044B03EE440B03EE410B20EE02BB29EE71
:10B1300009CBB0EE4C0BC4480621784400F0D7F997
:10B140002CEE0C1B20EE010B9DED021B31EE091BBA
:10B150000BEE010B9DED021B21EE011BB0EE082B47
:10B1600031EE023B33EE003B8DED043B04959DED4B
:10B17000043B33EE422B32EE411B30EE412B9DED72
:10B18000020B9DED041B20EE011B9DED040B2BEE2D
:10B19000000B02EE090B31EE002B8DED022B029518
:10B1A0009DED022B32EE411B30EE411B9DED020B5B
:10B1B0009FEDA72B20EE020B9DED022B9FEDA63BF2
:10B1C00022EE032B9FEDA63B01EE032BA64878440D
:10B1D00000EBC40090ED001B32EE011B02EE107A72
:10B1E000B8EEC22B8DED042B30EE013B9F48784426
:10B1F00000EBC40090ED002B33EE023B9DED044BC1
:10B2000033EE043B8DED023B02959DED023B33EEA8
:10B21000443B33EE422B32EE400B31EE401B9DEDB2
:10B22000260B8DED000B00959DED260B9DED002B63
:10B2300030EE420B9DED022B20EE020B9DED262BF6
:10B2400002EE010B9DED001B9DED022B21EE021B7A
:10B250008DED021B30EE011B11EE900A11EE101A5B
:10B26000834A8DED001B904224DB821A11430ED1DC
:10B270009FED811B30EE011B9DED002B9DED023BF0
:10B2800032EE432BB4EEC21BF1EE10FA26DD0220A3
:10B2900000F0B0F900F080F910EE901A18EE900A64
:10B2A0008DED020B8DED008B61F31E0003909DED83
:10B2B000020B33E5724B20F000429A420ED3714AE2
:10B2C000024411437FF454AE9DED022B31EE421B3C
:10B2D000B4EEC01BF1EE10FABFF64AAE20F000410A
:10B2E000694A6A4B002402EB21529942D8BF9DED76
:10B2F000021B27DD511C4FF4801222FA01F1014498
:10B30000634BC1F30A527B44A2F2FF3293ED001B60
:10B31000604B8DED041BD34021EA0303C1F31301FD
:10B3200041F48011C2F1140221FA02F405930028BD
:10B33000B8BF64429DED021B9DED042B31EE421B14
:10B340008DED021B30EE011B8DED041B04959DED70
:10B35000041B9FED512B21EE021B9DED042B9DED57
:10B36000023B32EE432B30EE420B9FED4D2B20EE95
:10B37000020B9DED042B9FED4C3B02EE030B31EED7
:10B38000002B8DED002B32EE411B30EE419B9DEDED
:10B39000000B20EE000B46488DED040B0521784490
:10B3A00000F0A5F89DED001B9DED042B02EE401B67
:10B3B0008DED021B9DED000B20EE010BB0EE002B7E
:10B3C00031EE422B80EE021B9DED002BB0EE490BBF
:10B3D00002EE090B31EE400B9DED001B30EE410BF0
:10B3E0003AEE400B10EE900A8DED000B00EB04508E
:10B3F00001150029C8BF019013DC224651EC100B47
:10B40000E7F7D2FCFFF77AF9042808BF00F0D0F87C
:10B4100022469DED000B51EC100BE7F7C5FCCDE982
:10B4200000019DED000B28EE000B77E4000000000A
:10B4300000000000000040438E9803007AB60B0025
:10B44000D20E0000300F00008A0E00000000000045
:10B45000000000E009C7EE3FF5015B14E02F3EBE9F
:10B46000FD033ADC09C7EE3FE60D0000B60D000013
:10B470000000904000000000FE822B654715973CBD
:10B4800000CC904000346F3F01FCFFFF0000E03F24
:10B49000160D0000FFFF0F0000000000432EE63FE6
:10B4A000EF39FAFE422EE63F396CA80C615C20BEF3
:10B4B000560C000010B52DED028BB1EEC08A18EECF
:10B4C000100A20F00040C0F1FF40C00F0AD010EE7B
:10B4D000100A20F00040C0F1FF40C00F04BF01205F
:10B4E00000F088F8B0EE480ABDEC028B10BDB0EE5B
:10B4F000401B491E00EBC10292ED000B31F0060229
:10B500000DD0491E00EBC10292ED002BB0EE403B86
:10B51000B0EE420B03EE010B31F00602F1D102292D
:10B5200014D004290AD0062918BF704790ED0A2BC1
:10B5300000EE012B90ED080B02EE010B90ED062BB7
:10B5400000EE012B90ED040B02EE010B90ED022BAF
:10B5500000EE012B90ED000B02EE010B7047000096
:10B560009FED031BB7EE002B82EE010B704700002E
:10B57000000000000000000030EE010B70470000EA
:10B580009FED031B81EE010B7047000000000000DF
:10B5900000000000000000009FED030B20EE000BF8
:10B5A0007047000000000000000000000000007074
:10B5B0009FED030B20EE000B704700000000000021
:10B5C000000000000000001030EE000A704730EE6E
:10B5D000200A7047DFED020A80EEA00A70470000E3
:10B5E000000000009FED020A20EE000A70470000F4
:10B5F00000000010014908607047000000000020B2
:10B600002DE9FF5F82B00021DDE90430020DDDF895
:10B6100040B0034318D044F61050A2F2FF32424328
:10B620001514119801281FD0A5EB0B00401C5FEAF0
:10B63000000A4FF000064E4FDFF83891B0465046F2
:10B6400015D5CAF1000413E0119801244AA301287A
:10B6500001D16FEA0B010298119AC0E90031C0E9EB
:10B66000024206B0BDE8F09FCBF10000DFE70446E0
:10B670000021404A491842EB0450CDE9001012E085
:10B68000E00707D032463B4640464946E7F7ABFA6B
:10B690008046894632463B4610461946E7F7A3FAEC
:10B6A00006460F466410002CEAD1DDE90401DDE90D
:10B6B0000023BAF1000F06DAE7F795FA42464B4647
:10B6C000E7F791FA05E0E7F700FB42464B46E7F75C
:10B6D000FCFA04460E460022284BE7F795FB03D8F8
:10B6E0004FF0FF30014607E00022254B204631464F
:10B6F000E7F7D2F9E7F76FFB102409E0002C0ADB2B
:10B700000A220023E7F7B4F8039B30321A55641E6F
:10B7100050EA0102F2D1641C039AC4F111031444EB
:10B72000119A012A03D0012208430DD10AE00843EF
:10B7300004D000204FF0110B119072E7A3EB0B0522
:10B740006D1E0DE05B4504DD4FF0000205F10105C3
:10B7500004E003DA4FF00002A5F10105002AECD065
:10B7600002981199C0E90231C0E9004579E700006B
:10B77000000014400000F03F300000000000F043E3
:10B780000000E03F2DE9FF4F95B09B4689460646F5
:10B7900000250FE2252877D100242746F84A012109
:10B7A000059400E0044316F8013F203B01FA03F042
:10B7B0001042F7D130782A2811D06FF02F0330785B
:10B7C000A0F13002092A16D8059A44F0020402EBCF
:10B7D000820203EB42021044761C0590EFE759F811
:10B7E000042B0592002A03DA504244F400540590D9
:10B7F00044F00204761C30782E2816D116F8010F7A
:10B8000044F004042A280DD06FF02F023078A0F104
:10B810003003092B09D807EB870302EB4303C71852
:10B82000761CF3E759F8047B761C30786C280FD02F
:10B8300006DC4C2817D068280DD06A2814D104E003
:10B84000742810D07A280FD10DE044F400140AE0D7
:10B8500044F4801401E044F440147278824202D12E
:10B8600004F58014761C761C307866280BD013DC27
:10B87000582877D009DC002875D04528F6D046280E
:10B88000F4D047281AD19DE118E0632835D0642808
:10B8900079D0652812D195E1702873D008DC67282B
:10B8A000F1D069286FD06E280DD06F2806D1B5E091
:10B8B00073282CD0752875D0782874D05A461799DB
:10B8C00090476D1C75E1C4F30250022809D003288B
:10B8D0000DD0D9F8001004280DD00D6009F104092D
:10B8E00067E1D9F80010EA17C1E90052F6E7D9F884
:10B8F00000100D80F2E70D70F0E719F8041B8DF8C9
:10B90000001000208DF80100EA46012003E059F8FC
:10B9100004AB4FF0FF3061074FF0000102D40DE09F
:10B9200008F101018846B9420FDA8045F8DB1AF8C0
:10B9300008100029F4D108E008F10101884681428D
:10B94000FADB1AF808100029F6D105985B46A0EB3F
:10B95000080721463846179A00F094FA284400EB6D
:10B96000080507E04DE029E10DE01AF8010B5A4601
:10B9700017999047B8F10108F7D25B46214638463F
:10B98000179A13E142E00A220092C4F302524FF0E8
:10B99000000A022A08D059F804CB032A4FEAEC71B6
:10B9A0000AD00DE029E02AE009F1070121F00702A1
:10B9B000F2E802C1914609E00FFA8CFC4FEAEC7103
:10B9C000042A03D14FFA8CFC4FEAEC71002907DA04
:10B9D0000A460021DCF1000C61EB02012D2202E09D
:10B9E000220504D52B228DF80420012203E0E20772
:10B9F00001D02022F7E7904659E00A2102E0102208
:10BA00000DE010214FF0000A00910BE010224FF0E2
:10BA1000000A44F004040827009203E008224FF0D3
:10BA2000000A0092C4F30252022A05D059F804CB4E
:10BA30000021032A08D009E009F1070121F00702DB
:10BA4000F2E802C1914605E01FFA8CFC042A01D1FC
:10BA50000CF0FF0C4FF00008220728D5702806D004
:10BA6000009B83F0100353EA0A0305D00EE0402246
:10BA70008DF80420012208E05CEA010206D03022A1
:10BA80008DF804208DF8050002229046009B83F07B
:10BA9000080353EA0A030AD15CEA010201D16207F2
:10BAA00005D530228DF804204FF001087F1E58285C
:10BAB00004D034A003900EA802900DE036A0F9E760
:10BAC00053466046009AE6F7D3FE84460398825CAC
:10BAD0000298401E029002705CEA0100F0D10298C8
:10BAE00006A9081A00F1200A600702D524F4803460
:10BAF00000E00127574502DDA7EB0A0000E0002027
:10BB000000EB0A01009005984144401A0590E003BB
:10BB100006D45B462146179A059800F0B3F9054410
:10BB2000002706E001A85A46C05D179990476D1C92
:10BB30007F1C4745F6DBE0030CD55B462146179A90
:10BB4000059800F09FF9054404E030205A46179903
:10BB500090476D1C0099481E00900029F5DC08E014
:10BB6000029802995A460078491C02911799904709
:10BB70006D1CBAF10001AAF1010AF1DC65E10000D7
:10BB800009280100303132333435363738396162B3
:10BB90006364656600000000303132333435363777
:10BBA00038394142434445460000000000F058F94E
:10BBB0000544761C307800287FF4ECAD19B0284697
:10BBC000BDE8F08F620700D4062709F1070222F0D2
:10BBD000070CFCE80223E14603F000485FEA080C8A
:10BBE00002D00FF2702C0DE05FEA045C02D50FF278
:10BBF000682C07E05FEAC47C02D00FF2602C01E001
:10BC0000AFF2700C4FF0FF3823F00043CDF850C076
:10BC100065280CD006DC452809D046281DD04728C9
:10BC20003DD13DE0662818D067287ED138E000215C
:10BC3000112F01DB112000E0781CCDE9000106A9DD
:10BC40000EA8FFF7DDFCDDE90F010E9A039100213C
:10BC5000009207F1010A04914DE04FF00040009777
:10BC6000CDE9011006A90EA8FFF7CAFCDDE90F0215
:10BC700003920E9B11990022DDF80CA00093049210
:10BC800011B9791C00EB010AB7EB0A0004D4C0F12A
:10BC9000FF3007F1010A0490AAEB0700019044E08D
:10BCA000012F00DA01270021112F01DD112000E012
:10BCB0003846CDE9000106A90EA8FFF7A1FCDDE991
:10BCC0000F010E9A0391002104910092BA462107B8
:10BCD0000CD40399514500DA8A46BAF1010F05DD0B
:10BCE000009AAAF10101515C302908D0B84202DA69
:10BCF00010F1040F06DA0121CDE9011015E0AAF1D7
:10BD00000101E9E7002805DC049901440491AAEB4C
:10BD1000000102E0411C514500DD8A460499401AA9
:10BD2000401C01904FF000400290200704D401987D
:10BD3000504501DBCDF8048000208DF84F000298BB
:10BD40000DF14F07B0F1004F25D02B200E90029837
:10BD50004FF0020800280CDA404202902D200E908D
:10BD600007E00A210298E6F762FE3031029007F8F8
:10BD7000011DB8F10001A8F10108F2DC02980028C9
:10BD8000EFD1791E0E980870307800F0200040F056
:10BD9000450007F8020D12A8C01B00F1070814980F
:10BDA000007800B1012000EB0A01019801EBE0717D
:10BDB00005984144401A401E0590E00306D45B46B6
:10BDC0002146179A059800F05DF80544149800780C
:10BDD00018B15A46179990476D1CE00324D55B466D
:10BDE0002146179A059800F04DF805441CE0049888
:10BDF000002807DBDDE90301884203DD0098405C91
:10BE0000179901E0179930205A469047049805F198
:10BE10000105401C04900198401E019004D12E2081
:10BE20005A46179990476D1CBAF10001AAF1010A10
:10BE3000DDDC05E017F8010B5A46179990476D1C99
:10BE4000B8F10001A8F10108F4DC5B462146179A1D
:10BE50000598ABE62D0000002B000000200000003C
:10BE60002DE9F041044600251E461746880404D4F7
:10BE700005E039462020B0476D1C641EF9D52846E0
:10BE8000BDE8F0812DE9F041044600251E469046AC
:10BE9000C80301D5302700E02027880404D505E039
:10BEA00041463846B0476D1C641EF9D52846BDE8AA
:10BEB000F0814A68002A06D00A68531C0B60107093
:10BEC0004868401E486070470A68531C0B60107039
:10BED000704782B0CDE9000121F0004001909DED56
:10BEE000000B02B051EC100B704700B541EC100B89
:10BEF0002DED028B83B0B1EEC08B18EE100A18EE58
:10BF0000901A8DED008B002818BF0120084320F007
:10BF10000040C0F17F6000F1E040C00F14D010EE8F
:10BF2000101A10EE900A8DED000B002918BF0121A8
:10BF3000084320F00040C0F17F6000F1E040C00FF6
:10BF400004BF0120FFF756FB51EC180B03B0BDEC0A
:10BF5000028B00BD10B500EE100A2DED028BB1EE84
:10BF6000C08A18EE100A20F00040C0F1FF40C00F58
:10BF70000AD010EE100A20F00040C0F1FF40C00FC0
:10BF800004BF0120FFF736FB18EE100ABDEC028B50
:10BF900010BD000000000000000000000000F03FA5
:10BFA000000000000000F83F00000000000000005A
:10BFB0000000004003B8E23F000000000000000065
:10BFC00006D0CF43EBFD4C3E033333333333E33FF3
:10BFD000FFAB6FDBB66DDB3F4D268F515555D53F1F
:10BFE00001411DA96074D13F65DBC9934A86CD3FED
:10BFF000EF4E454A287ECA3F3E5555555555C53FDB
:10C0000093BDBE166CC166BF2CDE25AF6A56113FCC
:10C01000F16BD2C541BDBBBED0A4BE726937663ECE
:10C020000000000000000000EC51383E9A99193ED3
:10C0300000000000000000000000C8420000344280
:10C040000AD7233D00009041000000000000003F9F
:10C0500000007AC400007A440000C8428FC2753DD7
:10C0600040787D0180F0FA0200E1F5054059730740
:10C07000640000000000000000000000000000005C
:10C08000002F000000000700070000147F147F1439
:10C0900000242A7F2A1200626408132300364955BF
:10C0A000225000000503000000001C224100000097
:10C0B00041221C000014083E08140008083E08082D
:10C0C000000000A060000008080808080000606088
:10C0D0000000402010080402003E5149453E000087
:10C0E000427F4000004261514946002141454B31A9
:10C0F000001814127F10002745454539003C4A4975
:10C1000049300001710905030036494949360006E6
:10C110004949291E0000363600000000563600004E
:10C1200000081422410000141414141400004122C9
:10C13000140800020151090600324959513E007CA1
:10C140001211127C007F49494936003E414141228B
:10C15000007F4141221C007F49494941007F090974
:10C160000901003E4149497A007F0808087F000024
:10C17000417F4100002040413F01007F08142241DF
:10C18000007F40404040007F020C027F007F040897
:10C19000107F003E4141413E007F09090906003EF3
:10C1A0004151215E007F091929460046494949311C
:10C1B0000001017F0101003F4040403F001F20403F
:10C1C000201F003F4038403F0063140814630007FD
:10C1D0000870080700615149454300007F41410054
:10C1E000020408102040000041417F0000040201C9
:10C1F00002040040404040400000010204000020D2
:10C2000054545478007F484444380038444444200F
:10C2100000384444487F00385454541800087E09BC
:10C2200001020018A4A4A47C007F08040478000084
:10C23000447D4000004080847D00007F1028440041
:10C240000000417F4000007C04180478007C080452
:10C25000047800384444443800FC2424241800188E
:10C26000242418FC007C080404080048545454207A
:10C2700000043F444020003C4040207C001C204003
:10C28000201C003C4030403C004428102844001C46
:10C29000A0A0A07C004464544C441414141414143E
:10C2A000000000000000000000000000000000008E
:10C2B000000000F800000000000000333000000023
:10C2C00000100C06100C060000000000000000002A
:10C2D00040C07840C0784000043F04043F0404009C
:10C2E000007088FC08300000001820FF211E0000AC
:10C2F000F008F000E018000000211C031E211E00C1
:10C3000000F00888700000001E2123241927211046
:10C3100010160E00000000000000000000000000E9
:10C32000000000E018040200000000071820400090
:10C3300000020418E0000000004020180700000080
:10C34000404080F0804040000202010F01020200E4
:10C35000000000F0000000000101011F01010100C8
:10C36000000000000000000080B07000000000002D
:10C3700000000000000000000001010101010101B6
:10C38000000000000000000000303000000000004D
:10C390000000000080601804006018060100000022
:10C3A00000E010080810E000000F102020100F001F
:10C3B000001010F8000000000020203F20200000A6
:10C3C00000700808088870000030282422213000FE
:10C3D00000300888884830000018202020110E0006
:10C3E0000000C02010F8000000070424243F2400AF
:10C3F00000F80888880808000019212020110E0084
:10C4000000E0108888180000000F112020110E0095
:10C4100000380808C83808000000003F000000008D
:10C420000070880808887000001C222121221C004E
:10C4300000E010080810E0000000312222110F0077
:10C44000000000C0C000000000000030300000000C
:10C45000000000800000000000008060000000007C
:10C460000000804020100800000102040810200095
:10C4700040404040404040000404040404040400E0
:10C480000008102040800000002010080402010075
:10C49000007048080808F000000000303601000075
:10C4A000C030C828E810E0000718272423140B0028
:10C4B0000000C038E0000000203C230202273820A2
:10C4C00008F8888888700000203F202020110E0086
:10C4D000C03008080808380007182020201008007D
:10C4E00008F808080810E000203F202020100F0066
:10C4F00008F88888E8081000203F20202320180032
:10C5000008F88888E8081000203F20000300000099
:10C51000C03008080838000007182020221E02003A
:10C5200008F808000008F808203F210101213F20F9
:10C53000000808F8080800000020203F2020000024
:10C5400000000808F8080800C08080807F00000014
:10C5500008F888C028180800203F2001263820004D
:10C5600008F8080000000000203F202020203000B4
:10C5700008F8F800F8F80800203F003F003F2000CE
:10C5800008F830C00008F808203F200007183F00D6
:10C59000E01008080810E0000F10202020100F0005
:10C5A00008F808080808F000203F210101010000F8
:10C5B000E01008080810E0000F18242438504F003D
:10C5C00008F8888888887000203F2000030C3020FD
:10C5D00000708808080838000038202121221C003B
:10C5E000180808F8080818000000203F2000000084
:10C5F00008F808000008F808001F202020201F006D
:10C600000878880000C83808000007380E010000CC
:10C61000F80800F80008F800033C0700073C030096
:10C62000081868808068180820302C03032C3020FC
:10C630000838C800C83808000000203F200000006B
:10C6400010080808C83808002038262120201800C3
:10C65000000000FE020202000000007F4040400097
:10C66000000C30C000000000000000010638C000CF
:10C6700000020202FE000000004040407F00000077
:10C68000000004020202040000000000000000009C
:10C69000000000000000000080808080808080809A
:10C6A0000002020400000000000000000000000082
:10C6B00000008080808000000019242222223F2078
:10C6C00008F8008080000000003F112020110E00BB
:10C6D0000000008080800000000E1120202011004A
:10C6E000000000808088F800000E112020103F20FC
:10C6F0000000808080800000001F22222222130080
:10C70000008080F0888888180020203F20200000CA
:10C710000000808080808000006B9494949360007F
:10C7200008F8008080800000203F210000203F208A
:10C7300000809898000000000020203F202000008A
:10C74000000000809898000000C08080807F00007A
:10C7500008F8000080808000203F24022D30200057
:10C76000000808F8000000000020203F2020000002
:10C770008080808080808000203F20003F20003F1C
:10C780008080008080800000203F210000203F202A
:10C790000000808080800000001F202020201F00DB
:10C7A000808000808000000080FFA12020110E000A
:10C7B0000000008080808000000E112020A0FF80FB
:10C7C000808080008080800020203F2120000100A8
:10C7D00000008080808080000033242424241900FD
:10C7E000008080E0808000000000001F202000000A
:10C7F0008080000000808000001F202020103F204B
:10C80000808080000080808000010E3008060100DA
:10C8100080800080008080800F300C030C300F007F
:10C8200000808000808080000020312E0E312000AA
:10C83000808080000080808080818E7018060100DA
:10C8400000808080808080000021302C22213000F8
:10C8500000000000807C020200000000003F404019
:10C8600000000000FF00000000000000FF000000CA
:10C870000002027C800000000040403F00000000F9
:10C880000006010102020404000000000000000094
:10C890005EA70180010000002EBA018001010000A6
:10C8A0003DA6018001020000BCB901800103000027
:10C8B00057A901800204000052A90180040500006C
:10C8C0005AA90180040200005FA90180050300004D
:10C8D000010204081020408000C02B4002022B00FF
:10C8E00000802D4000402D400000000000801B40D3
:10C8F00000C01B4000001C4000401C4000000C40D9
:10C9000000000042004000420080004200C000429F
:10C9100000801C40FFFF1A011E001A020C031E01BA
:10C920000000000000C01E4000001F40FFFF140177
:10C93000180000000000000000403940008039402D
:10C9400000C0394000003A40FFFF0001020104012D
:10C950000601000000000000004018400080184060
:10C9600000C01840000019400040194000801940E4
:10C9700000C0194000001A40FFFF18051C000C0001
:10C980001801020306031A050E06000000400840C5
:10C990000C0100000000000000C03D4000003E40CF
:10C9A00000403E4000803E40FFFFFFFFFFFFFFFFD3
:10C9B00010041004100410041204120412041204CF
:10C9C000140414041404140416041604160416049F
:10C9D0000000000000C01D4000001E4000401E403E
:10C9E00000801E40FFFF1A061C061E0610060000EF
:10C9F0000000000000002C4000402C40504320313B
:10CA000039322E3136382E3133372E313A383038EC
:10CA1000300043616D65726120696E6974206661E2
:10CA2000696C65643B20636865636B204353492FE1
:10CA3000706F7765720043616D6572612072656128
:10CA40006479004445534B544F502D414D51494258
:10CA500036542037313633005443500021002D0026
:10CA600057692D4669204F4E3B2054435020636F39
:10CA70006E6E656374696E672E2E2E0043616D6560
:10CA8000726120696E697469616C697A696E672E7A
:10CA90002E2E004D54395630333420475241592000
:10CAA000313838783132300043414D4552410043EE
:10CAB00031353A4155544F204331333A576946692D
:10CAC000204331323A5243004F5645525350454568
:10CAD000440049444C450046494E2054494D4500C8
:10CAE000444F4E450057692D4669204F4E3B205418
:10CAF00043502072656164793B204331333A4F469D
:10CB00004600434F4E46494700484947480046497A
:10CB10004E495348005354414C4C00454E4320531A
:10CB200049474E0057692D4669204F46463B2043F2
:10CB300031333A4F4E0052455455524E0052554EE5
:10CB400000534552564F204741500052433A4F46FA
:10CB500046204331323A41524D2053333A53544FD9
:10CB6000500053746565723A257575732053333AD6
:10CB700053544F50004C256C642052256C64205057
:10CB80003A25752F25752053333A53544F5000459D
:10CB90004E434F4445520043454E54455200504F7A
:10CBA000574552004D4F544F5220434F4E46494730
:10CBB000204552524F5200454C454D454E54004C75
:10CBC0004F53540054494D454F5554004C4F570056
:10CBD0004E4F542052454144590052257320643A27
:10CBE000256420633A256C64206E3A256C64202508
:10CBF00063002563202573256C752E256C75727076
:10CC00006D20256C646D6D2F7320256300622D6887
:10CC10006561640057692D4669206F75747075747D
:10CC20002064697361626C65640057692D466920F0
:10CC30006E6F742073746172746564004C25732088
:10CC4000643A256420633A256C64206E3A256C644E
:10CC500000696D6167650052433A57414954204469
:10CC60006F776E3D53544F5020746F20656E616234
:10CC70006C65006D6964646C650057692D46693A9E
:10CC800020636865636B206E6574776F726B2063D9
:10CC90006F6E6669670057692D4669204F4E3B20CD
:10CCA000696E697469616C697A696E672F72656310
:10CCB0006F6E6E656374696E6700436865636B20B1
:10CCC0006D6F746F725F746573745F636F6E6669A6
:10CCD000672E68004155544F3A2573205125752021
:10CCE0005A257520256C756D6D00756E6B6E6F77AE
:10CCF0006E00533A25732025752075732043313516
:10CD00003A6175746F2053333A73746F7000252D38
:10CD100033392E3339730054582025732072656DD2
:10CD20003A256C753B207265636F6E6E65637400A7
:10CD3000544350206661696C65643B207761697477
:10CD4000696E6720746F207265636F6E6E656374C1
:10CD50000057692D4669206661696C65643B2077E0
:10CD6000616974696E6720746F207265636F6E6E9F
:10CD7000656374006C65667400726967687400525C
:10CD8000433A445241494E206F6C6420696E70757D
:10CD9000743B20776169740054583A256C752045BE
:10CDA0003A256C7520523A256C750052433A4F4E25
:10CDB00020543A25642F313030302052583A256CB7
:10CDC0007500446F776E005570004C6566740052B4
:10CDD00069676874000D0A66696C65202573206CAC
:10CDE000696E652025642E0D0A000D0A66696C6562
:10CDF000202573206C696E652025643A2025732EEA
:10CE00000D0A006C696E653A202564004C6F67203E
:10CE10006D65737361676500417373657274206536
:10CE200072726F720066696C653A202573006669DC
:10CE30006C653A206D646B2F2573006C69627261BA
:10CE400072792F7A665F636F6D6D6F6E2F7A665F92
:10CE5000636F6D6D6F6E5F6669666F2E63006C69E0
:10CE600062726172792F7A665F636F6D6D6F6E2F7C
:10CE70007A665F636F6D6D6F6E5F66756E63746902
:10CE80006F6E2E6300627573795368696674203C17
:10CE90003D2043434D5F4E4F5F425553595F5741CD
:10CEA0004954006C6962726172792F7A665F6472AC
:10CEB000697665722F7A665F6472697665725F6300
:10CEC00073692E63002E2F6C6962726172792F7301
:10CED000646B2F6472697665732F66736C5F636C25
:10CEE0006F636B2E68006368616E6E656C203C3DFD
:10CEF000206B4750545F4F7574707574436F6D703D
:10CF00006172655F4368616E6E656C33002E2F6CD5
:10CF10006962726172792F73646B2F6472697665CE
:10CF2000735C66736C5F6770742E68006C69627204
:10CF30006172792F7A665F6472697665722F7A669C
:10CF40005F6472697665725F656E636F6465722E89
:10CF5000630070696E203C20333255002E2F6C69BF
:10CF600062726172792F73646B2F64726976657374
:10CF70005C66736C5F6770696F2E6800636F756EB7
:10CF80007420213D203055004E554C4C20213D2031
:10CF9000636F6E666967002E2F6C696272617279C9
:10CFA0002F73646B2F6472697665735C66736C5F54
:10CFB0007069742E68006C6962726172792F7A668A
:10CFC0005F6472697665722F7A665F6472697665EE
:10CFD000725F70776D2E63006C6962726172792F77
:10CFE0007A665F6472697665722F7A665F647269C9
:10CFF0007665725F736F66745F6969632E63006C38
:10D000006962726172792F7A665F6472697665729D
:10D010002F7A665F6472697665725F7370692E63DA
:10D02000006C6962726172792F7A665F64726976E8
:10D0300065722F7A665F6472697665725F75617278
:10D04000742E63006C6962726172792F7A665F6414
:10D0500065766963652F7A665F6465766963655F87
:10D06000626C7565746F6F74685F636839313431F1
:10D070002E63006C6962726172792F7A665F6465F3
:10D08000766963652F7A665F6465766963655F6953
:10D0900070733230302E63004D543956303358207F
:10D0A00067657420636F6E666967206572726F7260
:10D0B0002E004D5439563033582073657420636FF9
:10D0C0006E666967206572726F722E006C6962729B
:10D0D0006172792F7A665F6465766963652F7A6617
:10D0E0005F6465766963655F6D7439763033782E79
:10D0F000630041542B434950534E54504346473DDF
:10D10000312C302C226E7470312E616C6979756E01
:10D110002E636F6D222C226E74702E736A74752EBE
:10D120006564752E636E220D0A0041542B434950ED
:10D13000534E5450494E54563D36300D0A0041541A
:10D140002B4349505345525645523D302C310D0A20
:10D150000041542B43574D4F44453D310D0A00418A
:10D16000542B43574D4F44453D320D0A00222C3578
:10D170002C330D0A0041542B434950434C4F534527
:10D180003D350D0A0041542B4349505354413F0D46
:10D190000A0041542B43495041504D41433F0D0A31
:10D1A0000041542B434950534E545054494D453F30
:10D1B0000D0A0041542B43495053544154453F0DEF
:10D1C0000A0041542B43495041503F0D0A0041543D
:10D1D0002B43495053454E440D0A0041542B4349BB
:10D1E00050434C4F53450D0A0041542B4357514176
:10D1F000500D0A0041542B474D520D0A0041542B4B
:10D200005253540D0A002020202020202000415499
:10D210002B434950535441525445583D2254435096
:10D22000222C220041542B4349505354415254451F
:10D23000583D22554450222C220041542B43574A3A
:10D2400041503D220041542B43575341503D220051
:10D250002B2B2B00222C00302C0041542B43495007
:10D260005345525645523D312C00380041542B4312
:10D27000495053454E443D0041542B4349504D4F76
:10D2800044453D0041542B434950434C4F53453D89
:10D290000041542B43495053454E444C3D004154AA
:10D2A0002B43574155544F434F4E4E3D0041542B55
:10D2B000554152545F4355523D0041542B43495010
:10D2C0004D55583D004F4B0025732C2025732025CC
:10D2D0007320257320257320474D54006C696272BA
:10D2E0006172792F7A665F6465766963652F7A6605
:10D2F0005F6465766963655F776966695F756172AA
:10D30000742E63007365742072756E206D6F646592
:10D31000206661696C65640073657420636F6E6676
:10D320006967206661696C656400676574206D6F6C
:10D3300064756C6520696E666F726D6174696F6E7D
:10D34000206661696C65640065786974206563684E
:10D350006F206661696C656400636C6F7365206142
:10D3600075746F20636F6E6E656374206661696C9F
:10D370006564007769666920736574206661696C0D
:10D380006564007265736574206661696C6564002C
:10D3900025337320253373202532732025387320DD
:10D3A000253473006E6F20706F727400627573792C
:10D3B000006C6962726172792F7A665F6465766962
:10D3C00063652F7A665F6465766963655F77697206
:10D3D000656C6573735F756172742E630025730DE0
:10D3E0000A25730D0A25730D0A25730D0A0056329E
:10D3F000006C6962726172792F7A665F6465766922
:10D4000063652F7A665F6465766963655F776966D1
:10D41000695F7370692E630047474100524D4300B6
:10D42000544853006C6962726172792F7A665F6446
:10D4300065766963652F7A665F6465766963655FA3
:10D44000626C65366132302E63006C6962726172A3
:10D45000792F7A665F636F6D706F6E656E74732F70
:10D460007365656B667265655F617373697374611B
:10D470006E742E63006C6962726172792F73646BD3
:10D480002F6472697665732F66736C5F636C6F636C
:10D490006B2E6300216279706173735874616C4FF5
:10D4A000736300636C6F636B536F757263654E617A
:10D4B0006D6520213D206B434C4F434B5F4E6F6E9B
:10D4C000654E616D650066616C736500696E7374AD
:10D4D000616E6365203C2041525241595F53495A65
:10D4E0004528735F63736942617365732900696ED0
:10D4F000646578203C3D2037554C006C6962726150
:10D5000072792F73646B2F6472697665732F6673FB
:10D510006C5F6373692E63004E554C4C20213D2097
:10D5200068616E646C65002873726357696474681F
:10D5300020213D203055292026262028737263574C
:10D5400069647468203C3D2033325529202626200A
:10D5500028287372635769647468202620287372C0
:10D56000635769647468202D2031552929203D3D79
:10D5700020305529002864657374576964746820E5
:10D58000213D2030552920262620286465737457B4
:10D5900069647468203C3D203332552920262620BA
:10D5A0002828646573745769647468202620286489
:10D5B0006573745769647468202D203155292920BA
:10D5C0003D3D2030552900696E7374616E6365209E
:10D5D0003C2041525241595F53495A4528735F6577
:10D5E000646D61426173657329006C696E6B65647B
:10D5F0004368616E6E656C203C202875696E7433DB
:10D60000325F742946534C5F464541545552455F3D
:10D6100045444D415F4D4F44554C455F4348414E55
:10D620004E454C006368616E6E656C203C20287529
:10D63000696E7433325F742946534C5F46454154DA
:10D640005552455F45444D415F4D4F44554C455FF4
:10D650004348414E4E454C0074636420213D204EAA
:10D66000554C4C0068616E646C6520213D204E5520
:10D670004C4C00636F6E66696720213D204E554C0F
:10D680004C007372634164647220213D204E554CFE
:10D690004C00646573744164647220213D204E55D2
:10D6A0004C4C0028636F6E6669672D3E7372634150
:10D6B0006464722025202831554C203C3C2028757C
:10D6C000696E7433325F7429636F6E6669672D3ECD
:10D6D0007372635472616E7366657253697A6529F9
:10D6E00029203D3D2030550028636F6E6669672D07
:10D6F0003E64657374416464722025202831554C62
:10D70000203C3C202875696E7433325F7429636F46
:10D710006E6669672D3E646573745472616E7366DC
:10D72000657253697A652929203D3D2030550028CE
:10D730002875696E7433325F74296E65787454632A
:10D7400064202620307831465529203D3D20305533
:10D7500000282875696E7433325F742974636420FD
:10D760002620307831465529203D3D20305500286F
:10D770002875696E7433325F7429746364506F6FF7
:10D780006C202620307831465529203D3D203055EB
:10D790000028282875696E7433325F7429287569EA
:10D7A0006E7433325F74202A297372634164647229
:10D7B00029202520737263576964746829203D3DD0
:10D7C0002030550028282875696E7433325F74291B
:10D7D0002875696E7433325F74202A296465737406
:10D7E00041646472292025206465737457696474E8
:10D7F0006829203D3D20305500287472616E7366A3
:10D800006572427974657320252062797465734569
:10D810006163685265717565737429203D3D2030E0
:10D8200055006C6962726172792F73646B2F647238
:10D83000697665732F66736C5F65646D612E630036
:10D840007374617274496E7374616E63654E756D45
:10D85000203C3D20696E7374616E636500287372AD
:10D8600063436C6F636B5F487A20213D20305529FC
:10D870002026262028737263436C6F636B5F487A9F
:10D88000203C3D20333230303030303030552900AC
:10D8900072696E674964203C202875696E74385F30
:10D8A000742946534C5F464541545552455F454E99
:10D8B00045545F494E5354414E43455F515545557C
:10D8C000456E28626173652900636F6E6669672D16
:10D8D0003E72696E674E756D203C3D202875696EFD
:10D8E00074385F742946534C5F4645415455524540
:10D8F0005F454E45545F494E5354414E43455F5139
:10D90000554555456E28626173652900696E7374CB
:10D91000616E6365203C2041525241595F53495A20
:10D920004528735F656E6574426173657329007283
:10D93000696E674964203C202875696E74385F748D
:10D940002946534C5F464541545552455F454E4527
:10D95000545F515545554500627566664366672DAF
:10D960003E72784275666653697A65416C69676E86
:10D97000203E3D20454E45545F52585F4D494E5F15
:10D9800042554646455253495A45006461746120E8
:10D99000213D204E554C4C00654572726F72537498
:10D9A0006174696320213D204E554C4C0068616EC6
:10D9B000646C652D3E727842756666416C6C6F636F
:10D9C00020213D204E554C4C0072784465736320F5
:10D9D000213D204E554C4C0068616E646C652D3EB7
:10D9E0007278427566664672656520213D204E5507
:10D9F0004C4C0072784672616D6520213D204E5579
:10DA00004C4C0068616E646C652D3E7278426452C5
:10DA1000696E675B72696E6749645D2E72784264F5
:10DA20004261736520213D204E554C4C0062756665
:10DA3000666572436F6E66696720213D204E554CC6
:10DA40004C006C656E67746820213D204E554C4C2F
:10DA5000006D61634164647220213D204E554C4C41
:10DA6000007478427566662D3E6275666665722042
:10DA7000213D204E554C4C0072784672616D6545D3
:10DA800072726F7220213D204E554C4C00616464CF
:10DA90007265737320213D204E554C4C00727846C0
:10DAA00072616D652D3E7278427566664172726173
:10DAB0007920213D204E554C4C0074784672616DA2
:10DAC000652D3E74784275666641727261792021D7
:10DAD0003D204E554C4C0068616E646C652D3E7265
:10DAE0007842756666416C6C6F63203D3D204E55F3
:10DAF0004C4C0074784672616D652D3E74784275A9
:10DB000066664E756D20213D2030550068616E645B
:10DB10006C652D3E74785265636C61696D456E610C
:10DB2000626C655B72696E6749645D006C69627204
:10DB30006172792F73646B2F6472697665732F66D7
:10DB4000736C5F656E65742E63006275666643660E
:10DB5000672D3E72784275666653697A65416C69D5
:10DB6000676E202A20627566664366672D3E72786E
:10DB700042644E756D626572203E20636F6E666909
:10DB8000672D3E72784D61784672616D654C656EA9
:10DB900000696E646578203C206D61780028284E0D
:10DBA000554C4C20213D207052784D62436F6E667B
:10DBB000696729207C7C202866616C7365203D3D67
:10DBC00020656E61626C652929002870436F6E665E
:10DBD00069672D3E6D61784D624E756D203E203037
:10DBE0005529202626202870436F6E6669672D3ED2
:10DBF0006D61784D624E756D203C3D202875696ED3
:10DC000074385F742946534C5F464541545552451C
:10DC10005F464C455843414E5F4841535F4D455325
:10DC2000534147455F4255464645525F4D41585F17
:10DC30004E554D4245526E28626173652929002870
:10DC40002870436F6E6669672D3E62697452617415
:10DC500065203C2070436F6E6669672D3E62697473
:10DC60005261746546442920262620627273292059
:10DC70007C7C20282870436F6E6669672D3E626940
:10DC80007452617465203D3D2070436F6E66696714
:10DC90002D3E62697452617465464429202626200F
:10DCA0002821627273292900704D62586665722DB1
:10DCB0003E6D62496478203C3D2028626173652D89
:10DCC0003E4D435220262043414E5F4D43525F4D0F
:10DCD00041584D425F4D41534B29006D61736B4973
:10DCE0006478203C3D2028626173652D3E4D43528F
:10DCF00020262043414E5F4D43525F4D41584D42D7
:10DD00005F4D41534B29003055203D3D2028626135
:10DD100073652D3E4D435220262043414E5F4D43B7
:10DD2000525F4D4449535F4D41534B2900284E5596
:10DD30004C4C20213D207052784669666F436F6ECF
:10DD400066696729207C7C202866616C7365203DAC
:10DD50003D20656E61626C6529006D6249647820C2
:10DD60003C202875696E74385F742946534C5F46B1
:10DD70004541545552455F464C455843414E5F48D6
:10DD800041535F4D4553534147455F4255464645D4
:10DD9000525F4D41585F4E554D4245526E2862616B
:10DDA00073652900696E7374616E6365203C204160
:10DDB000525241595F53495A4528735F666C6578E2
:10DDC00063616E4261736573290021464C45584377
:10DDD000414E5F49734D624F636375706965642896
:10DDE000626173652C206D62496478290021464C7C
:10DDF000455843414E5F49734D624F636375706987
:10DE0000656428626173652C20704D625866657286
:10DE10002D3E6D62496478290062697452617465AF
:10DE2000203C3D2062697452617465464400626919
:10DE300074526174654644203C3D204D41585F4317
:10DE4000414E46445F424954524154450062697410
:10DE500052617465203C3D204D41585F43414E4620
:10DE6000445F42495452415445006269745261749E
:10DE700065203C3D204D41585F43414E5F4249542F
:10DE8000524154450043414E5F434C4F434B5F4327
:10DE90004845434B5F4E4F5F414646454354530010
:10DEA000282873657475705F6D62202D20385529A0
:10DEB000202D20283255202A207266666E292920BE
:10DEC0003E2030550070436F6E6669672D3E626973
:10DED0007452617465203E2030550062697452614D
:10DEE00074655F427073203C3D20313030303030FB
:10DEF0003055006269745261746546445F427073C4
:10DF0000203C3D20383030303030305500287569A5
:10DF10006E7433325F74296461746153697A652069
:10DF20003C3D203355007054784672616D652D3E3E
:10DF30006C656E677468203C3D20385500705278DF
:10DF40004669666F436F6E6669672D3E6964466910
:10DF50006C7465724E756D203C3D20313238550031
:10DF60004E554C4C20213D20735F666C6578636193
:10DF70006E48616E646C655B315D004E554C4C20A3
:10DF8000213D20735F666C657863616E48616E64E5
:10DF90006C655B325D004E554C4C20213D20735F1B
:10DFA000666C657863616E48616E646C655B335D59
:10DFB000006C6962726172792F73646B2F6472698D
:10DFC0007665732F66736C5F666C657863616E2E21
:10DFD00063004E554C4C20213D20705278467261B2
:10DFE0006D65004E554C4C20213D20705478467292
:10DFF000616D65004E554C4C20213D2070436F6E85
:10E00000666967004E554C4C20213D20704D62588A
:10E01000666572004E554C4C20213D207046696665
:10E020006F5866657200286269745261746546446F
:10E030005F427073202A207175616E74756D29209E
:10E040003C3D20736F75726365436C6F636B5F4813
:10E050007A0028626974526174655F427073202A85
:10E06000207175616E74756D29203C3D20736F754C
:10E07000726365436C6F636B5F487A0028626974F2
:10E08000526174655F427073202A207175616E74ED
:10E09000756D202A204D41585F45505245534449E3
:10E0A0005629203E3D20736F75726365436C6F6324
:10E0B0006B5F487A00286269745261746546445FF8
:10E0C000427073202A207175616E74756D202A204C
:10E0D0004D41585F465052455344495629203E3DD4
:10E0E00020736F75726365436C6F636B5F487A0072
:10E0F00028626974526174655F427073202A2071CE
:10E1000075616E74756D202A204D41585F505245DF
:10E110005344495629203E3D20736F757263654311
:10E120006C6F636B5F487A00696E7374616E6365D0
:10E13000203C2041525241595F53495A4528735F50
:10E140006770696F426173657329006C69627261FF
:10E1500072792F73646B2F6472697665732F66739F
:10E160006C5F6770696F2E6300696E7374616E63B4
:10E1700065203C2041525241595F53495A4528730A
:10E180005F677074426173657329006469766964BE
:10E190006572202D203155203C3D204750545F5062
:10E1A000525F5052455343414C45525F4D41534B92
:10E1B000006C6962726172792F73646B2F6472698B
:10E1C0007665732F66736C5F6770742E63004E55AF
:10E1D0004C4C20213D20696E6974436F6E666967FF
:10E1E000006C6962726172792F73646B2F6472695B
:10E1F0007665732F66736C5F6770742E6800696E46
:10E200007374616E6365203C2041525241595F53E3
:10E21000495A4528735F6C70737069426173657306
:10E220002900735F6C7073706948616E646C655B24
:10E23000315D20213D204E554C4C00735F6C707356
:10E24000706948616E646C655B325D20213D204ED3
:10E25000554C4C00735F6C7073706948616E646CF0
:10E26000655B335D20213D204E554C4C00735F6C47
:10E270007073706948616E646C655B345D20213D2C
:10E28000204E554C4C0072784461746120213D2031
:10E290004E554C4C0074784461746120213D204EF1
:10E2A000554C4C007463725072657363616C6556B3
:10E2B000616C756520213D204E554C4C00736C619E
:10E2C0007665436F6E66696720213D204E554C4C44
:10E2D000006D6173746572436F6E66696720213DDE
:10E2E000204E554C4C007472616E7366657220212D
:10E2F0003D204E554C4C006C6962726172792F73EF
:10E30000646B2F6472697665732F66736C5F6C70D3
:10E310007370692E6300696E7374616E6365203C6F
:10E320002041525241595F53495A4528735F6C70DE
:10E33000756172744261736573290062617365204F
:10E34000213D204E554C4C004E554C4C20213D203B
:10E35000786665722D3E727844617461004E554C4A
:10E360004C20213D20786665722D3E74784461749E
:10E3700061004E554C4C20213D2064617461006C5D
:10E380006962726172792F73646B2F64726976654A
:10E39000732F66736C5F6C70756172742E63004EC0
:10E3A000554C4C20213D2069727148616E646C654A
:10E3B00000305520213D20786665722D3E646174E1
:10E3C0006153697A65002875696E74385F742946EF
:10E3D000534C5F464541545552455F4C5055415250
:10E3E000545F4649464F5F53495A456E28626173F0
:10E3F0006529203E20636F6E6669672D3E72784600
:10E4000069666F57617465726D61726B002875691A
:10E410006E74385F742946534C5F464541545552DB
:10E42000455F4C50554152545F4649464F5F5349F2
:10E430005A456E286261736529203E20636F6E66BF
:10E4400069672D3E74784669666F57617465726DB1
:10E4500061726B004E554C4C20213D2072696E67F5
:10E46000427566666572004E554C4C20213D207801
:10E47000666572003055203C20626175645261749B
:10E48000655F427073003055203C20636F6E666993
:10E49000672D3E62617564526174655F42707300FE
:10E4A0004E554C4C20213D20636F756E7400696E93
:10E4B0007374616E6365203C2041525241595F5331
:10E4C000495A4528735F7069744261736573290006
:10E4D0006C6962726172792F73646B2F64726976F2
:10E4E00065732F66736C5F7069742E6300696E7359
:10E4F00074616E6365203C2041525241595F53491B
:10E500005A4528735F70776D4261736573290064A3
:10E510007574794379636C6550657263656E7420B8
:10E520003C3D2031303055002875696E7431365FBE
:10E53000742970776D5369676E616C203C20325589
:10E54000006C6962726172792F73646B2F647269F7
:10E550007665732F66736C5F70776D2E63006E75D2
:10E560006D4F6643686E6C730063686E6C506172C9
:10E57000616D73004E554C4C20213D206661756CD9
:10E5800074496E70757446696C746572506172611D
:10E590006D73006661756C74506172616D730073A8
:10E5A0007263436C6F636B5F487A0070776D46727D
:10E5B00065715F487A00696E7374616E6365203CB3
:10E5C0002041525241595F53495A4528735F717433
:10E5D0006D724261736573290068696768436F757E
:10E5E0006E74203C3D2030784646464655006C6FA0
:10E5F00077436F756E74203C3D2030784646464622
:10E6000055006C6962726172792F73646B2F64724A
:10E61000697665732F66736C5F71746D722E63001B
:10E6200028636F6E6669672D3E6672616D6553790A
:10E630006E635769647468202D2031554C29203C45
:10E640003D20284932535F524352345F5359574457
:10E650005F4D41534B203E3E204932535F5243525F
:10E66000345F535957445F5348494654290028633F
:10E670006F6E6669672D3E6672616D6553796E6374
:10E680005769647468202D2031554C29203C3D2069
:10E69000284932535F544352345F535957445F4DB6
:10E6A00041534B203E3E204932535F544352345F26
:10E6B000535957445F53484946542900636F6E6667
:10E6C00069672D3E6669666F57617465726D617228
:10E6D0006B203C3D20284932535F544352315F54F4
:10E6E00046575F4D41534B203E3E204932535F54C5
:10E6F0004352315F5446575F534849465429006896
:10E70000616E646C652D3E6368616E6E656C4E75FE
:10E710006D73203C3D202875696E7433325F742917
:10E7200046534C5F464541545552455F5341495FFE
:10E730004348414E4E454C5F434F554E546E286200
:10E740006173652900636F6E6669672D3E6368615A
:10E750006E6E656C4E756D73203C3D202875696E3C
:10E760007433325F742946534C5F464541545552C9
:10E77000455F5341495F4348414E4E454C5F434FCF
:10E78000554E546E28626173652900696E73746119
:10E790006E6365203C2041525241595F53495A45AE
:10E7A00028735F7361694261736573290046534C36
:10E7B0005F464541545552455F5341495F43484187
:10E7C0004E4E454C5F434F554E546E286261736503
:10E7D0002920213D202D3100735F73616948616EEE
:10E7E000646C655B335D5B305D20213D204E554C94
:10E7F0004C00735F73616948616E646C655B335D87
:10E800005B315D20213D204E554C4C0073616943C6
:10E8100068616E6E656C4D61736B20213D203055D3
:10E820000064617461576F72644E756D203C3D20C9
:10E83000333255006C6962726172792F73646B2F89
:10E840006472697665732F66736C5F7361692E639A
:10E8500000736F75726365436C6F636B487A203E1B
:10E860003D20626974436C6F636B46726571004151
:10E870005353455254204552524F52202220257363
:10E8800020223A2066696C652022257322204C697B
:10E890006E652022256422200A000000000000008E
:10E8A0000000000000000000000000000000000068
:10E8B0000000000000000000000000000000000058
:10E8C0009114801B401AC00411131C401A400411FB
:10E8D0001A0C041112421A40041A80042AC0082992
:10E8E00018311BC03D081A3E2819041A8004680814
:10E8F000A4781F615501800424FFFF0113F8F0166E
:10E900004001522322190C11320232033204320523
:10E91000320632073208720959281302031A3228C4
:10E920001ABC289A78283A202812011AFF01498433
:10E930001A1D841A1E84190416801E407D24AA7094
:10E94000041B51388C1904511B40392419041AC076
:10E950000411133A402C46C323A8491C1A181C1949
:10E96000041AC004111A195019041A80041AC00498
:10E97000116B1A40D4299E01140000000000000011
:04000005700024154E
:00000001FF
